customer_id,gender,age_group,home_branch_id,joined_date
C00001,หญิง,18-24,B02,2026-03-03
C00002,ชาย,25-34,B04,2026-01-18
C00003,หญิง,18-24,B04,2025-05-04
C00004,หญิง,18-24,B05,2026-05-05
C00005,หญิง,25-34,B04,2026-07-10
C00006,ชาย,18-24,B04,2026-08-16
C00007,ชาย,45-54,B03,2026-07-17
C00008,หญิง,25-34,B01,2026-04-07
C00009,ชาย,18-24,B04,2026-01-10
C00010,หญิง,18-24,B04,2026-06-15
C00011,ไม่ระบุ,25-34,B05,2025-07-27
C00012,ชาย,25-34,B04,2025-06-28
C00013,ชาย,ต่ำกว่า 18,B03,2025-12-02
C00014,ชาย,18-24,B03,2026-04-16
C00015,หญิง,25-34,B03,2026-06-26
C00016,ชาย,18-24,B05,2026-08-11
C00017,หญิง,25-34,B04,2026-04-05
C00018,หญิง,35-44,B03,2026-02-11
C00019,หญิง,35-44,B02,2025-06-05
C00020,หญิง,25-34,B04,2025-07-03
C00021,หญิง,25-34,B03,2026-07-18
C00022,หญิง,25-34,B01,2026-02-14
C00023,ชาย,18-24,B02,2026-01-11
C00024,หญิง,55+,B01,2026-08-07
C00025,หญิง,18-24,B01,2025-05-29
C00026,หญิง,35-44,B05,2025-05-05
C00027,หญิง,18-24,B05,2025-10-08
C00028,ชาย,45-54,B01,2026-04-29
C00029,หญิง,45-54,B01,2026-05-01
C00030,หญิง,25-34,B01,2026-07-12
C00031,หญิง,45-54,B01,2026-08-08
C00032,ชาย,45-54,B05,2026-06-19
C00033,ชาย,25-34,B01,2025-05-20
C00034,ชาย,18-24,B01,2025-11-09
C00035,หญิง,55+,B04,2026-05-27
C00036,ชาย,35-44,B05,2026-09-04
C00037,ชาย,45-54,B05,2026-01-09
C00038,หญิง,ต่ำกว่า 18,B05,2026-08-07
C00039,ชาย,35-44,B04,2026-01-07
C00040,หญิง,35-44,B04,2025-06-20
C00041,ชาย,35-44,B05,2026-08-29
C00042,หญิง,55+,B05,2026-03-10
C00043,หญิง,45-54,B01,2026-04-15
C00044,ชาย,45-54,B04,2025-09-21
C00045,หญิง,25-34,B04,2025-11-21
C00046,หญิง,18-24,B05,2025-09-12
C00047,ชาย,25-34,B01,2026-03-07
C00048,หญิง,ต่ำกว่า 18,B04,2025-09-06
C00049,ชาย,25-34,B05,2026-05-30
C00050,หญิง,25-34,B01,2025-08-02
C00051,ชาย,ต่ำกว่า 18,B01,2025-06-23
C00052,หญิง,55+,B03,2026-06-17
C00053,หญิง,25-34,B05,2025-09-16
C00054,หญิง,45-54,B05,2025-10-13
C00055,หญิง,25-34,B02,2026-05-20
C00056,ชาย,25-34,B05,2025-12-22
C00057,ชาย,18-24,B05,2026-08-20
C00058,หญิง,35-44,B02,2026-03-29
C00059,หญิง,18-24,B05,2025-12-30
C00060,ชาย,45-54,B01,2025-08-20
C00061,หญิง,45-54,B02,2025-12-23
C00062,หญิง,25-34,B04,2025-04-17
C00063,หญิง,35-44,B01,2026-09-10
C00064,หญิง,18-24,B02,2026-03-25
C00065,ชาย,25-34,B05,2025-05-04
C00066,ไม่ระบุ,35-44,B01,2025-10-20
C00067,หญิง,18-24,B04,2025-07-19
C00068,หญิง,25-34,B05,2025-04-12
C00069,ชาย,55+,B05,2026-07-12
C00070,หญิง,25-34,B05,2025-08-05
C00071,ชาย,18-24,B04,2026-08-20
C00072,หญิง,25-34,B05,2025-07-31
C00073,ชาย,18-24,B01,2025-11-14
C00074,ชาย,ต่ำกว่า 18,B03,2026-07-18
C00075,ชาย,55+,B05,2026-01-20
C00076,ชาย,25-34,B05,2025-05-24
C00077,หญิง,25-34,B03,2026-03-10
C00078,ชาย,ต่ำกว่า 18,B04,2026-01-02
C00079,หญิง,25-34,B03,2025-11-26
C00080,หญิง,18-24,B02,2026-06-16
C00081,หญิง,18-24,B02,2025-05-19
C00082,ชาย,25-34,B01,2026-05-16
C00083,หญิง,45-54,B02,2025-11-09
C00084,หญิง,18-24,B01,2025-10-20
C00085,หญิง,25-34,B01,2025-07-13
C00086,ชาย,25-34,B01,2026-08-07
C00087,หญิง,25-34,B02,2026-07-01
C00088,ชาย,45-54,B03,2026-07-08
C00089,ชาย,18-24,B03,2026-05-23
C00090,ชาย,25-34,B01,2025-05-15
C00091,ชาย,45-54,B05,2026-06-17
C00092,หญิง,25-34,B04,2026-08-02
C00093,ชาย,25-34,B04,2025-09-14
C00094,ชาย,18-24,B01,2026-07-25
C00095,ชาย,25-34,B04,2026-07-25
C00096,ชาย,25-34,B04,2026-06-10
C00097,หญิง,25-34,B02,2025-04-08
C00098,ชาย,25-34,B04,2026-04-29
C00099,หญิง,18-24,B01,2026-07-08
C00100,ชาย,25-34,B03,2025-12-17
C00101,ชาย,25-34,B02,2025-08-01
C00102,หญิง,55+,B03,2026-04-09
C00103,ชาย,45-54,B03,2026-08-11
C00104,หญิง,25-34,B02,2025-06-15
C00105,ชาย,45-54,B01,2025-11-13
C00106,หญิง,25-34,B02,2025-08-12
C00107,ชาย,18-24,B04,2026-08-22
C00108,ชาย,25-34,B04,2026-03-03
C00109,ชาย,25-34,B03,2026-02-15
C00110,หญิง,18-24,B02,2026-05-18
C00111,ชาย,35-44,B05,2026-03-18
C00112,หญิง,25-34,B01,2025-09-24
C00113,ชาย,55+,B04,2026-06-16
C00114,หญิง,35-44,B02,2025-06-21
C00115,หญิง,55+,B01,2025-10-20
C00116,หญิง,25-34,B02,2026-09-02
C00117,หญิง,25-34,B04,2026-07-11
C00118,หญิง,55+,B05,2025-07-17
C00119,หญิง,45-54,B05,2026-03-04
C00120,หญิง,18-24,B05,2025-04-28
C00121,ชาย,25-34,B05,2025-11-16
C00122,ชาย,35-44,B03,2026-01-08
C00123,หญิง,25-34,B01,2025-11-22
C00124,หญิง,ต่ำกว่า 18,B01,2025-07-02
C00125,หญิง,55+,B05,2025-09-23
C00126,หญิง,25-34,B02,2026-03-09
C00127,ชาย,18-24,B05,2025-07-28
C00128,ชาย,35-44,B02,2026-06-30
C00129,หญิง,35-44,B01,2025-07-10
C00130,หญิง,25-34,B02,2026-01-31
C00131,ชาย,35-44,B01,2025-09-15
C00132,ชาย,18-24,B01,2026-07-03
C00133,ชาย,35-44,B02,2025-06-08
C00134,ชาย,25-34,B05,2026-02-21
C00135,หญิง,18-24,B05,2025-04-28
C00136,ชาย,ต่ำกว่า 18,B04,2025-05-28
C00137,ชาย,25-34,B04,2026-01-24
C00138,ชาย,18-24,B04,2025-10-15
C00139,หญิง,25-34,B04,2025-04-06
C00140,ชาย,25-34,B02,2026-09-01
C00141,ชาย,35-44,B05,2025-09-10
C00142,หญิง,25-34,B05,2025-12-14
C00143,หญิง,25-34,B05,2025-08-29
C00144,หญิง,25-34,B02,2025-06-13
C00145,ไม่ระบุ,35-44,B02,2026-02-20
C00146,หญิง,25-34,B05,2025-05-16
C00147,หญิง,25-34,B05,2026-03-05
C00148,หญิง,25-34,B05,2026-02-26
C00149,หญิง,18-24,B03,2026-07-23
C00150,หญิง,45-54,B01,2026-07-05
C00151,ชาย,45-54,B03,2026-08-30
C00152,หญิง,18-24,B01,2026-03-25
C00153,ชาย,35-44,B05,2025-08-10
C00154,หญิง,18-24,B05,2026-07-26
C00155,ชาย,25-34,B03,2026-05-03
C00156,หญิง,55+,B04,2025-11-02
C00157,ชาย,35-44,B01,2026-04-27
C00158,หญิง,25-34,B01,2025-07-08
C00159,หญิง,25-34,B05,2025-04-21
C00160,ชาย,55+,B05,2025-11-13
C00161,หญิง,25-34,B05,2026-02-11
C00162,หญิง,25-34,B01,2026-02-06
C00163,หญิง,25-34,B01,2026-02-05
C00164,ชาย,35-44,B04,2025-11-09
C00165,หญิง,18-24,B04,2025-07-27
C00166,หญิง,18-24,B02,2026-08-13
C00167,ไม่ระบุ,25-34,B02,2026-06-30
C00168,หญิง,18-24,B03,2026-03-07
C00169,หญิง,25-34,B01,2026-07-29
C00170,หญิง,35-44,B02,2025-08-15
C00171,หญิง,18-24,B03,2026-07-07
C00172,หญิง,18-24,B01,2025-07-26
C00173,ชาย,35-44,B01,2026-08-04
C00174,ชาย,25-34,B03,2026-07-26
C00175,ชาย,25-34,B01,2025-10-18
C00176,หญิง,45-54,B02,2026-02-02
C00177,ชาย,25-34,B01,2026-02-28
C00178,หญิง,18-24,B04,2026-02-09
C00179,ชาย,18-24,B02,2025-12-06
C00180,หญิง,25-34,B01,2025-09-30
C00181,ชาย,25-34,B05,2026-02-06
C00182,ชาย,18-24,B01,2026-02-04
C00183,ชาย,18-24,B05,2025-04-27
C00184,ไม่ระบุ,18-24,B02,2025-08-31
C00185,หญิง,45-54,B04,2026-02-12
C00186,ชาย,35-44,B05,2025-04-06
C00187,ชาย,45-54,B02,2025-10-12
C00188,หญิง,35-44,B03,2026-07-16
C00189,ชาย,35-44,B01,2026-05-13
C00190,หญิง,55+,B05,2026-03-19
C00191,หญิง,35-44,B01,2026-03-29
C00192,หญิง,18-24,B05,2025-11-18
C00193,หญิง,18-24,B03,2026-02-14
C00194,ชาย,35-44,B05,2025-10-01
C00195,ชาย,55+,B04,2026-03-07
C00196,หญิง,25-34,B04,2025-12-07
C00197,ชาย,25-34,B04,2026-05-05
C00198,หญิง,18-24,B01,2026-08-16
C00199,หญิง,25-34,B03,2026-07-08
C00200,หญิง,18-24,B01,2025-07-15
C00201,ชาย,18-24,B01,2026-04-09
C00202,ชาย,35-44,B02,2026-04-29
C00203,หญิง,25-34,B02,2026-01-26
C00204,ชาย,35-44,B05,2026-04-07
C00205,ชาย,25-34,B01,2026-01-06
C00206,ชาย,45-54,B01,2026-04-24
C00207,หญิง,18-24,B05,2026-08-27
C00208,หญิง,18-24,B03,2026-03-01
C00209,ชาย,18-24,B01,2025-07-23
C00210,ชาย,18-24,B01,2025-05-16
C00211,หญิง,35-44,B05,2025-12-22
C00212,หญิง,55+,B01,2026-04-20
C00213,หญิง,25-34,B02,2026-01-13
C00214,หญิง,18-24,B05,2026-03-26
C00215,หญิง,ต่ำกว่า 18,B05,2026-07-29
C00216,หญิง,35-44,B05,2026-08-14
C00217,หญิง,18-24,B01,2025-11-11
C00218,ชาย,35-44,B01,2026-06-26
C00219,ชาย,18-24,B05,2026-05-05
C00220,หญิง,35-44,B05,2026-04-03
C00221,หญิง,25-34,B02,2026-07-22
C00222,หญิง,25-34,B01,2025-10-31
C00223,ชาย,18-24,B01,2025-11-28
C00224,หญิง,25-34,B04,2026-03-17
C00225,หญิง,35-44,B02,2026-07-14
C00226,หญิง,ต่ำกว่า 18,B05,2025-12-11
C00227,ชาย,18-24,B02,2026-06-09
C00228,ไม่ระบุ,35-44,B03,2026-04-03
C00229,หญิง,18-24,B03,2025-12-25
C00230,ชาย,35-44,B02,2025-11-18
C00231,หญิง,25-34,B02,2026-07-27
C00232,หญิง,35-44,B03,2026-05-20
C00233,ชาย,45-54,B05,2025-06-24
C00234,ชาย,18-24,B05,2025-10-25
C00235,หญิง,45-54,B02,2026-01-12
C00236,หญิง,45-54,B04,2025-05-15
C00237,หญิง,25-34,B05,2026-06-06
C00238,ชาย,18-24,B01,2025-12-04
C00239,หญิง,35-44,B03,2026-08-30
C00240,หญิง,25-34,B05,2025-08-26
C00241,ชาย,25-34,B04,2025-04-05
C00242,ชาย,18-24,B04,2025-11-12
C00243,ไม่ระบุ,25-34,B03,2026-09-12
C00244,หญิง,18-24,B02,2025-10-24
C00245,หญิง,25-34,B01,2025-08-12
C00246,หญิง,18-24,B04,2026-05-14
C00247,หญิง,35-44,B03,2026-07-28
C00248,หญิง,25-34,B04,2026-09-05
C00249,หญิง,18-24,B01,2025-09-21
C00250,หญิง,25-34,B05,2025-07-15
C00251,ไม่ระบุ,18-24,B01,2025-08-16
C00252,หญิง,18-24,B01,2025-08-20
C00253,หญิง,25-34,B03,2026-01-28
C00254,ชาย,18-24,B04,2025-05-09
C00255,ชาย,25-34,B03,2026-01-04
C00256,ชาย,25-34,B01,2026-06-08
C00257,หญิง,25-34,B02,2025-07-08
C00258,ชาย,25-34,B05,2025-11-04
C00259,ไม่ระบุ,45-54,B01,2026-06-24
C00260,หญิง,55+,B01,2025-05-07
C00261,ไม่ระบุ,18-24,B02,2025-12-15
C00262,หญิง,25-34,B01,2026-07-15
C00263,หญิง,ต่ำกว่า 18,B04,2026-01-03
C00264,ชาย,25-34,B03,2026-04-06
C00265,ชาย,25-34,B03,2026-01-08
C00266,หญิง,ต่ำกว่า 18,B03,2026-08-21
C00267,หญิง,45-54,B03,2026-04-26
C00268,หญิง,25-34,B04,2025-07-15
C00269,ชาย,25-34,B01,2026-04-24
C00270,หญิง,35-44,B04,2025-12-04
C00271,หญิง,25-34,B05,2025-05-29
C00272,ชาย,45-54,B01,2025-07-26
C00273,ไม่ระบุ,18-24,B01,2025-11-21
C00274,ชาย,ต่ำกว่า 18,B01,2026-02-04
C00275,หญิง,18-24,B01,2026-06-19
C00276,ชาย,25-34,B01,2026-08-14
C00277,หญิง,25-34,B02,2026-03-03
C00278,หญิง,18-24,B02,2026-04-26
C00279,หญิง,18-24,B01,2026-08-09
C00280,หญิง,25-34,B05,2025-10-07
C00281,ชาย,45-54,B02,2025-08-09
C00282,หญิง,18-24,B04,2026-01-17
C00283,หญิง,25-34,B02,2025-08-25
C00284,ชาย,45-54,B02,2025-07-01
C00285,ชาย,35-44,B01,2026-02-04
C00286,ชาย,25-34,B02,2025-12-03
C00287,ชาย,35-44,B02,2026-09-08
C00288,ไม่ระบุ,25-34,B02,2026-01-26
C00289,หญิง,35-44,B03,2026-02-26
C00290,ชาย,18-24,B01,2026-08-13
C00291,หญิง,18-24,B04,2025-08-28
C00292,หญิง,25-34,B01,2026-05-12
C00293,ชาย,35-44,B03,2026-02-19
C00294,หญิง,45-54,B02,2026-05-27
C00295,ชาย,25-34,B02,2025-11-13
C00296,หญิง,25-34,B01,2025-12-14
C00297,หญิง,55+,B04,2025-06-22
C00298,หญิง,45-54,B01,2025-11-19
C00299,หญิง,25-34,B04,2026-07-02
C00300,ชาย,25-34,B02,2025-09-25
C00301,ชาย,18-24,B01,2025-06-03
C00302,หญิง,25-34,B01,2025-04-28
C00303,หญิง,18-24,B02,2026-03-17
C00304,หญิง,18-24,B04,2025-09-02
C00305,หญิง,25-34,B02,2025-06-15
C00306,หญิง,25-34,B02,2025-07-17
C00307,ชาย,18-24,B04,2026-04-28
C00308,หญิง,25-34,B01,2026-01-05
C00309,หญิง,25-34,B05,2025-04-24
C00310,หญิง,55+,B01,2026-03-23
C00311,หญิง,18-24,B04,2025-07-29
C00312,ชาย,18-24,B04,2026-06-05
C00313,หญิง,45-54,B02,2026-06-17
C00314,ชาย,25-34,B04,2025-12-10
C00315,ชาย,18-24,B03,2026-07-28
C00316,หญิง,35-44,B05,2026-08-19
C00317,หญิง,45-54,B02,2026-02-23
C00318,หญิง,18-24,B03,2026-03-23
C00319,หญิง,45-54,B04,2026-05-14
C00320,หญิง,25-34,B01,2026-04-12
C00321,ชาย,35-44,B01,2025-12-22
C00322,ชาย,45-54,B01,2025-05-18
C00323,หญิง,18-24,B04,2026-08-07
C00324,ชาย,25-34,B05,2025-07-24
C00325,หญิง,25-34,B02,2025-06-10
C00326,ชาย,25-34,B04,2026-01-26
C00327,หญิง,18-24,B01,2026-06-27
C00328,หญิง,18-24,B03,2026-01-01
C00329,ชาย,18-24,B05,2026-04-22
C00330,ชาย,18-24,B04,2026-05-21
C00331,หญิง,35-44,B05,2026-08-18
C00332,ชาย,25-34,B01,2025-11-16
C00333,หญิง,18-24,B02,2025-05-15
C00334,ชาย,18-24,B05,2025-06-11
C00335,ชาย,25-34,B02,2026-03-08
C00336,หญิง,35-44,B05,2026-05-15
C00337,ชาย,18-24,B01,2025-12-01
C00338,หญิง,25-34,B03,2026-07-19
C00339,ไม่ระบุ,25-34,B03,2025-11-06
C00340,ชาย,35-44,B02,2025-05-10
C00341,ชาย,18-24,B04,2026-03-31
C00342,ชาย,25-34,B01,2025-08-26
C00343,หญิง,25-34,B01,2026-02-09
C00344,ชาย,25-34,B04,2026-04-15
C00345,ชาย,35-44,B01,2025-12-24
C00346,หญิง,25-34,B02,2026-06-01
C00347,หญิง,25-34,B04,2026-01-23
C00348,หญิง,25-34,B05,2025-06-15
C00349,หญิง,45-54,B04,2026-04-10
C00350,ชาย,18-24,B02,2026-08-14
C00351,หญิง,35-44,B05,2026-03-30
C00352,ชาย,25-34,B02,2026-08-02
C00353,หญิง,25-34,B05,2025-07-09
C00354,หญิง,35-44,B02,2025-08-11
C00355,หญิง,45-54,B02,2025-06-01
C00356,ชาย,25-34,B03,2026-06-09
C00357,หญิง,45-54,B05,2025-11-12
C00358,หญิง,18-24,B04,2026-05-23
C00359,หญิง,18-24,B01,2026-07-25
C00360,หญิง,25-34,B01,2025-07-08
C00361,ชาย,25-34,B04,2026-02-24
C00362,หญิง,18-24,B01,2026-04-19
C00363,ชาย,45-54,B01,2026-07-20
C00364,ชาย,45-54,B02,2026-08-10
C00365,ชาย,25-34,B05,2025-07-19
C00366,หญิง,25-34,B02,2026-02-03
C00367,ชาย,18-24,B02,2025-04-11
C00368,หญิง,45-54,B04,2026-04-19
C00369,ไม่ระบุ,55+,B05,2025-07-30
C00370,หญิง,35-44,B05,2025-09-06
C00371,หญิง,25-34,B04,2025-12-19
C00372,หญิง,18-24,B05,2026-04-28
C00373,ชาย,25-34,B01,2025-12-16
C00374,หญิง,18-24,B02,2025-04-09
C00375,ไม่ระบุ,45-54,B03,2025-12-08
C00376,หญิง,18-24,B01,2025-06-10
C00377,ชาย,ต่ำกว่า 18,B03,2026-08-31
C00378,หญิง,ต่ำกว่า 18,B05,2025-07-22
C00379,หญิง,25-34,B03,2026-08-03
C00380,ชาย,25-34,B01,2025-11-28
C00381,หญิง,25-34,B04,2025-10-16
C00382,หญิง,25-34,B03,2026-05-31
C00383,หญิง,18-24,B03,2026-03-16
C00384,หญิง,25-34,B04,2025-05-26
C00385,หญิง,18-24,B01,2026-03-25
C00386,หญิง,45-54,B01,2025-12-10
C00387,หญิง,45-54,B04,2026-08-26
C00388,ชาย,25-34,B02,2026-03-06
C00389,ชาย,35-44,B03,2026-05-25
C00390,หญิง,18-24,B05,2025-12-04
C00391,ชาย,18-24,B01,2025-09-20
C00392,หญิง,18-24,B05,2026-03-01
C00393,ชาย,25-34,B04,2025-11-07
C00394,หญิง,18-24,B05,2026-05-31
C00395,ชาย,45-54,B01,2025-10-21
C00396,ชาย,35-44,B01,2025-06-12
C00397,หญิง,55+,B02,2025-09-20
C00398,ชาย,55+,B05,2026-07-11
C00399,ชาย,25-34,B01,2026-08-08
C00400,ชาย,35-44,B01,2026-06-15
C00401,หญิง,35-44,B01,2025-11-29
C00402,หญิง,18-24,B02,2025-07-20
C00403,หญิง,25-34,B01,2026-04-28
C00404,หญิง,18-24,B04,2025-12-15
C00405,หญิง,18-24,B03,2026-03-17
C00406,ชาย,35-44,B02,2026-02-01
C00407,หญิง,25-34,B01,2025-12-25
C00408,ชาย,25-34,B01,2026-03-09
C00409,หญิง,25-34,B02,2025-09-04
C00410,ชาย,18-24,B01,2025-11-22
C00411,หญิง,25-34,B02,2025-06-12
C00412,ชาย,25-34,B03,2026-01-26
C00413,ชาย,18-24,B03,2026-02-06
C00414,ชาย,45-54,B04,2026-08-23
C00415,หญิง,45-54,B03,2026-02-12
C00416,หญิง,25-34,B04,2025-09-07
C00417,ชาย,18-24,B04,2026-08-07
C00418,ชาย,18-24,B01,2025-08-21
C00419,หญิง,25-34,B01,2026-05-13
C00420,ชาย,35-44,B03,2026-04-11
C00421,หญิง,18-24,B01,2025-12-10
C00422,หญิง,55+,B01,2026-03-04
C00423,ชาย,25-34,B01,2026-01-25
C00424,ชาย,45-54,B04,2026-05-14
C00425,หญิง,45-54,B02,2026-09-09
C00426,หญิง,35-44,B01,2026-04-20
C00427,หญิง,18-24,B03,2025-12-20
C00428,หญิง,35-44,B02,2025-10-23
C00429,ชาย,25-34,B02,2025-12-20
C00430,ชาย,25-34,B04,2025-07-22
C00431,ชาย,25-34,B03,2026-05-09
C00432,หญิง,ต่ำกว่า 18,B01,2025-06-16
C00433,หญิง,25-34,B02,2025-06-12
C00434,ชาย,18-24,B02,2026-01-20
C00435,หญิง,45-54,B05,2025-08-08
C00436,หญิง,18-24,B01,2025-05-04
C00437,ชาย,ต่ำกว่า 18,B03,2026-02-13
C00438,หญิง,25-34,B01,2026-06-30
C00439,หญิง,35-44,B05,2025-08-08
C00440,หญิง,55+,B01,2026-06-25
C00441,ชาย,25-34,B05,2025-12-18
C00442,หญิง,25-34,B04,2026-07-25
C00443,ชาย,18-24,B05,2025-06-14
C00444,หญิง,55+,B02,2026-04-14
C00445,หญิง,18-24,B02,2026-08-18
C00446,หญิง,ต่ำกว่า 18,B05,2025-12-05
C00447,ชาย,ต่ำกว่า 18,B02,2025-04-18
C00448,หญิง,35-44,B01,2026-01-25
C00449,ชาย,18-24,B04,2026-03-03
C00450,ชาย,45-54,B02,2025-07-23
C00451,ไม่ระบุ,35-44,B02,2026-06-20
C00452,หญิง,35-44,B03,2026-02-04
C00453,หญิง,18-24,B02,2026-01-15
C00454,ชาย,35-44,B04,2025-09-26
C00455,หญิง,55+,B05,2025-08-25
C00456,หญิง,45-54,B05,2026-01-01
C00457,ชาย,18-24,B02,2025-04-18
C00458,ชาย,18-24,B04,2026-06-09
C00459,หญิง,25-34,B02,2026-04-18
C00460,หญิง,18-24,B03,2026-08-26
C00461,ชาย,ต่ำกว่า 18,B01,2025-08-22
C00462,ชาย,18-24,B05,2026-05-10
C00463,ชาย,25-34,B02,2026-04-20
C00464,หญิง,35-44,B02,2026-05-14
C00465,หญิง,18-24,B05,2025-06-03
C00466,หญิง,18-24,B03,2026-08-14
C00467,หญิง,18-24,B04,2026-05-31
C00468,ชาย,35-44,B05,2025-10-01
C00469,หญิง,18-24,B01,2025-11-14
C00470,หญิง,18-24,B03,2026-04-19
C00471,หญิง,45-54,B05,2025-12-01
C00472,ชาย,35-44,B01,2026-08-04
C00473,หญิง,18-24,B03,2026-05-15
C00474,ชาย,18-24,B01,2026-07-01
C00475,หญิง,55+,B03,2026-07-14
C00476,ชาย,18-24,B02,2025-10-20
C00477,ชาย,35-44,B01,2025-12-13
C00478,ชาย,25-34,B02,2026-06-08
C00479,หญิง,35-44,B03,2026-08-02
C00480,ชาย,25-34,B02,2025-09-21
C00481,หญิง,25-34,B01,2026-06-12
C00482,หญิง,18-24,B01,2025-11-28
C00483,หญิง,35-44,B01,2025-10-03
C00484,หญิง,55+,B04,2026-09-06
C00485,หญิง,25-34,B05,2025-05-29
C00486,ชาย,25-34,B04,2026-08-04
C00487,หญิง,35-44,B05,2026-04-14
C00488,หญิง,35-44,B01,2026-09-09
C00489,ชาย,35-44,B04,2025-11-25
C00490,หญิง,18-24,B05,2026-02-23
C00491,ชาย,45-54,B05,2025-04-10
C00492,หญิง,45-54,B01,2025-07-15
C00493,ชาย,35-44,B01,2025-09-05
C00494,ชาย,ต่ำกว่า 18,B02,2025-11-08
C00495,ชาย,25-34,B01,2026-08-12
C00496,ชาย,25-34,B05,2026-07-01
C00497,ชาย,45-54,B01,2026-05-07
C00498,หญิง,25-34,B03,2026-01-12
C00499,หญิง,25-34,B05,2026-07-12
C00500,หญิง,25-34,B05,2025-06-30
C00501,ชาย,18-24,B03,2025-12-24
C00502,หญิง,55+,B02,2026-03-29
C00503,ชาย,35-44,B03,2025-11-15
C00504,หญิง,35-44,B01,2025-08-10
C00505,หญิง,25-34,B01,2026-04-21
C00506,หญิง,18-24,B04,2025-04-15
C00507,หญิง,35-44,B01,2026-07-28
C00508,หญิง,18-24,B01,2025-05-31
C00509,หญิง,18-24,B05,2025-06-02
C00510,ชาย,25-34,B01,2026-08-27
C00511,หญิง,25-34,B04,2025-07-28
C00512,หญิง,25-34,B01,2025-10-14
C00513,ไม่ระบุ,45-54,B03,2026-05-30
C00514,หญิง,25-34,B01,2025-09-24
C00515,หญิง,35-44,B03,2026-02-19
C00516,ไม่ระบุ,25-34,B03,2026-05-08
C00517,หญิง,35-44,B05,2026-04-04
C00518,ชาย,25-34,B01,2026-02-22
C00519,หญิง,25-34,B04,2026-01-15
C00520,หญิง,25-34,B04,2026-09-13
C00521,ชาย,25-34,B04,2025-12-01
C00522,ชาย,25-34,B05,2025-09-17
C00523,ชาย,35-44,B04,2026-07-24
C00524,ชาย,18-24,B03,2026-05-11
C00525,หญิง,25-34,B01,2025-04-09
C00526,ชาย,35-44,B03,2026-02-05
C00527,ชาย,25-34,B05,2025-07-30
C00528,ไม่ระบุ,25-34,B05,2026-09-09
C00529,หญิง,55+,B02,2025-11-25
C00530,ชาย,25-34,B04,2026-01-22
C00531,ชาย,45-54,B05,2026-08-01
C00532,ชาย,ต่ำกว่า 18,B05,2025-09-05
C00533,หญิง,35-44,B01,2025-05-16
C00534,ไม่ระบุ,35-44,B01,2026-09-10
C00535,ชาย,25-34,B04,2026-03-26
C00536,หญิง,18-24,B05,2026-04-04
C00537,หญิง,18-24,B01,2026-09-07
C00538,หญิง,25-34,B03,2026-05-23
C00539,ชาย,ต่ำกว่า 18,B05,2025-04-01
C00540,ชาย,25-34,B03,2026-04-26
C00541,ชาย,25-34,B01,2025-05-29
C00542,ชาย,55+,B02,2026-06-13
C00543,ชาย,55+,B01,2026-08-26
C00544,หญิง,25-34,B05,2026-08-21
C00545,ชาย,45-54,B02,2026-08-08
C00546,หญิง,25-34,B04,2026-03-08
C00547,หญิง,25-34,B01,2026-03-15
C00548,หญิง,25-34,B04,2026-09-11
C00549,หญิง,35-44,B02,2026-03-22
C00550,ชาย,18-24,B04,2026-08-24
C00551,ชาย,18-24,B02,2026-04-12
C00552,หญิง,35-44,B05,2025-06-29
C00553,หญิง,35-44,B04,2026-05-01
C00554,ชาย,18-24,B01,2026-05-12
C00555,ชาย,55+,B04,2026-06-11
C00556,ชาย,35-44,B02,2026-07-26
C00557,ชาย,18-24,B01,2026-08-25
C00558,หญิง,35-44,B03,2025-12-07
C00559,หญิง,18-24,B02,2026-01-19
C00560,หญิง,35-44,B02,2025-07-12
C00561,ชาย,18-24,B01,2025-12-05
C00562,หญิง,18-24,B05,2025-06-30
C00563,หญิง,25-34,B01,2025-08-06
C00564,ชาย,25-34,B01,2026-01-08
C00565,หญิง,25-34,B03,2026-07-24
C00566,หญิง,25-34,B01,2025-05-14
C00567,ไม่ระบุ,35-44,B04,2026-06-08
C00568,ชาย,25-34,B02,2025-07-08
C00569,ชาย,25-34,B02,2025-04-12
C00570,ชาย,35-44,B01,2025-08-19
C00571,ชาย,35-44,B05,2025-08-09
C00572,ชาย,55+,B05,2026-05-04
C00573,ชาย,18-24,B01,2026-08-14
C00574,ชาย,55+,B05,2025-07-23
C00575,หญิง,18-24,B05,2026-06-16
C00576,หญิง,18-24,B01,2026-08-06
C00577,หญิง,35-44,B05,2026-04-17
C00578,หญิง,18-24,B04,2025-05-27
C00579,หญิง,35-44,B02,2026-06-13
C00580,ชาย,25-34,B02,2026-03-05
C00581,ชาย,55+,B04,2025-07-01
C00582,หญิง,35-44,B01,2025-12-14
C00583,หญิง,25-34,B02,2025-08-27
C00584,ชาย,35-44,B03,2025-12-17
C00585,หญิง,18-24,B01,2026-09-11
C00586,ชาย,25-34,B05,2025-09-24
C00587,หญิง,35-44,B01,2025-10-01
C00588,ชาย,25-34,B01,2026-04-06
C00589,หญิง,25-34,B05,2025-07-23
C00590,หญิง,18-24,B01,2026-02-01
C00591,หญิง,25-34,B05,2025-04-12
C00592,ชาย,35-44,B03,2026-01-22
C00593,ไม่ระบุ,35-44,B03,2026-06-16
C00594,หญิง,18-24,B03,2026-04-07
C00595,หญิง,25-34,B05,2025-04-07
C00596,หญิง,25-34,B05,2025-06-15
C00597,ชาย,25-34,B03,2026-04-29
C00598,หญิง,55+,B05,2025-06-22
C00599,ชาย,35-44,B05,2025-12-16
C00600,หญิง,18-24,B05,2025-09-15
C00601,หญิง,35-44,B03,2026-08-24
C00602,ชาย,18-24,B01,2025-08-15
C00603,หญิง,25-34,B01,2025-05-11
C00604,หญิง,25-34,B02,2025-09-28
C00605,ชาย,25-34,B01,2026-04-24
C00606,หญิง,25-34,B03,2026-06-27
C00607,ชาย,25-34,B01,2025-06-24
C00608,หญิง,18-24,B02,2025-04-11
C00609,ชาย,18-24,B01,2026-07-10
C00610,ชาย,25-34,B02,2026-03-12
C00611,ชาย,25-34,B02,2025-12-02
C00612,หญิง,45-54,B03,2025-12-04
C00613,ชาย,ต่ำกว่า 18,B01,2025-05-14
C00614,ชาย,45-54,B05,2026-09-08
C00615,ชาย,18-24,B02,2025-10-21
C00616,ชาย,35-44,B01,2025-05-22
C00617,หญิง,25-34,B02,2025-07-30
C00618,ชาย,55+,B01,2026-02-04
C00619,หญิง,18-24,B03,2026-08-26
C00620,หญิง,18-24,B01,2026-05-10
C00621,ชาย,25-34,B05,2026-05-09
C00622,ชาย,35-44,B01,2025-05-07
C00623,ชาย,35-44,B03,2025-11-08
C00624,หญิง,45-54,B02,2025-09-25
C00625,ชาย,35-44,B02,2025-12-02
C00626,ชาย,55+,B05,2026-01-15
C00627,หญิง,ต่ำกว่า 18,B01,2026-05-10
C00628,ชาย,25-34,B05,2026-06-19
C00629,ไม่ระบุ,18-24,B02,2025-05-16
C00630,หญิง,35-44,B04,2025-11-17
C00631,หญิง,25-34,B01,2026-08-13
C00632,ชาย,25-34,B04,2025-08-05
C00633,ชาย,18-24,B04,2026-02-12
C00634,ชาย,45-54,B02,2026-04-13
C00635,ไม่ระบุ,25-34,B05,2026-09-13
C00636,ชาย,ต่ำกว่า 18,B04,2025-04-16
C00637,ชาย,18-24,B05,2025-12-15
C00638,ชาย,25-34,B01,2026-04-18
C00639,หญิง,25-34,B04,2025-11-28
C00640,หญิง,35-44,B03,2025-12-20
C00641,ชาย,18-24,B02,2026-08-08
C00642,หญิง,18-24,B01,2025-12-12
C00643,หญิง,25-34,B01,2025-11-15
C00644,หญิง,18-24,B05,2025-10-21
C00645,หญิง,35-44,B01,2025-11-05
C00646,ชาย,45-54,B01,2025-09-21
C00647,ชาย,25-34,B01,2025-09-23
C00648,หญิง,18-24,B02,2026-02-01
C00649,ชาย,45-54,B01,2025-05-19
C00650,หญิง,55+,B01,2025-12-09
C00651,ชาย,25-34,B01,2026-03-12
C00652,ชาย,35-44,B03,2026-08-01
C00653,หญิง,18-24,B05,2026-08-10
C00654,หญิง,35-44,B05,2026-03-24
C00655,ชาย,18-24,B01,2026-03-06
C00656,หญิง,35-44,B03,2026-03-20
C00657,ชาย,18-24,B04,2025-04-21
C00658,ชาย,25-34,B01,2025-05-06
C00659,ชาย,25-34,B05,2025-10-30
C00660,ชาย,45-54,B05,2025-04-13
C00661,หญิง,25-34,B02,2026-02-28
C00662,ชาย,25-34,B05,2025-05-26
C00663,หญิง,18-24,B03,2026-07-25
C00664,หญิง,25-34,B02,2026-06-23
C00665,ไม่ระบุ,25-34,B01,2025-07-05
C00666,หญิง,25-34,B04,2025-08-22
C00667,หญิง,25-34,B02,2026-01-29
C00668,ชาย,55+,B02,2026-01-14
C00669,ชาย,18-24,B04,2026-03-22
C00670,หญิง,25-34,B04,2025-12-30
C00671,ไม่ระบุ,ต่ำกว่า 18,B05,2025-12-12
C00672,ชาย,18-24,B02,2025-10-20
C00673,ชาย,18-24,B02,2025-08-01
C00674,ชาย,55+,B01,2026-01-23
C00675,หญิง,45-54,B05,2026-04-05
C00676,หญิง,ต่ำกว่า 18,B04,2026-06-13
C00677,หญิง,35-44,B01,2025-12-31
C00678,หญิง,18-24,B01,2026-02-27
C00679,หญิง,25-34,B02,2026-06-18
C00680,หญิง,25-34,B01,2026-03-21
C00681,หญิง,35-44,B02,2026-01-20
C00682,หญิง,25-34,B03,2026-08-30
C00683,ชาย,35-44,B02,2025-11-23
C00684,ชาย,35-44,B02,2026-02-08
C00685,หญิง,45-54,B03,2026-02-13
C00686,ชาย,35-44,B04,2025-09-10
C00687,ชาย,35-44,B04,2026-05-29
C00688,หญิง,25-34,B04,2025-04-07
C00689,ชาย,25-34,B05,2025-11-02
C00690,ชาย,18-24,B04,2025-08-23
C00691,หญิง,35-44,B02,2026-04-30
C00692,ชาย,18-24,B05,2026-01-22
C00693,ชาย,18-24,B04,2026-08-13
C00694,หญิง,25-34,B04,2026-07-14
C00695,ชาย,25-34,B05,2025-07-19
C00696,ชาย,55+,B05,2025-05-17
C00697,ชาย,35-44,B02,2025-11-22
C00698,หญิง,25-34,B01,2025-06-19
C00699,ชาย,55+,B04,2026-05-20
C00700,ชาย,55+,B05,2025-10-30
C00701,หญิง,25-34,B01,2025-04-01
C00702,หญิง,18-24,B02,2025-09-09
C00703,ชาย,25-34,B01,2025-11-13
C00704,หญิง,45-54,B03,2026-02-21
C00705,หญิง,35-44,B05,2026-09-09
C00706,หญิง,18-24,B01,2025-11-19
C00707,หญิง,25-34,B05,2025-09-11
C00708,ชาย,35-44,B04,2026-03-24
C00709,หญิง,25-34,B02,2025-12-16
C00710,หญิง,25-34,B05,2025-07-18
C00711,หญิง,55+,B05,2025-07-27
C00712,ไม่ระบุ,18-24,B05,2026-04-27
C00713,หญิง,35-44,B04,2025-07-29
C00714,ชาย,45-54,B02,2026-01-12
C00715,หญิง,25-34,B05,2025-04-10
C00716,หญิง,25-34,B04,2025-05-02
C00717,ชาย,25-34,B05,2026-06-08
C00718,ชาย,25-34,B01,2026-07-19
C00719,ชาย,35-44,B04,2025-11-26
C00720,หญิง,35-44,B05,2025-10-19
C00721,ชาย,25-34,B01,2026-03-13
C00722,ชาย,25-34,B03,2026-06-27
C00723,ชาย,35-44,B01,2025-10-23
C00724,ไม่ระบุ,18-24,B01,2026-03-21
C00725,ชาย,25-34,B02,2025-12-06
C00726,ชาย,55+,B04,2025-08-26
C00727,ไม่ระบุ,25-34,B03,2025-12-28
C00728,ชาย,35-44,B04,2026-04-03
C00729,ชาย,25-34,B02,2025-04-14
C00730,หญิง,18-24,B03,2025-11-22
C00731,หญิง,25-34,B02,2025-09-08
C00732,ชาย,35-44,B02,2025-07-24
C00733,ชาย,25-34,B05,2025-11-17
C00734,หญิง,35-44,B02,2026-07-25
C00735,หญิง,25-34,B05,2025-10-24
C00736,หญิง,18-24,B04,2025-05-24
C00737,หญิง,18-24,B05,2026-06-10
C00738,ชาย,55+,B04,2026-04-12
C00739,ไม่ระบุ,25-34,B05,2025-05-08
C00740,หญิง,35-44,B03,2026-07-30
C00741,ชาย,25-34,B02,2026-04-21
C00742,หญิง,25-34,B02,2025-11-28
C00743,ชาย,45-54,B05,2025-04-18
C00744,หญิง,18-24,B02,2025-04-27
C00745,ชาย,25-34,B05,2025-11-06
C00746,หญิง,18-24,B05,2026-06-30
C00747,ชาย,55+,B05,2026-06-26
C00748,หญิง,45-54,B01,2026-04-19
C00749,หญิง,25-34,B05,2026-05-22
C00750,ชาย,18-24,B03,2026-04-25
C00751,ชาย,25-34,B03,2026-09-03
C00752,หญิง,45-54,B05,2025-06-28
C00753,ชาย,35-44,B01,2025-08-01
C00754,หญิง,45-54,B03,2026-06-25
C00755,หญิง,45-54,B03,2026-06-12
C00756,หญิง,18-24,B01,2026-05-14
C00757,ชาย,25-34,B05,2025-05-26
C00758,ชาย,18-24,B02,2025-08-01
C00759,ชาย,18-24,B01,2025-04-03
C00760,ชาย,18-24,B02,2025-05-18
C00761,ชาย,55+,B05,2025-08-01
C00762,ชาย,45-54,B01,2026-05-24
C00763,หญิง,45-54,B03,2026-05-16
C00764,ชาย,18-24,B01,2026-07-24
C00765,ชาย,18-24,B01,2025-05-09
C00766,หญิง,18-24,B05,2025-12-25
C00767,หญิง,25-34,B04,2025-09-10
C00768,ชาย,45-54,B04,2025-06-15
C00769,หญิง,25-34,B05,2025-05-11
C00770,ชาย,25-34,B04,2026-03-09
C00771,ชาย,45-54,B01,2025-08-20
C00772,ชาย,25-34,B03,2026-04-01
C00773,ชาย,45-54,B04,2025-11-07
C00774,หญิง,55+,B02,2025-12-27
C00775,หญิง,25-34,B05,2025-09-13
C00776,ชาย,35-44,B05,2025-11-04
C00777,ชาย,35-44,B03,2026-04-06
C00778,ชาย,18-24,B02,2025-05-03
C00779,ชาย,25-34,B04,2026-08-24
C00780,ไม่ระบุ,18-24,B03,2026-03-02
C00781,ชาย,55+,B01,2025-05-24
C00782,ชาย,25-34,B03,2026-02-07
C00783,ชาย,25-34,B05,2026-02-04
C00784,หญิง,18-24,B04,2026-05-19
C00785,หญิง,45-54,B04,2025-06-26
C00786,ชาย,25-34,B01,2026-08-07
C00787,ชาย,18-24,B05,2025-08-21
C00788,ไม่ระบุ,25-34,B02,2025-10-13
C00789,หญิง,25-34,B01,2025-09-23
C00790,หญิง,25-34,B04,2026-04-15
C00791,หญิง,25-34,B04,2026-03-16
C00792,หญิง,18-24,B01,2025-08-10
C00793,หญิง,18-24,B05,2026-06-24
C00794,หญิง,18-24,B04,2025-06-06
C00795,ไม่ระบุ,25-34,B02,2025-12-23
C00796,ชาย,35-44,B01,2025-04-21
C00797,หญิง,18-24,B01,2025-11-22
C00798,ชาย,25-34,B02,2026-01-04
C00799,หญิง,35-44,B02,2026-04-21
C00800,หญิง,18-24,B01,2026-06-30
C00801,ชาย,35-44,B03,2026-05-13
C00802,ชาย,18-24,B02,2025-09-09
C00803,ชาย,35-44,B05,2026-01-16
C00804,หญิง,25-34,B05,2026-05-25
C00805,หญิง,25-34,B05,2026-01-15
C00806,หญิง,18-24,B01,2026-04-08
C00807,ชาย,45-54,B01,2025-05-17
C00808,ชาย,25-34,B03,2026-05-17
C00809,ชาย,25-34,B02,2025-07-06
C00810,ไม่ระบุ,45-54,B04,2026-02-16
C00811,หญิง,18-24,B03,2026-08-19
C00812,ชาย,45-54,B03,2026-01-15
C00813,ไม่ระบุ,18-24,B02,2026-06-10
C00814,หญิง,45-54,B01,2026-07-14
C00815,หญิง,18-24,B02,2025-05-06
C00816,หญิง,45-54,B01,2026-02-24
C00817,ชาย,ต่ำกว่า 18,B05,2026-03-04
C00818,ชาย,25-34,B01,2026-09-14
C00819,หญิง,35-44,B02,2026-02-19
C00820,ชาย,18-24,B02,2026-03-11
C00821,หญิง,18-24,B01,2026-03-15
C00822,ชาย,25-34,B02,2025-06-20
C00823,หญิง,25-34,B04,2025-06-29
C00824,ชาย,18-24,B02,2026-03-08
C00825,หญิง,18-24,B02,2025-04-03
C00826,ชาย,25-34,B05,2025-06-29
C00827,หญิง,25-34,B02,2025-08-06
C00828,ชาย,35-44,B01,2025-11-16
C00829,ชาย,18-24,B03,2026-07-19
C00830,หญิง,25-34,B05,2025-11-20
C00831,ชาย,35-44,B03,2026-07-21
C00832,หญิง,25-34,B01,2025-07-03
C00833,หญิง,35-44,B04,2025-04-10
C00834,หญิง,18-24,B03,2026-07-26
C00835,หญิง,35-44,B01,2025-12-07
C00836,หญิง,18-24,B04,2025-06-11
C00837,ชาย,25-34,B04,2026-04-25
C00838,หญิง,25-34,B05,2026-05-05
C00839,ชาย,18-24,B02,2026-04-18
C00840,ชาย,18-24,B05,2026-01-03
C00841,ชาย,18-24,B03,2026-07-04
C00842,หญิง,18-24,B04,2026-04-15
C00843,หญิง,35-44,B05,2026-01-05
C00844,หญิง,18-24,B05,2025-12-13
C00845,ชาย,25-34,B04,2026-05-15
C00846,ชาย,45-54,B05,2025-06-18
C00847,หญิง,18-24,B01,2025-10-21
C00848,หญิง,25-34,B02,2026-02-22
C00849,ชาย,25-34,B03,2026-07-30
C00850,หญิง,ต่ำกว่า 18,B04,2026-02-09
C00851,ชาย,25-34,B02,2025-08-22
C00852,ไม่ระบุ,18-24,B05,2025-10-18
C00853,หญิง,55+,B01,2025-05-04
C00854,หญิง,55+,B04,2025-08-03
C00855,หญิง,25-34,B01,2025-09-06
C00856,ชาย,25-34,B03,2026-01-17
C00857,ชาย,35-44,B05,2025-07-11
C00858,ชาย,25-34,B02,2025-05-07
C00859,หญิง,55+,B03,2026-05-29
C00860,หญิง,45-54,B05,2025-11-04
C00861,ชาย,45-54,B04,2026-04-17
C00862,ชาย,25-34,B01,2026-07-21
C00863,หญิง,25-34,B02,2026-05-23
C00864,ชาย,18-24,B05,2026-02-21
C00865,ชาย,45-54,B01,2025-11-08
C00866,หญิง,25-34,B01,2025-04-27
C00867,ชาย,35-44,B05,2025-04-02
C00868,หญิง,18-24,B05,2026-01-10
C00869,หญิง,45-54,B02,2025-10-20
C00870,หญิง,25-34,B01,2026-09-09
C00871,ชาย,25-34,B01,2026-08-21
C00872,ชาย,25-34,B04,2026-02-23
C00873,ชาย,ต่ำกว่า 18,B02,2026-08-08
C00874,หญิง,25-34,B01,2025-08-30
C00875,ชาย,25-34,B01,2026-03-08
C00876,หญิง,25-34,B02,2025-06-12
C00877,หญิง,35-44,B05,2025-09-25
C00878,ชาย,25-34,B05,2026-03-21
C00879,หญิง,18-24,B03,2026-01-04
C00880,หญิง,25-34,B04,2025-06-02
C00881,หญิง,25-34,B05,2026-06-11
C00882,ชาย,18-24,B03,2025-12-09
C00883,ชาย,35-44,B02,2025-10-04
C00884,ชาย,45-54,B01,2025-09-07
C00885,หญิง,35-44,B01,2026-03-23
C00886,หญิง,35-44,B01,2025-08-29
C00887,หญิง,25-34,B03,2026-04-26
C00888,หญิง,45-54,B04,2026-08-26
C00889,ชาย,55+,B03,2026-04-10
C00890,หญิง,25-34,B04,2026-03-20
C00891,หญิง,35-44,B05,2025-10-20
C00892,ชาย,18-24,B04,2025-10-12
C00893,หญิง,35-44,B05,2025-08-18
C00894,ชาย,35-44,B03,2026-08-26
C00895,ชาย,35-44,B03,2026-06-17
C00896,ชาย,55+,B01,2026-06-23
C00897,ไม่ระบุ,45-54,B04,2026-03-13
C00898,ชาย,18-24,B05,2026-08-31
C00899,ชาย,25-34,B01,2025-09-06
C00900,ชาย,25-34,B01,2026-05-04
C00901,ชาย,18-24,B03,2026-08-17
C00902,ชาย,45-54,B05,2025-05-26
C00903,หญิง,55+,B05,2026-02-16
C00904,หญิง,18-24,B05,2026-01-16
C00905,หญิง,18-24,B01,2026-07-13
C00906,ชาย,55+,B02,2025-10-30
C00907,หญิง,25-34,B01,2025-08-19
C00908,ชาย,18-24,B05,2026-05-09
C00909,หญิง,18-24,B03,2026-06-18
C00910,ไม่ระบุ,45-54,B01,2025-04-09
C00911,หญิง,18-24,B05,2025-10-18
C00912,หญิง,35-44,B03,2026-06-20
C00913,ชาย,18-24,B05,2026-06-20
C00914,หญิง,18-24,B04,2026-07-18
C00915,หญิง,35-44,B01,2025-06-15
C00916,หญิง,35-44,B03,2026-08-18
C00917,หญิง,18-24,B02,2026-01-13
C00918,ชาย,18-24,B01,2025-09-30
C00919,ชาย,18-24,B01,2026-02-26
C00920,ชาย,25-34,B04,2025-07-29
C00921,หญิง,25-34,B05,2026-07-10
C00922,หญิง,35-44,B05,2026-06-01
C00923,ชาย,18-24,B05,2025-08-22
C00924,ชาย,25-34,B04,2026-05-20
C00925,ชาย,18-24,B01,2025-09-18
C00926,ชาย,18-24,B03,2026-03-30
C00927,หญิง,ต่ำกว่า 18,B02,2026-07-20
C00928,หญิง,ต่ำกว่า 18,B04,2026-05-04
C00929,ชาย,25-34,B03,2026-07-31
C00930,หญิง,25-34,B01,2026-04-12
C00931,หญิง,18-24,B03,2026-02-05
C00932,ชาย,55+,B01,2025-04-30
C00933,หญิง,45-54,B01,2026-06-23
C00934,ชาย,35-44,B02,2026-07-20
C00935,หญิง,18-24,B05,2025-11-18
C00936,ชาย,25-34,B01,2025-09-22
C00937,หญิง,25-34,B05,2025-05-19
C00938,ชาย,ต่ำกว่า 18,B05,2025-04-13
C00939,หญิง,18-24,B05,2026-06-19
C00940,หญิง,18-24,B04,2026-04-16
C00941,ชาย,18-24,B03,2026-08-28
C00942,ไม่ระบุ,25-34,B05,2026-07-06
C00943,ชาย,45-54,B05,2025-08-04
C00944,หญิง,25-34,B04,2026-04-27
C00945,หญิง,35-44,B01,2025-11-22
C00946,หญิง,35-44,B02,2026-09-07
C00947,หญิง,25-34,B05,2025-06-14
C00948,หญิง,25-34,B02,2026-05-04
C00949,ชาย,25-34,B01,2025-11-05
C00950,หญิง,35-44,B03,2026-03-06
C00951,หญิง,18-24,B01,2026-08-14
C00952,หญิง,ต่ำกว่า 18,B02,2026-01-04
C00953,หญิง,25-34,B01,2025-11-28
C00954,หญิง,55+,B03,2025-11-16
C00955,หญิง,35-44,B02,2025-07-24
C00956,หญิง,25-34,B03,2026-07-20
C00957,ชาย,45-54,B04,2025-10-21
C00958,ไม่ระบุ,45-54,B01,2025-11-07
C00959,หญิง,25-34,B02,2025-08-10
C00960,หญิง,25-34,B01,2025-11-14
C00961,ชาย,18-24,B05,2025-10-30
C00962,หญิง,35-44,B01,2026-03-10
C00963,หญิง,18-24,B05,2025-05-18
C00964,หญิง,18-24,B01,2025-10-16
C00965,ไม่ระบุ,25-34,B03,2026-05-29
C00966,ชาย,25-34,B04,2026-02-12
C00967,หญิง,55+,B01,2025-06-11
C00968,หญิง,18-24,B01,2026-07-07
C00969,ชาย,25-34,B04,2025-09-08
C00970,หญิง,25-34,B01,2025-09-04
C00971,หญิง,25-34,B01,2026-07-28
C00972,ชาย,25-34,B04,2026-02-14
C00973,ชาย,35-44,B01,2026-06-04
C00974,หญิง,55+,B02,2025-08-08
C00975,หญิง,25-34,B01,2025-11-05
C00976,หญิง,25-34,B02,2026-02-20
C00977,ไม่ระบุ,18-24,B05,2026-01-19
C00978,หญิง,18-24,B02,2026-08-02
C00979,หญิง,35-44,B02,2026-05-24
C00980,ชาย,25-34,B02,2025-10-27
C00981,ชาย,25-34,B02,2025-09-02
C00982,ชาย,35-44,B02,2025-04-14
C00983,หญิง,25-34,B05,2026-05-27
C00984,หญิง,25-34,B05,2025-07-30
C00985,หญิง,25-34,B05,2025-08-17
C00986,ชาย,18-24,B04,2026-01-11
C00987,หญิง,18-24,B01,2025-05-22
C00988,ชาย,45-54,B05,2025-10-08
C00989,ชาย,25-34,B02,2026-04-03
C00990,ชาย,25-34,B05,2026-01-11
C00991,หญิง,18-24,B01,2025-07-17
C00992,ชาย,18-24,B05,2026-03-07
C00993,ชาย,25-34,B01,2025-10-10
C00994,ชาย,35-44,B05,2025-06-14
C00995,หญิง,18-24,B05,2026-07-07
C00996,ชาย,35-44,B03,2026-01-18
C00997,ชาย,ต่ำกว่า 18,B04,2025-06-01
C00998,หญิง,25-34,B01,2026-01-16
C00999,หญิง,25-34,B02,2026-05-24
C01000,หญิง,ต่ำกว่า 18,B02,2025-06-16
C01001,ชาย,45-54,B05,2026-03-09
C01002,หญิง,25-34,B04,2026-04-20
C01003,ชาย,55+,B01,2026-05-04
C01004,ชาย,ต่ำกว่า 18,B03,2026-04-14
C01005,ชาย,35-44,B01,2025-12-22
C01006,หญิง,55+,B05,2026-03-11
C01007,ไม่ระบุ,25-34,B02,2025-05-09
C01008,หญิง,25-34,B05,2025-06-24
C01009,ชาย,25-34,B03,2026-07-07
C01010,หญิง,18-24,B04,2026-08-12
C01011,ชาย,35-44,B05,2025-07-18
C01012,หญิง,35-44,B02,2026-09-02
C01013,หญิง,45-54,B01,2025-07-25
C01014,ชาย,35-44,B01,2026-03-15
C01015,หญิง,18-24,B05,2025-11-19
C01016,หญิง,18-24,B01,2025-10-13
C01017,ชาย,25-34,B01,2026-06-29
C01018,หญิง,35-44,B01,2026-04-17
C01019,ชาย,18-24,B05,2025-09-06
C01020,ชาย,35-44,B02,2025-09-23
C01021,หญิง,25-34,B01,2026-04-14
C01022,ชาย,25-34,B01,2026-03-16
C01023,หญิง,25-34,B05,2026-05-15
C01024,หญิง,45-54,B04,2025-11-11
C01025,หญิง,55+,B02,2025-11-08
C01026,หญิง,18-24,B01,2026-03-07
C01027,ชาย,45-54,B01,2025-07-24
C01028,หญิง,55+,B02,2026-07-25
C01029,ไม่ระบุ,18-24,B05,2025-12-27
C01030,ชาย,18-24,B01,2025-08-15
C01031,หญิง,18-24,B02,2026-02-05
C01032,ชาย,25-34,B03,2026-04-18
C01033,หญิง,25-34,B03,2026-02-26
C01034,ชาย,25-34,B02,2025-09-14
C01035,ชาย,18-24,B03,2026-04-16
C01036,ชาย,18-24,B05,2026-07-24
C01037,หญิง,ต่ำกว่า 18,B04,2025-04-03
C01038,หญิง,35-44,B04,2026-08-19
C01039,ชาย,25-34,B05,2026-09-08
C01040,หญิง,18-24,B01,2025-09-21
C01041,ชาย,25-34,B01,2026-01-03
C01042,ชาย,18-24,B01,2026-04-25
C01043,ชาย,35-44,B01,2025-11-02
C01044,ชาย,25-34,B04,2025-08-07
C01045,ชาย,25-34,B05,2026-06-20
C01046,หญิง,25-34,B02,2025-12-24
C01047,ชาย,35-44,B05,2025-08-24
C01048,หญิง,45-54,B05,2026-03-20
C01049,ชาย,25-34,B01,2025-07-05
C01050,ชาย,35-44,B01,2026-04-20
C01051,หญิง,25-34,B01,2025-10-22
C01052,หญิง,18-24,B05,2026-08-12
C01053,ชาย,18-24,B02,2025-08-29
C01054,ชาย,35-44,B02,2025-12-24
C01055,หญิง,45-54,B01,2026-04-24
C01056,หญิง,25-34,B02,2025-11-21
C01057,ชาย,25-34,B02,2025-10-23
C01058,ชาย,25-34,B01,2026-03-12
C01059,หญิง,18-24,B03,2026-06-06
C01060,หญิง,45-54,B04,2025-11-16
C01061,ชาย,25-34,B05,2026-04-03
C01062,ชาย,35-44,B01,2026-08-09
C01063,ชาย,25-34,B02,2025-11-25
C01064,ชาย,25-34,B02,2026-06-03
C01065,ชาย,35-44,B05,2025-09-04
C01066,ชาย,55+,B01,2025-12-03
C01067,หญิง,35-44,B02,2026-05-29
C01068,หญิง,35-44,B03,2026-05-09
C01069,หญิง,35-44,B01,2025-06-14
C01070,ชาย,25-34,B05,2025-07-05
C01071,หญิง,45-54,B02,2025-04-06
C01072,ชาย,18-24,B03,2026-05-14
C01073,หญิง,25-34,B02,2025-04-05
C01074,ชาย,45-54,B01,2026-08-07
C01075,หญิง,18-24,B04,2026-08-30
C01076,หญิง,18-24,B04,2026-05-16
C01077,หญิง,25-34,B05,2025-05-30
C01078,หญิง,45-54,B02,2026-01-29
C01079,หญิง,25-34,B04,2026-07-16
C01080,หญิง,25-34,B04,2026-08-15
C01081,ไม่ระบุ,18-24,B04,2025-09-07
C01082,หญิง,55+,B05,2026-02-27
C01083,หญิง,35-44,B01,2025-09-22
C01084,หญิง,25-34,B04,2026-06-01
C01085,หญิง,35-44,B01,2026-01-12
C01086,ชาย,25-34,B03,2026-08-22
C01087,หญิง,35-44,B01,2025-12-25
C01088,หญิง,25-34,B02,2025-07-21
C01089,หญิง,45-54,B03,2026-04-06
C01090,ชาย,18-24,B02,2026-05-07
C01091,ชาย,18-24,B01,2025-04-29
C01092,หญิง,45-54,B02,2026-02-16
C01093,หญิง,25-34,B05,2026-02-18
C01094,หญิง,18-24,B01,2026-07-21
C01095,หญิง,18-24,B04,2025-11-13
C01096,หญิง,35-44,B02,2026-07-12
C01097,ชาย,45-54,B01,2026-04-06
C01098,หญิง,35-44,B03,2026-08-12
C01099,ชาย,35-44,B01,2025-10-27
C01100,หญิง,45-54,B05,2025-04-02
C01101,หญิง,ต่ำกว่า 18,B01,2025-04-15
C01102,ชาย,25-34,B03,2025-12-23
C01103,หญิง,35-44,B02,2026-05-22
C01104,ชาย,45-54,B04,2026-05-09
C01105,ชาย,35-44,B01,2026-08-02
C01106,ชาย,25-34,B05,2025-05-16
C01107,หญิง,35-44,B01,2026-07-05
C01108,หญิง,35-44,B04,2026-06-14
C01109,ชาย,18-24,B02,2026-07-02
C01110,หญิง,18-24,B03,2025-11-06
C01111,ชาย,25-34,B05,2026-06-22
C01112,ชาย,45-54,B01,2025-12-14
C01113,หญิง,25-34,B01,2026-07-04
C01114,ชาย,25-34,B05,2026-06-04
C01115,ชาย,25-34,B01,2026-07-04
C01116,หญิง,35-44,B04,2026-07-11
C01117,หญิง,18-24,B03,2026-01-13
C01118,หญิง,18-24,B04,2025-10-28
C01119,หญิง,45-54,B01,2026-07-25
C01120,ชาย,18-24,B05,2026-09-07
C01121,ชาย,55+,B05,2025-12-07
C01122,หญิง,18-24,B02,2026-02-14
C01123,ชาย,18-24,B01,2025-11-17
C01124,หญิง,25-34,B01,2026-08-09
C01125,หญิง,18-24,B01,2025-11-18
C01126,หญิง,35-44,B01,2025-10-16
C01127,หญิง,35-44,B05,2025-09-15
C01128,ชาย,18-24,B04,2025-10-30
C01129,ชาย,18-24,B03,2026-08-10
C01130,หญิง,35-44,B02,2025-09-07
C01131,ชาย,45-54,B01,2026-08-21
C01132,ชาย,25-34,B04,2026-04-03
C01133,ชาย,35-44,B02,2025-12-18
C01134,ชาย,25-34,B02,2025-05-18
C01135,ไม่ระบุ,18-24,B02,2026-04-10
C01136,หญิง,ต่ำกว่า 18,B04,2025-11-10
C01137,ชาย,35-44,B02,2025-10-03
C01138,ชาย,45-54,B02,2026-06-23
C01139,หญิง,25-34,B02,2025-10-01
C01140,หญิง,25-34,B01,2025-08-28
C01141,หญิง,25-34,B05,2025-12-31
C01142,ชาย,18-24,B04,2025-11-06
C01143,ชาย,25-34,B05,2026-01-08
C01144,หญิง,25-34,B01,2025-11-03
C01145,ชาย,18-24,B03,2025-11-24
C01146,ชาย,25-34,B01,2025-06-03
C01147,หญิง,25-34,B01,2026-05-25
C01148,หญิง,ต่ำกว่า 18,B01,2025-08-06
C01149,หญิง,55+,B02,2025-06-18
C01150,ชาย,25-34,B05,2026-09-03
C01151,หญิง,25-34,B04,2025-05-25
C01152,ชาย,25-34,B02,2025-10-11
C01153,ชาย,18-24,B03,2026-05-01
C01154,ไม่ระบุ,25-34,B05,2025-07-01
C01155,ชาย,25-34,B01,2026-06-12
C01156,หญิง,25-34,B02,2025-06-30
C01157,หญิง,25-34,B05,2026-05-27
C01158,ชาย,25-34,B02,2026-03-04
C01159,หญิง,25-34,B02,2025-09-08
C01160,หญิง,45-54,B01,2025-11-13
C01161,หญิง,25-34,B03,2026-01-16
C01162,หญิง,35-44,B04,2025-04-18
C01163,หญิง,25-34,B01,2025-04-08
C01164,หญิง,25-34,B01,2026-03-24
C01165,หญิง,35-44,B05,2026-04-16
C01166,ชาย,25-34,B04,2026-02-27
C01167,หญิง,45-54,B01,2026-08-05
C01168,ชาย,35-44,B05,2026-08-04
C01169,หญิง,45-54,B02,2026-04-09
C01170,ชาย,35-44,B02,2025-09-22
C01171,หญิง,35-44,B04,2025-04-07
C01172,ชาย,25-34,B05,2026-03-31
C01173,ชาย,35-44,B03,2026-04-29
C01174,หญิง,45-54,B04,2025-04-26
C01175,ชาย,25-34,B03,2026-03-09
C01176,หญิง,18-24,B03,2026-04-25
C01177,ชาย,ต่ำกว่า 18,B05,2025-10-02
C01178,หญิง,18-24,B01,2026-06-24
C01179,หญิง,25-34,B05,2025-07-18
C01180,หญิง,18-24,B02,2025-06-08
C01181,หญิง,18-24,B05,2025-10-31
C01182,ชาย,25-34,B05,2026-08-30
C01183,หญิง,18-24,B04,2025-04-12
C01184,หญิง,25-34,B01,2025-12-26
C01185,ชาย,45-54,B05,2025-08-11
C01186,หญิง,18-24,B03,2025-12-10
C01187,ไม่ระบุ,ต่ำกว่า 18,B01,2026-01-25
C01188,ชาย,35-44,B01,2026-01-20
C01189,ชาย,ต่ำกว่า 18,B05,2025-11-18
C01190,หญิง,35-44,B05,2025-08-01
C01191,หญิง,25-34,B01,2025-09-19
C01192,หญิง,18-24,B05,2026-04-05
C01193,ชาย,35-44,B01,2026-04-06
C01194,หญิง,35-44,B05,2025-08-05
C01195,หญิง,25-34,B02,2026-02-04
C01196,ชาย,55+,B05,2026-08-26
C01197,หญิง,18-24,B01,2025-04-28
C01198,หญิง,35-44,B05,2026-05-18
C01199,หญิง,35-44,B04,2026-05-11
C01200,หญิง,18-24,B02,2026-07-01
C01201,หญิง,35-44,B03,2026-02-12
C01202,หญิง,25-34,B05,2026-01-22
C01203,ไม่ระบุ,18-24,B02,2025-10-20
C01204,ชาย,45-54,B05,2026-08-01
C01205,หญิง,25-34,B04,2025-05-11
C01206,ชาย,25-34,B01,2025-06-10
C01207,หญิง,35-44,B03,2025-12-23
C01208,ชาย,25-34,B04,2025-07-29
C01209,หญิง,35-44,B03,2025-11-27
C01210,ชาย,45-54,B05,2025-08-26
C01211,ชาย,45-54,B02,2025-11-14
C01212,ไม่ระบุ,18-24,B04,2026-04-02
C01213,หญิง,25-34,B05,2026-01-29
C01214,หญิง,25-34,B01,2025-07-30
C01215,หญิง,25-34,B01,2026-01-30
C01216,หญิง,18-24,B03,2026-03-07
C01217,หญิง,18-24,B05,2026-08-09
C01218,หญิง,35-44,B01,2026-03-04
C01219,ชาย,35-44,B05,2025-10-21
C01220,หญิง,18-24,B04,2025-05-21
C01221,หญิง,35-44,B04,2026-01-15
C01222,ชาย,25-34,B05,2025-09-15
C01223,ชาย,45-54,B05,2026-06-21
C01224,หญิง,25-34,B01,2026-02-05
C01225,หญิง,18-24,B05,2026-03-26
C01226,ชาย,ต่ำกว่า 18,B04,2026-04-01
C01227,ชาย,18-24,B05,2026-03-21
C01228,หญิง,ต่ำกว่า 18,B01,2025-06-11
C01229,ชาย,25-34,B05,2025-08-22
C01230,หญิง,18-24,B01,2026-04-02
C01231,ชาย,25-34,B01,2025-08-18
C01232,ชาย,18-24,B05,2025-12-15
C01233,หญิง,25-34,B01,2025-08-22
C01234,ชาย,35-44,B03,2026-07-10
C01235,หญิง,25-34,B05,2025-06-17
C01236,หญิง,18-24,B02,2026-03-06
C01237,หญิง,35-44,B02,2025-12-24
C01238,หญิง,35-44,B02,2026-04-25
C01239,หญิง,25-34,B03,2026-08-26
C01240,ชาย,35-44,B04,2025-05-05
C01241,ชาย,55+,B01,2026-08-11
C01242,ชาย,35-44,B02,2026-03-09
C01243,ชาย,35-44,B02,2026-07-25
C01244,หญิง,55+,B05,2025-07-09
C01245,ชาย,25-34,B05,2026-08-28
C01246,ชาย,55+,B05,2026-05-10
C01247,หญิง,18-24,B02,2026-08-18
C01248,หญิง,25-34,B05,2025-05-28
C01249,หญิง,25-34,B02,2026-07-20
C01250,ชาย,25-34,B05,2026-03-30
C01251,ชาย,ต่ำกว่า 18,B02,2025-07-12
C01252,หญิง,55+,B03,2026-09-10
C01253,ชาย,18-24,B01,2025-12-09
C01254,ชาย,18-24,B01,2025-06-03
C01255,หญิง,35-44,B04,2025-05-01
C01256,ชาย,45-54,B03,2025-11-06
C01257,หญิง,25-34,B02,2026-05-03
C01258,หญิง,25-34,B04,2026-04-26
C01259,หญิง,35-44,B05,2026-09-04
C01260,หญิง,45-54,B04,2025-06-23
C01261,ไม่ระบุ,18-24,B01,2025-04-09
C01262,ชาย,35-44,B03,2026-02-20
C01263,หญิง,25-34,B02,2025-07-20
C01264,หญิง,45-54,B05,2025-09-09
C01265,หญิง,25-34,B01,2025-06-25
C01266,หญิง,18-24,B03,2025-11-01
C01267,ชาย,55+,B03,2026-02-04
C01268,หญิง,55+,B03,2026-07-21
C01269,ชาย,18-24,B04,2025-05-21
C01270,หญิง,18-24,B01,2026-06-09
C01271,ชาย,18-24,B04,2026-05-11
C01272,หญิง,25-34,B02,2026-03-10
C01273,หญิง,18-24,B05,2025-10-28
C01274,หญิง,45-54,B04,2025-08-24
C01275,ชาย,25-34,B05,2025-08-01
C01276,ชาย,35-44,B02,2026-07-07
C01277,หญิง,25-34,B01,2026-04-12
C01278,หญิง,55+,B04,2025-11-09
C01279,หญิง,45-54,B01,2026-05-08
C01280,ชาย,35-44,B02,2025-10-31
C01281,ชาย,ต่ำกว่า 18,B05,2025-08-31
C01282,ชาย,25-34,B01,2026-06-05
C01283,ชาย,35-44,B03,2026-08-22
C01284,หญิง,25-34,B01,2025-09-07
C01285,ชาย,18-24,B03,2026-02-20
C01286,หญิง,18-24,B01,2025-12-11
C01287,ชาย,35-44,B05,2026-07-25
C01288,หญิง,ต่ำกว่า 18,B04,2026-08-15
C01289,ชาย,25-34,B03,2026-04-26
C01290,หญิง,25-34,B04,2025-07-13
C01291,หญิง,18-24,B05,2025-10-23
C01292,หญิง,35-44,B01,2025-04-01
C01293,หญิง,35-44,B03,2026-03-27
C01294,หญิง,45-54,B01,2026-06-05
C01295,ชาย,35-44,B01,2025-12-03
C01296,ชาย,45-54,B04,2025-05-23
C01297,หญิง,35-44,B01,2025-04-21
C01298,ชาย,18-24,B01,2025-07-05
C01299,ชาย,25-34,B05,2025-06-28
C01300,ชาย,35-44,B02,2025-09-02
C01301,ชาย,35-44,B02,2026-06-04
C01302,ชาย,18-24,B05,2025-05-04
C01303,ชาย,35-44,B05,2026-09-11
C01304,ชาย,55+,B01,2026-01-20
C01305,ไม่ระบุ,25-34,B04,2026-07-12
C01306,ชาย,35-44,B03,2026-08-05
C01307,หญิง,18-24,B05,2025-09-04
C01308,หญิง,18-24,B05,2025-08-08
C01309,ชาย,35-44,B03,2026-05-18
C01310,หญิง,18-24,B05,2025-11-28
C01311,ชาย,25-34,B02,2025-07-14
C01312,ไม่ระบุ,18-24,B02,2026-09-09
C01313,ชาย,25-34,B02,2025-04-19
C01314,หญิง,25-34,B01,2026-09-03
C01315,ชาย,25-34,B03,2026-01-26
C01316,ชาย,25-34,B04,2025-05-26
C01317,หญิง,25-34,B01,2025-11-06
C01318,ชาย,18-24,B05,2026-04-17
C01319,ชาย,45-54,B01,2025-07-27
C01320,ชาย,25-34,B01,2026-07-22
C01321,หญิง,18-24,B01,2025-09-11
C01322,ชาย,25-34,B05,2026-02-19
C01323,หญิง,35-44,B04,2026-01-11
C01324,ชาย,25-34,B01,2026-08-07
C01325,ชาย,35-44,B03,2026-05-06
C01326,หญิง,18-24,B03,2026-09-08
C01327,หญิง,55+,B05,2026-07-12
C01328,ไม่ระบุ,18-24,B01,2026-07-19
C01329,ชาย,25-34,B03,2025-12-16
C01330,หญิง,35-44,B03,2026-08-17
C01331,ชาย,25-34,B02,2025-10-16
C01332,ชาย,25-34,B03,2026-06-25
C01333,ชาย,45-54,B05,2026-01-08
C01334,ชาย,18-24,B04,2025-10-21
C01335,หญิง,35-44,B03,2025-11-24
C01336,ชาย,18-24,B01,2025-05-14
C01337,หญิง,18-24,B01,2025-07-09
C01338,หญิง,18-24,B03,2026-04-21
C01339,หญิง,35-44,B03,2025-12-28
C01340,หญิง,18-24,B05,2025-12-27
C01341,หญิง,25-34,B04,2026-01-19
C01342,หญิง,35-44,B02,2025-07-27
C01343,หญิง,25-34,B05,2026-04-16
C01344,หญิง,18-24,B02,2026-05-02
C01345,ชาย,18-24,B02,2025-11-12
C01346,หญิง,25-34,B01,2026-08-05
C01347,หญิง,55+,B02,2025-11-21
C01348,หญิง,18-24,B01,2025-12-14
C01349,หญิง,25-34,B05,2025-10-30
C01350,หญิง,18-24,B02,2026-07-11
C01351,หญิง,18-24,B02,2026-06-26
C01352,หญิง,25-34,B03,2026-05-24
C01353,หญิง,25-34,B01,2026-02-02
C01354,หญิง,18-24,B03,2026-09-13
C01355,หญิง,45-54,B05,2026-01-22
C01356,ชาย,45-54,B03,2026-05-12
C01357,หญิง,18-24,B02,2026-08-03
C01358,หญิง,35-44,B01,2026-06-14
C01359,ชาย,18-24,B01,2026-08-05
C01360,ชาย,25-34,B01,2025-09-29
C01361,ชาย,35-44,B02,2025-10-13
C01362,ชาย,25-34,B02,2025-06-10
C01363,หญิง,35-44,B04,2026-03-05
C01364,ชาย,25-34,B05,2025-10-23
C01365,ชาย,45-54,B02,2025-07-10
C01366,ชาย,18-24,B03,2026-06-05
C01367,หญิง,45-54,B01,2025-04-21
C01368,หญิง,35-44,B05,2025-11-24
C01369,ชาย,35-44,B02,2025-09-29
C01370,หญิง,35-44,B01,2026-03-11
C01371,ชาย,35-44,B01,2025-09-19
C01372,ชาย,ต่ำกว่า 18,B04,2025-12-24
C01373,หญิง,18-24,B03,2026-08-11
C01374,ชาย,25-34,B02,2026-09-11
C01375,หญิง,18-24,B03,2026-08-20
C01376,ชาย,25-34,B01,2025-06-17
C01377,ชาย,18-24,B05,2025-12-27
C01378,ชาย,25-34,B01,2025-06-10
C01379,หญิง,25-34,B02,2025-05-27
C01380,หญิง,35-44,B05,2025-05-13
C01381,หญิง,18-24,B01,2026-06-18
C01382,ชาย,18-24,B05,2025-10-27
C01383,ชาย,18-24,B05,2025-04-02
C01384,หญิง,45-54,B02,2026-04-27
C01385,หญิง,35-44,B02,2026-06-03
C01386,ชาย,45-54,B01,2026-05-25
C01387,หญิง,18-24,B02,2026-07-19
C01388,ชาย,18-24,B02,2025-12-27
C01389,ชาย,35-44,B02,2026-05-22
C01390,ชาย,18-24,B01,2025-07-07
C01391,หญิง,25-34,B05,2025-12-23
C01392,ชาย,25-34,B04,2025-05-01
C01393,หญิง,25-34,B01,2026-05-13
C01394,หญิง,18-24,B04,2025-10-07
C01395,ชาย,55+,B01,2025-06-24
C01396,ชาย,25-34,B01,2026-01-16
C01397,หญิง,45-54,B04,2026-03-31
C01398,ชาย,25-34,B04,2025-07-08
C01399,ชาย,18-24,B02,2026-02-07
C01400,ชาย,55+,B03,2026-03-19
C01401,ชาย,35-44,B05,2026-03-07
C01402,ชาย,45-54,B03,2026-03-15
C01403,ชาย,35-44,B05,2026-07-27
C01404,หญิง,ต่ำกว่า 18,B01,2026-02-16
C01405,หญิง,55+,B04,2025-05-19
C01406,หญิง,18-24,B02,2026-03-20
C01407,หญิง,18-24,B02,2025-05-01
C01408,หญิง,25-34,B04,2025-12-01
C01409,หญิง,25-34,B05,2026-07-25
C01410,หญิง,25-34,B02,2025-09-01
C01411,หญิง,25-34,B01,2025-11-18
C01412,ชาย,35-44,B05,2025-11-09
C01413,หญิง,55+,B01,2026-07-19
C01414,หญิง,35-44,B02,2026-01-28
C01415,ชาย,45-54,B02,2026-07-12
C01416,หญิง,55+,B01,2025-10-30
C01417,หญิง,25-34,B01,2025-04-19
C01418,หญิง,18-24,B01,2026-04-03
C01419,ชาย,18-24,B01,2025-05-12
C01420,หญิง,18-24,B01,2025-11-15
C01421,หญิง,35-44,B04,2025-10-29
C01422,หญิง,45-54,B03,2026-01-15
C01423,ชาย,35-44,B01,2025-05-17
C01424,ชาย,25-34,B05,2026-02-17
C01425,หญิง,45-54,B05,2026-03-17
C01426,ไม่ระบุ,35-44,B05,2025-11-02
C01427,ชาย,25-34,B02,2026-07-21
C01428,ชาย,35-44,B02,2026-08-30
C01429,ชาย,35-44,B04,2026-09-11
C01430,ชาย,45-54,B04,2025-04-23
C01431,หญิง,35-44,B04,2026-07-23
C01432,ชาย,25-34,B02,2025-04-05
C01433,ชาย,55+,B05,2025-11-11
C01434,หญิง,25-34,B04,2026-02-07
C01435,หญิง,ต่ำกว่า 18,B04,2025-09-23
C01436,หญิง,35-44,B02,2025-12-22
C01437,หญิง,25-34,B01,2026-03-10
C01438,หญิง,25-34,B04,2025-09-17
C01439,หญิง,35-44,B01,2026-07-29
C01440,หญิง,25-34,B02,2025-09-25
C01441,หญิง,25-34,B01,2026-01-25
C01442,หญิง,18-24,B01,2025-05-22
C01443,หญิง,25-34,B05,2026-04-25
C01444,ชาย,25-34,B05,2025-10-31
C01445,ชาย,ต่ำกว่า 18,B01,2026-07-10
C01446,ชาย,25-34,B01,2025-11-18
C01447,ไม่ระบุ,35-44,B02,2025-07-24
C01448,หญิง,45-54,B01,2026-04-02
C01449,ชาย,35-44,B02,2025-06-13
C01450,ชาย,35-44,B01,2026-09-13
C01451,หญิง,25-34,B02,2026-04-28
C01452,ชาย,18-24,B01,2025-05-16
C01453,หญิง,25-34,B05,2026-06-18
C01454,หญิง,25-34,B01,2025-09-01
C01455,หญิง,35-44,B02,2026-09-14
C01456,ชาย,25-34,B03,2025-11-19
C01457,หญิง,35-44,B03,2026-05-02
C01458,ชาย,35-44,B03,2026-03-19
C01459,หญิง,25-34,B02,2025-08-04
C01460,หญิง,18-24,B02,2026-09-10
C01461,หญิง,45-54,B01,2026-08-10
C01462,หญิง,45-54,B04,2025-06-21
C01463,ชาย,18-24,B04,2026-06-12
C01464,หญิง,25-34,B01,2026-07-04
C01465,ชาย,25-34,B05,2026-07-08
C01466,หญิง,18-24,B05,2026-01-21
C01467,หญิง,25-34,B01,2026-05-19
C01468,หญิง,45-54,B02,2025-06-22
C01469,ชาย,25-34,B05,2026-02-08
C01470,หญิง,35-44,B02,2025-10-06
C01471,ชาย,18-24,B05,2025-07-12
C01472,หญิง,55+,B01,2025-06-06
C01473,หญิง,45-54,B02,2026-08-30
C01474,หญิง,25-34,B04,2025-12-26
C01475,ชาย,45-54,B02,2026-09-01
C01476,หญิง,45-54,B02,2025-10-19
C01477,ชาย,25-34,B01,2026-01-15
C01478,ชาย,35-44,B01,2026-07-15
C01479,ชาย,45-54,B04,2025-10-22
C01480,หญิง,35-44,B03,2026-04-24
C01481,หญิง,35-44,B01,2026-08-10
C01482,หญิง,25-34,B05,2025-09-20
C01483,ชาย,25-34,B01,2026-03-05
C01484,หญิง,25-34,B04,2025-06-15
C01485,หญิง,25-34,B02,2026-02-01
C01486,หญิง,25-34,B05,2025-06-11
C01487,หญิง,18-24,B05,2025-05-05
C01488,ชาย,ต่ำกว่า 18,B01,2025-11-06
C01489,ชาย,25-34,B05,2025-05-20
C01490,หญิง,25-34,B02,2025-09-12
C01491,ชาย,35-44,B01,2026-04-09
C01492,หญิง,35-44,B01,2026-05-23
C01493,ชาย,25-34,B02,2026-07-16
C01494,ชาย,25-34,B04,2026-06-03
C01495,หญิง,18-24,B02,2025-04-06
C01496,หญิง,18-24,B03,2026-01-18
C01497,หญิง,25-34,B01,2026-07-09
C01498,หญิง,45-54,B05,2026-06-21
C01499,หญิง,25-34,B02,2025-06-27
C01500,ชาย,ต่ำกว่า 18,B02,2025-04-26
C01501,หญิง,45-54,B04,2026-05-12
C01502,ชาย,25-34,B03,2025-12-04
C01503,หญิง,18-24,B02,2026-05-26
C01504,ชาย,35-44,B01,2025-10-10
C01505,ชาย,35-44,B03,2026-07-09
C01506,หญิง,18-24,B03,2025-12-02
C01507,ชาย,25-34,B05,2026-05-31
C01508,หญิง,35-44,B01,2026-05-09
C01509,ชาย,45-54,B02,2025-11-29
C01510,หญิง,25-34,B03,2026-07-15
C01511,หญิง,25-34,B03,2026-02-25
C01512,ชาย,25-34,B02,2026-09-03
C01513,ชาย,25-34,B05,2025-10-06
C01514,หญิง,18-24,B01,2026-04-01
C01515,หญิง,18-24,B02,2025-04-15
C01516,หญิง,18-24,B04,2025-06-20
C01517,หญิง,35-44,B01,2026-03-12
C01518,หญิง,45-54,B05,2026-08-06
C01519,หญิง,45-54,B02,2026-02-16
C01520,หญิง,25-34,B01,2026-04-15
C01521,หญิง,25-34,B01,2025-05-26
C01522,หญิง,18-24,B04,2026-03-28
C01523,ชาย,55+,B05,2025-07-18
C01524,ชาย,35-44,B05,2025-09-06
C01525,ชาย,45-54,B05,2025-09-29
C01526,ชาย,45-54,B03,2026-02-05
C01527,หญิง,25-34,B02,2025-09-22
C01528,ชาย,25-34,B01,2026-02-12
C01529,ชาย,25-34,B02,2026-07-18
C01530,ชาย,45-54,B03,2026-07-17
C01531,หญิง,35-44,B01,2025-07-12
C01532,ชาย,18-24,B01,2025-11-30
C01533,ชาย,25-34,B05,2026-04-29
C01534,หญิง,18-24,B02,2025-08-15
C01535,ชาย,18-24,B01,2025-10-24
C01536,หญิง,45-54,B01,2025-10-05
C01537,หญิง,35-44,B04,2025-12-20
C01538,หญิง,45-54,B01,2025-08-14
C01539,ชาย,18-24,B03,2025-12-25
C01540,หญิง,45-54,B05,2026-07-08
C01541,หญิง,25-34,B05,2026-03-03
C01542,หญิง,18-24,B04,2026-08-28
C01543,หญิง,55+,B05,2025-11-17
C01544,ชาย,18-24,B01,2025-12-01
C01545,หญิง,ต่ำกว่า 18,B02,2026-04-27
C01546,ชาย,18-24,B04,2026-01-11
C01547,ชาย,35-44,B05,2025-10-15
C01548,ชาย,35-44,B03,2026-01-08
C01549,หญิง,45-54,B02,2025-09-14
C01550,หญิง,35-44,B02,2026-01-27
C01551,หญิง,55+,B04,2025-09-27
C01552,หญิง,45-54,B05,2026-01-24
C01553,หญิง,25-34,B01,2026-03-30
C01554,ชาย,35-44,B05,2025-05-26
C01555,หญิง,35-44,B01,2025-12-22
C01556,หญิง,18-24,B01,2026-07-31
C01557,หญิง,35-44,B02,2025-06-26
C01558,หญิง,25-34,B01,2025-05-24
C01559,ชาย,18-24,B03,2026-08-11
C01560,หญิง,25-34,B02,2025-10-28
C01561,หญิง,ต่ำกว่า 18,B02,2026-02-02
C01562,ชาย,25-34,B05,2025-05-02
C01563,หญิง,ต่ำกว่า 18,B02,2025-09-17
C01564,ชาย,35-44,B05,2025-06-15
C01565,หญิง,18-24,B02,2026-09-05
C01566,ชาย,18-24,B04,2025-12-14
C01567,หญิง,45-54,B01,2026-06-12
C01568,หญิง,25-34,B04,2025-04-17
C01569,ชาย,18-24,B04,2026-08-28
C01570,หญิง,18-24,B02,2026-08-23
C01571,ชาย,25-34,B05,2026-05-13
C01572,ชาย,35-44,B04,2026-04-26
C01573,หญิง,ต่ำกว่า 18,B02,2026-06-03
C01574,หญิง,45-54,B05,2025-04-15
C01575,ชาย,18-24,B02,2026-09-11
C01576,หญิง,25-34,B02,2026-05-11
C01577,ชาย,18-24,B02,2026-08-10
C01578,หญิง,35-44,B05,2026-07-05
C01579,หญิง,45-54,B04,2026-05-14
C01580,หญิง,18-24,B03,2025-12-07
C01581,ชาย,35-44,B05,2025-04-06
C01582,ชาย,35-44,B04,2026-04-27
C01583,ชาย,55+,B02,2026-08-16
C01584,ชาย,25-34,B05,2026-01-20
C01585,ชาย,25-34,B04,2026-04-16
C01586,หญิง,18-24,B05,2026-05-01
C01587,ชาย,18-24,B04,2026-06-23
C01588,หญิง,18-24,B05,2025-10-02
C01589,หญิง,ต่ำกว่า 18,B05,2026-02-03
C01590,ชาย,25-34,B05,2026-05-06
C01591,หญิง,45-54,B05,2025-12-05
C01592,หญิง,45-54,B05,2025-09-10
C01593,หญิง,18-24,B02,2026-09-01
C01594,ชาย,25-34,B05,2026-04-18
C01595,ชาย,45-54,B05,2026-08-16
C01596,ชาย,18-24,B02,2026-03-13
C01597,ชาย,25-34,B01,2025-11-22
C01598,หญิง,25-34,B01,2025-11-07
C01599,หญิง,45-54,B02,2026-03-15
C01600,หญิง,35-44,B01,2025-09-28
C01601,ชาย,35-44,B04,2026-03-30
C01602,หญิง,45-54,B01,2026-01-21
C01603,หญิง,18-24,B01,2026-06-01
C01604,ชาย,18-24,B02,2026-09-13
C01605,หญิง,45-54,B02,2026-03-20
C01606,ชาย,25-34,B01,2025-06-23
C01607,หญิง,35-44,B02,2026-06-23
C01608,ชาย,25-34,B01,2025-09-05
C01609,หญิง,45-54,B01,2025-11-10
C01610,ชาย,45-54,B01,2025-07-02
C01611,ชาย,35-44,B04,2025-12-05
C01612,ชาย,25-34,B05,2025-12-13
C01613,หญิง,18-24,B01,2026-05-02
C01614,ไม่ระบุ,45-54,B04,2025-07-20
C01615,ชาย,18-24,B04,2026-04-30
C01616,ชาย,25-34,B03,2026-01-07
C01617,หญิง,25-34,B03,2026-04-18
C01618,ชาย,ต่ำกว่า 18,B04,2026-09-08
C01619,ชาย,18-24,B01,2025-10-28
C01620,ชาย,35-44,B02,2025-05-14
C01621,หญิง,35-44,B03,2026-05-31
C01622,ไม่ระบุ,25-34,B04,2026-03-18
C01623,หญิง,35-44,B01,2026-04-02
C01624,หญิง,18-24,B01,2025-12-11
C01625,ไม่ระบุ,ต่ำกว่า 18,B03,2026-02-16
C01626,ชาย,18-24,B02,2026-08-16
C01627,หญิง,18-24,B05,2026-02-13
C01628,ชาย,25-34,B03,2026-07-06
C01629,ไม่ระบุ,18-24,B04,2026-02-15
C01630,ชาย,55+,B01,2025-07-27
C01631,หญิง,18-24,B02,2025-06-15
C01632,หญิง,ต่ำกว่า 18,B05,2026-08-26
C01633,หญิง,45-54,B05,2025-08-05
C01634,หญิง,18-24,B05,2025-09-26
C01635,หญิง,18-24,B01,2026-04-28
C01636,หญิง,ต่ำกว่า 18,B05,2025-04-09
C01637,ชาย,35-44,B02,2026-08-11
C01638,หญิง,25-34,B01,2026-03-11
C01639,หญิง,18-24,B02,2026-02-04
C01640,ชาย,35-44,B04,2026-06-29
C01641,หญิง,35-44,B02,2025-08-07
C01642,หญิง,25-34,B03,2026-09-13
C01643,ชาย,18-24,B05,2026-08-11
C01644,หญิง,25-34,B01,2025-04-22
C01645,หญิง,35-44,B03,2026-01-26
C01646,ชาย,35-44,B01,2026-07-27
C01647,หญิง,25-34,B04,2025-08-20
C01648,ชาย,18-24,B02,2025-07-07
C01649,หญิง,25-34,B05,2025-12-30
C01650,ไม่ระบุ,35-44,B03,2026-07-05
C01651,หญิง,35-44,B03,2025-12-27
C01652,ไม่ระบุ,45-54,B05,2026-02-14
C01653,ชาย,25-34,B04,2025-10-21
C01654,ไม่ระบุ,45-54,B01,2025-12-23
C01655,หญิง,45-54,B05,2026-07-20
C01656,หญิง,55+,B02,2025-06-20
C01657,หญิง,18-24,B03,2026-08-01
C01658,ไม่ระบุ,25-34,B01,2025-09-15
C01659,หญิง,35-44,B02,2026-01-21
C01660,หญิง,35-44,B01,2025-06-14
C01661,หญิง,25-34,B04,2026-07-21
C01662,ชาย,18-24,B05,2026-09-02
C01663,หญิง,45-54,B05,2025-12-30
C01664,หญิง,25-34,B01,2025-06-16
C01665,หญิง,18-24,B03,2025-12-02
C01666,ชาย,18-24,B03,2026-03-18
C01667,หญิง,25-34,B01,2025-04-05
C01668,หญิง,18-24,B04,2025-04-21
C01669,หญิง,35-44,B05,2025-04-10
C01670,หญิง,18-24,B01,2026-02-07
C01671,หญิง,18-24,B04,2025-06-16
C01672,ชาย,25-34,B02,2026-07-04
C01673,ชาย,25-34,B02,2025-07-21
C01674,หญิง,25-34,B05,2026-04-26
C01675,ชาย,25-34,B02,2025-07-16
C01676,หญิง,35-44,B03,2025-12-11
C01677,หญิง,18-24,B04,2026-02-20
C01678,ชาย,18-24,B05,2025-08-24
C01679,หญิง,55+,B02,2026-04-28
C01680,หญิง,35-44,B05,2026-06-14
C01681,ชาย,18-24,B01,2026-02-15
C01682,หญิง,25-34,B05,2026-07-13
C01683,ไม่ระบุ,25-34,B03,2025-12-21
C01684,หญิง,35-44,B01,2026-01-13
C01685,หญิง,ต่ำกว่า 18,B05,2026-01-31
C01686,หญิง,45-54,B05,2025-04-08
C01687,ชาย,18-24,B04,2025-05-04
C01688,ชาย,18-24,B04,2026-05-08
C01689,หญิง,25-34,B04,2026-05-12
C01690,หญิง,35-44,B01,2025-04-18
C01691,หญิง,25-34,B05,2025-04-17
C01692,หญิง,25-34,B01,2025-05-09
C01693,หญิง,35-44,B01,2026-02-22
C01694,หญิง,35-44,B01,2026-04-05
C01695,ชาย,25-34,B05,2026-02-28
C01696,หญิง,35-44,B01,2026-01-18
C01697,ชาย,35-44,B02,2025-12-06
C01698,หญิง,35-44,B02,2025-07-20
C01699,หญิง,18-24,B03,2026-06-18
C01700,ชาย,45-54,B05,2025-09-25
C01701,หญิง,35-44,B04,2026-09-05
C01702,หญิง,ต่ำกว่า 18,B05,2026-04-01
C01703,หญิง,35-44,B05,2026-08-27
C01704,หญิง,35-44,B01,2026-07-18
C01705,ชาย,35-44,B05,2026-03-09
C01706,หญิง,18-24,B02,2026-02-09
C01707,ชาย,18-24,B03,2026-09-07
C01708,หญิง,35-44,B01,2025-09-05
C01709,ชาย,25-34,B02,2025-04-25
C01710,ชาย,25-34,B05,2025-12-16
C01711,หญิง,55+,B02,2025-08-15
C01712,หญิง,25-34,B03,2026-08-21
C01713,หญิง,18-24,B05,2026-01-04
C01714,หญิง,18-24,B05,2026-09-05
C01715,ชาย,55+,B01,2025-05-27
C01716,ไม่ระบุ,ต่ำกว่า 18,B02,2026-04-18
C01717,ชาย,45-54,B01,2026-09-07
C01718,หญิง,18-24,B01,2026-06-09
C01719,หญิง,35-44,B01,2025-10-16
C01720,หญิง,25-34,B05,2025-10-31
C01721,ชาย,25-34,B04,2026-01-24
C01722,ชาย,18-24,B02,2025-11-10
C01723,ชาย,25-34,B01,2026-01-11
C01724,หญิง,35-44,B02,2026-06-07
C01725,หญิง,25-34,B02,2025-11-12
C01726,ชาย,18-24,B02,2025-08-17
C01727,หญิง,35-44,B01,2025-12-28
C01728,หญิง,18-24,B05,2025-10-04
C01729,หญิง,35-44,B01,2026-05-27
C01730,ชาย,25-34,B01,2026-01-03
C01731,หญิง,25-34,B04,2025-04-10
C01732,หญิง,ต่ำกว่า 18,B01,2025-10-21
C01733,หญิง,25-34,B01,2026-05-25
C01734,ชาย,18-24,B01,2026-07-24
C01735,หญิง,ต่ำกว่า 18,B03,2026-08-06
C01736,ชาย,25-34,B01,2026-08-19
C01737,หญิง,ต่ำกว่า 18,B03,2026-07-11
C01738,หญิง,18-24,B03,2026-06-05
C01739,หญิง,18-24,B02,2026-01-21
C01740,หญิง,35-44,B01,2026-08-30
C01741,ไม่ระบุ,18-24,B02,2026-05-21
C01742,ชาย,35-44,B04,2025-12-17
C01743,ชาย,25-34,B05,2025-04-29
C01744,ชาย,25-34,B01,2026-04-05
C01745,หญิง,35-44,B04,2026-08-17
C01746,ชาย,18-24,B04,2026-06-26
C01747,ชาย,25-34,B05,2025-12-12
C01748,ชาย,18-24,B04,2026-08-29
C01749,ชาย,25-34,B03,2025-12-06
C01750,หญิง,45-54,B02,2026-06-20
C01751,หญิง,35-44,B02,2026-02-24
C01752,ชาย,18-24,B05,2026-02-20
C01753,หญิง,25-34,B01,2025-10-20
C01754,ชาย,35-44,B05,2026-08-18
C01755,หญิง,25-34,B03,2026-03-02
C01756,หญิง,35-44,B02,2026-08-29
C01757,ชาย,18-24,B05,2026-08-17
C01758,หญิง,25-34,B05,2026-01-08
C01759,หญิง,18-24,B01,2025-09-27
C01760,หญิง,25-34,B03,2026-02-08
C01761,หญิง,18-24,B01,2026-06-07
C01762,ชาย,25-34,B05,2026-03-21
C01763,ชาย,25-34,B02,2026-02-13
C01764,หญิง,55+,B05,2025-09-22
C01765,หญิง,45-54,B03,2026-06-20
C01766,ชาย,25-34,B03,2025-12-30
C01767,หญิง,18-24,B04,2026-07-16
C01768,หญิง,25-34,B01,2026-04-04
C01769,หญิง,35-44,B05,2025-10-22
C01770,ชาย,35-44,B02,2025-11-11
C01771,หญิง,25-34,B02,2026-02-24
C01772,หญิง,25-34,B05,2026-07-29
C01773,หญิง,55+,B02,2026-01-29
C01774,หญิง,18-24,B04,2026-09-06
C01775,ชาย,35-44,B05,2025-12-18
C01776,หญิง,18-24,B03,2026-01-04
C01777,ชาย,25-34,B01,2025-12-29
C01778,ไม่ระบุ,45-54,B02,2025-09-22
C01779,ชาย,45-54,B04,2025-08-09
C01780,หญิง,18-24,B04,2025-10-11
C01781,หญิง,45-54,B01,2025-04-27
C01782,หญิง,25-34,B02,2025-10-18
C01783,หญิง,18-24,B02,2026-02-18
C01784,หญิง,18-24,B02,2026-01-11
C01785,หญิง,25-34,B02,2026-04-10
C01786,ชาย,18-24,B05,2026-09-06
C01787,ชาย,18-24,B02,2026-04-05
C01788,ชาย,45-54,B02,2025-11-12
C01789,หญิง,18-24,B01,2025-11-11
C01790,หญิง,45-54,B03,2026-01-08
C01791,ชาย,25-34,B05,2026-02-22
C01792,หญิง,18-24,B02,2025-08-07
C01793,หญิง,45-54,B01,2025-05-18
C01794,ชาย,18-24,B04,2026-04-10
C01795,ไม่ระบุ,18-24,B01,2025-06-05
C01796,ชาย,55+,B02,2025-05-05
C01797,ชาย,25-34,B01,2025-12-11
C01798,ชาย,35-44,B02,2026-06-03
C01799,หญิง,35-44,B01,2025-11-07
C01800,ชาย,35-44,B05,2026-04-23
C01801,ชาย,25-34,B02,2026-02-16
C01802,หญิง,18-24,B04,2025-07-14
C01803,ไม่ระบุ,25-34,B02,2025-12-12
C01804,ชาย,25-34,B02,2025-10-10
C01805,หญิง,35-44,B04,2025-12-06
C01806,หญิง,25-34,B03,2026-01-21
C01807,หญิง,25-34,B01,2026-07-15
C01808,หญิง,55+,B04,2026-05-18
C01809,หญิง,25-34,B01,2025-10-24
C01810,หญิง,18-24,B02,2026-01-21
C01811,ชาย,55+,B05,2026-01-20
C01812,ชาย,35-44,B02,2026-08-26
C01813,ไม่ระบุ,35-44,B05,2026-04-02
C01814,ชาย,18-24,B01,2026-03-01
C01815,หญิง,35-44,B04,2026-06-27
C01816,ชาย,25-34,B02,2025-06-12
C01817,หญิง,25-34,B05,2025-06-04
C01818,ไม่ระบุ,25-34,B05,2025-07-20
C01819,หญิง,18-24,B01,2025-04-24
C01820,หญิง,25-34,B01,2025-09-12
C01821,ชาย,25-34,B03,2025-12-31
C01822,หญิง,18-24,B02,2026-01-29
C01823,หญิง,45-54,B02,2026-02-16
C01824,หญิง,35-44,B03,2026-08-14
C01825,หญิง,ต่ำกว่า 18,B03,2026-03-08
C01826,ชาย,18-24,B02,2026-03-17
C01827,ชาย,55+,B02,2026-01-30
C01828,หญิง,18-24,B02,2026-07-31
C01829,หญิง,35-44,B05,2026-06-02
C01830,หญิง,25-34,B05,2025-07-13
C01831,หญิง,45-54,B02,2025-11-14
C01832,ชาย,25-34,B04,2025-08-30
C01833,หญิง,18-24,B03,2026-02-26
C01834,หญิง,25-34,B03,2026-05-11
C01835,หญิง,35-44,B03,2025-11-08
C01836,หญิง,18-24,B02,2025-06-08
C01837,หญิง,18-24,B02,2026-07-28
C01838,หญิง,18-24,B03,2026-05-24
C01839,ชาย,45-54,B01,2026-04-02
C01840,หญิง,25-34,B02,2026-07-17
C01841,หญิง,ต่ำกว่า 18,B02,2026-05-01
C01842,หญิง,45-54,B03,2026-07-22
C01843,ชาย,55+,B04,2025-05-13
C01844,หญิง,35-44,B03,2026-06-08
C01845,ชาย,18-24,B05,2026-07-30
C01846,ชาย,25-34,B02,2026-04-10
C01847,หญิง,45-54,B04,2025-10-20
C01848,หญิง,35-44,B01,2025-12-01
C01849,ชาย,45-54,B05,2026-07-03
C01850,ชาย,25-34,B05,2025-04-21
C01851,ชาย,55+,B01,2025-08-27
C01852,หญิง,18-24,B05,2026-06-05
C01853,ชาย,25-34,B05,2026-08-29
C01854,หญิง,45-54,B05,2025-11-25
C01855,หญิง,35-44,B02,2025-07-25
C01856,ชาย,25-34,B01,2025-12-10
C01857,หญิง,25-34,B02,2025-09-20
C01858,ชาย,25-34,B03,2026-03-21
C01859,หญิง,25-34,B01,2026-05-31
C01860,หญิง,18-24,B02,2025-12-27
C01861,หญิง,25-34,B01,2025-10-07
C01862,หญิง,35-44,B02,2026-03-11
C01863,หญิง,35-44,B02,2026-04-16
C01864,หญิง,18-24,B01,2025-12-18
C01865,ชาย,25-34,B01,2026-03-01
C01866,ชาย,25-34,B02,2025-11-21
C01867,ชาย,35-44,B01,2026-09-14
C01868,หญิง,25-34,B05,2026-01-08
C01869,หญิง,45-54,B05,2026-02-06
C01870,ชาย,25-34,B04,2025-10-20
C01871,ไม่ระบุ,25-34,B02,2026-02-28
C01872,ชาย,ต่ำกว่า 18,B04,2026-05-27
C01873,หญิง,35-44,B04,2026-09-14
C01874,ชาย,25-34,B04,2026-06-13
C01875,หญิง,18-24,B04,2026-09-11
C01876,หญิง,18-24,B02,2025-05-26
C01877,หญิง,35-44,B04,2026-08-14
C01878,ชาย,25-34,B03,2026-05-15
C01879,หญิง,45-54,B02,2025-06-25
C01880,ชาย,18-24,B04,2025-07-05
C01881,หญิง,45-54,B01,2026-07-01
C01882,หญิง,18-24,B05,2025-06-24
C01883,ชาย,35-44,B04,2025-08-01
C01884,หญิง,18-24,B03,2026-02-04
C01885,หญิง,35-44,B02,2026-05-06
C01886,ชาย,25-34,B01,2025-11-01
C01887,ชาย,18-24,B05,2025-07-31
C01888,หญิง,45-54,B02,2025-04-15
C01889,หญิง,25-34,B02,2025-07-18
C01890,ชาย,55+,B03,2026-01-15
C01891,ชาย,18-24,B03,2026-07-01
C01892,หญิง,18-24,B01,2025-05-15
C01893,ชาย,35-44,B02,2026-07-20
C01894,หญิง,25-34,B05,2025-06-20
C01895,ชาย,25-34,B04,2025-10-11
C01896,ชาย,18-24,B05,2025-09-26
C01897,หญิง,35-44,B03,2026-07-26
C01898,หญิง,25-34,B03,2026-04-21
C01899,ชาย,25-34,B02,2025-12-23
C01900,ชาย,35-44,B05,2026-07-13
C01901,ชาย,55+,B02,2025-10-15
C01902,ชาย,18-24,B05,2026-07-08
C01903,ชาย,18-24,B04,2025-08-24
C01904,หญิง,45-54,B02,2026-09-05
C01905,ชาย,25-34,B01,2026-03-25
C01906,ชาย,35-44,B02,2026-06-18
C01907,หญิง,25-34,B03,2026-03-31
C01908,ชาย,25-34,B04,2025-04-19
C01909,หญิง,35-44,B01,2025-11-22
C01910,หญิง,35-44,B05,2026-08-09
C01911,หญิง,35-44,B02,2025-05-26
C01912,หญิง,25-34,B04,2025-10-31
C01913,ชาย,18-24,B01,2026-08-23
C01914,ชาย,25-34,B01,2026-07-13
C01915,หญิง,35-44,B02,2025-08-11
C01916,ชาย,45-54,B01,2026-07-13
C01917,หญิง,18-24,B05,2025-09-11
C01918,หญิง,35-44,B03,2025-11-06
C01919,หญิง,18-24,B05,2025-06-02
C01920,หญิง,25-34,B04,2025-12-26
C01921,ชาย,25-34,B02,2026-01-02
C01922,ชาย,45-54,B02,2026-07-22
C01923,หญิง,18-24,B03,2026-07-05
C01924,หญิง,18-24,B05,2026-03-25
C01925,ชาย,25-34,B04,2026-07-22
C01926,หญิง,18-24,B05,2025-12-23
C01927,ชาย,35-44,B02,2025-08-12
C01928,หญิง,45-54,B04,2025-05-01
C01929,ชาย,35-44,B01,2026-03-10
C01930,หญิง,45-54,B02,2026-04-22
C01931,หญิง,18-24,B01,2025-08-14
C01932,หญิง,25-34,B02,2025-08-06
C01933,ชาย,18-24,B02,2026-01-25
C01934,ชาย,35-44,B02,2026-07-24
C01935,หญิง,18-24,B01,2025-05-13
C01936,หญิง,18-24,B03,2026-03-19
C01937,หญิง,25-34,B03,2026-09-03
C01938,หญิง,35-44,B05,2025-08-22
C01939,ชาย,18-24,B03,2026-04-28
C01940,ชาย,25-34,B04,2026-08-26
C01941,หญิง,25-34,B05,2025-11-04
C01942,หญิง,18-24,B01,2026-04-03
C01943,หญิง,18-24,B04,2026-02-04
C01944,ชาย,25-34,B03,2025-12-18
C01945,หญิง,55+,B04,2026-07-01
C01946,ชาย,35-44,B02,2025-08-28
C01947,หญิง,25-34,B01,2026-07-05
C01948,หญิง,45-54,B02,2025-09-02
C01949,ชาย,25-34,B02,2026-01-25
C01950,ชาย,25-34,B02,2025-05-20
C01951,หญิง,45-54,B01,2026-05-04
C01952,ชาย,45-54,B01,2025-10-17
C01953,ชาย,25-34,B05,2026-02-21
C01954,หญิง,18-24,B01,2025-07-13
C01955,หญิง,25-34,B02,2026-07-13
C01956,หญิง,18-24,B02,2026-05-14
C01957,หญิง,55+,B03,2026-06-20
C01958,ชาย,25-34,B03,2026-01-16
C01959,หญิง,35-44,B02,2026-01-11
C01960,ชาย,18-24,B02,2026-09-08
C01961,ไม่ระบุ,25-34,B01,2026-03-03
C01962,ชาย,55+,B04,2025-11-09
C01963,หญิง,45-54,B02,2025-06-03
C01964,หญิง,25-34,B04,2025-09-19
C01965,หญิง,55+,B01,2025-07-16
C01966,ชาย,25-34,B02,2026-08-15
C01967,หญิง,35-44,B02,2025-12-15
C01968,หญิง,25-34,B05,2026-06-17
C01969,หญิง,25-34,B05,2025-05-13
C01970,ชาย,18-24,B01,2025-12-29
C01971,ชาย,ต่ำกว่า 18,B04,2025-10-03
C01972,หญิง,18-24,B01,2025-09-18
C01973,หญิง,25-34,B02,2026-02-28
C01974,ชาย,18-24,B01,2026-08-21
C01975,ชาย,35-44,B02,2026-03-02
C01976,ชาย,45-54,B01,2025-11-21
C01977,ไม่ระบุ,25-34,B01,2025-08-03
C01978,ชาย,35-44,B03,2026-05-20
C01979,ชาย,45-54,B02,2026-05-06
C01980,หญิง,25-34,B03,2025-12-27
C01981,ไม่ระบุ,45-54,B05,2025-12-23
C01982,หญิง,45-54,B02,2026-06-23
C01983,หญิง,18-24,B01,2025-05-01
C01984,ชาย,25-34,B02,2025-10-16
C01985,ไม่ระบุ,45-54,B02,2026-05-15
C01986,หญิง,35-44,B02,2026-06-18
C01987,ชาย,18-24,B01,2026-03-17
C01988,หญิง,25-34,B04,2025-08-07
C01989,หญิง,25-34,B01,2025-04-24
C01990,หญิง,18-24,B02,2025-06-22
C01991,ชาย,35-44,B01,2026-01-25
C01992,หญิง,18-24,B04,2025-07-30
C01993,หญิง,35-44,B05,2026-06-16
C01994,หญิง,25-34,B04,2026-08-02
C01995,หญิง,25-34,B01,2026-04-29
C01996,ชาย,18-24,B01,2026-02-14
C01997,ชาย,25-34,B01,2025-08-11
C01998,หญิง,55+,B01,2026-01-12
C01999,หญิง,35-44,B01,2026-05-23
C02000,ชาย,45-54,B05,2025-07-14
C02001,ชาย,45-54,B02,2026-06-21
C02002,ไม่ระบุ,35-44,B01,2026-08-04
C02003,หญิง,18-24,B01,2025-08-27
C02004,ไม่ระบุ,35-44,B03,2026-07-14
C02005,ชาย,25-34,B05,2026-07-03
C02006,ชาย,35-44,B05,2025-12-31
C02007,หญิง,25-34,B01,2026-03-10
C02008,ชาย,18-24,B04,2026-04-08
C02009,หญิง,25-34,B05,2025-08-07
C02010,ชาย,18-24,B04,2025-05-30
C02011,หญิง,35-44,B02,2026-03-12
C02012,ชาย,25-34,B05,2026-06-06
C02013,หญิง,45-54,B02,2025-12-23
C02014,หญิง,18-24,B05,2026-04-12
C02015,หญิง,25-34,B02,2025-11-17
C02016,หญิง,18-24,B02,2025-06-07
C02017,หญิง,18-24,B04,2026-01-28
C02018,ชาย,18-24,B04,2025-12-10
C02019,ชาย,ต่ำกว่า 18,B05,2025-10-23
C02020,ชาย,18-24,B05,2026-08-24
C02021,ชาย,25-34,B02,2025-06-25
C02022,หญิง,25-34,B02,2025-11-18
C02023,ชาย,ต่ำกว่า 18,B05,2025-10-03
C02024,หญิง,18-24,B01,2026-07-24
C02025,ชาย,ต่ำกว่า 18,B02,2025-11-05
C02026,หญิง,35-44,B05,2026-04-26
C02027,หญิง,18-24,B05,2026-03-04
C02028,ชาย,45-54,B01,2026-05-21
C02029,ชาย,25-34,B05,2026-05-19
C02030,หญิง,35-44,B03,2026-09-08
C02031,ชาย,35-44,B05,2026-06-15
C02032,หญิง,35-44,B01,2026-06-15
C02033,หญิง,25-34,B01,2026-05-31
C02034,ชาย,25-34,B05,2026-05-20
C02035,หญิง,18-24,B02,2026-08-17
C02036,หญิง,18-24,B01,2026-02-14
C02037,หญิง,25-34,B05,2025-05-21
C02038,ชาย,45-54,B05,2026-07-20
C02039,หญิง,18-24,B04,2025-04-12
C02040,ชาย,45-54,B01,2025-04-02
C02041,ชาย,25-34,B03,2026-01-18
C02042,หญิง,55+,B04,2025-09-01
C02043,หญิง,45-54,B01,2025-12-06
C02044,หญิง,18-24,B05,2025-08-10
C02045,หญิง,35-44,B01,2025-06-14
C02046,หญิง,45-54,B04,2026-06-02
C02047,ชาย,25-34,B02,2026-05-28
C02048,หญิง,25-34,B05,2025-04-07
C02049,ชาย,35-44,B03,2026-02-13
C02050,ชาย,25-34,B05,2026-08-31
C02051,หญิง,35-44,B01,2025-11-13
C02052,ชาย,18-24,B03,2026-01-08
C02053,ชาย,45-54,B02,2026-05-19
C02054,หญิง,18-24,B04,2026-01-06
C02055,หญิง,25-34,B02,2025-12-28
C02056,หญิง,35-44,B02,2025-05-14
C02057,ชาย,25-34,B02,2025-04-15
C02058,หญิง,45-54,B03,2025-12-15
C02059,หญิง,25-34,B04,2026-09-11
C02060,ไม่ระบุ,18-24,B04,2025-08-27
C02061,ชาย,35-44,B01,2025-06-08
C02062,หญิง,35-44,B05,2026-04-07
C02063,ชาย,18-24,B05,2025-09-20
C02064,ชาย,18-24,B04,2025-04-19
C02065,ชาย,25-34,B05,2025-06-03
C02066,หญิง,25-34,B01,2026-05-18
C02067,ชาย,45-54,B05,2025-10-11
C02068,ชาย,45-54,B02,2025-11-17
C02069,หญิง,25-34,B01,2025-04-15
C02070,หญิง,55+,B02,2025-11-19
C02071,หญิง,25-34,B05,2026-06-05
C02072,หญิง,25-34,B03,2026-03-11
C02073,หญิง,18-24,B05,2025-11-22
C02074,หญิง,18-24,B03,2025-11-12
C02075,ชาย,18-24,B04,2026-02-16
C02076,ชาย,ต่ำกว่า 18,B05,2025-12-03
C02077,หญิง,18-24,B04,2025-12-06
C02078,หญิง,55+,B02,2026-08-07
C02079,ชาย,18-24,B03,2026-06-06
C02080,หญิง,45-54,B05,2026-03-15
C02081,หญิง,45-54,B02,2026-08-01
C02082,หญิง,25-34,B02,2026-01-24
C02083,หญิง,25-34,B01,2026-08-09
C02084,หญิง,35-44,B01,2026-02-15
C02085,หญิง,18-24,B01,2025-06-02
C02086,ชาย,18-24,B01,2025-10-15
C02087,หญิง,ต่ำกว่า 18,B03,2026-07-20
C02088,ชาย,18-24,B04,2025-05-31
C02089,หญิง,25-34,B02,2025-04-11
C02090,ชาย,18-24,B04,2026-03-18
C02091,ชาย,45-54,B05,2025-12-01
C02092,ชาย,35-44,B01,2025-06-27
C02093,ชาย,25-34,B04,2025-04-26
C02094,หญิง,35-44,B01,2026-07-16
C02095,หญิง,35-44,B02,2026-06-14
C02096,ไม่ระบุ,35-44,B05,2026-07-07
C02097,หญิง,55+,B02,2026-06-09
C02098,หญิง,18-24,B02,2025-05-15
C02099,ชาย,25-34,B02,2026-03-06
C02100,หญิง,25-34,B05,2025-06-15
C02101,หญิง,ต่ำกว่า 18,B04,2025-06-15
C02102,หญิง,35-44,B04,2026-05-10
C02103,หญิง,18-24,B05,2025-06-22
C02104,ชาย,18-24,B04,2026-06-07
C02105,หญิง,35-44,B04,2026-08-16
C02106,ชาย,45-54,B04,2026-08-25
C02107,ชาย,35-44,B01,2026-06-03
C02108,หญิง,45-54,B05,2026-05-05
C02109,ชาย,25-34,B01,2026-08-27
C02110,ชาย,25-34,B05,2025-12-04
C02111,ชาย,18-24,B01,2025-08-11
C02112,ชาย,18-24,B02,2025-09-20
C02113,ชาย,18-24,B01,2025-08-11
C02114,หญิง,18-24,B04,2025-06-16
C02115,ชาย,45-54,B04,2025-09-09
C02116,หญิง,ต่ำกว่า 18,B05,2025-08-20
C02117,หญิง,25-34,B02,2026-05-01
C02118,หญิง,55+,B03,2026-07-14
C02119,หญิง,45-54,B01,2026-04-04
C02120,ไม่ระบุ,18-24,B02,2026-08-25
C02121,หญิง,35-44,B03,2025-11-26
C02122,หญิง,45-54,B05,2026-02-04
C02123,ชาย,18-24,B01,2026-07-16
C02124,ชาย,18-24,B02,2025-09-29
C02125,หญิง,35-44,B01,2026-04-18
C02126,ชาย,35-44,B02,2025-05-18
C02127,หญิง,45-54,B01,2026-06-15
C02128,ชาย,25-34,B01,2026-05-16
C02129,หญิง,18-24,B05,2026-03-08
C02130,หญิง,55+,B01,2025-05-17
C02131,ไม่ระบุ,18-24,B01,2025-04-13
C02132,ไม่ระบุ,35-44,B03,2026-01-30
C02133,ชาย,45-54,B05,2025-08-13
C02134,หญิง,25-34,B02,2025-08-12
C02135,ชาย,25-34,B05,2026-08-07
C02136,หญิง,18-24,B03,2026-04-15
C02137,หญิง,18-24,B02,2026-08-17
C02138,หญิง,18-24,B05,2025-05-15
C02139,หญิง,35-44,B02,2026-04-24
C02140,หญิง,18-24,B01,2025-08-07
C02141,หญิง,25-34,B02,2025-07-19
C02142,หญิง,25-34,B01,2026-08-14
C02143,ชาย,45-54,B01,2026-05-16
C02144,ชาย,25-34,B01,2026-06-14
C02145,ชาย,25-34,B01,2026-05-17
C02146,ชาย,35-44,B02,2025-08-02
C02147,หญิง,18-24,B03,2026-08-08
C02148,ไม่ระบุ,35-44,B04,2026-07-05
C02149,ชาย,18-24,B05,2026-06-03
C02150,หญิง,18-24,B01,2025-04-21
C02151,ชาย,55+,B01,2026-09-13
C02152,หญิง,25-34,B02,2026-07-27
C02153,หญิง,25-34,B05,2026-04-12
C02154,หญิง,18-24,B02,2026-04-08
C02155,หญิง,18-24,B03,2026-04-13
C02156,หญิง,45-54,B01,2025-08-30
C02157,ไม่ระบุ,45-54,B05,2026-05-27
C02158,ชาย,25-34,B04,2025-07-15
C02159,หญิง,18-24,B03,2026-02-24
C02160,ชาย,55+,B02,2025-11-09
C02161,หญิง,35-44,B05,2026-03-03
C02162,หญิง,18-24,B05,2025-09-14
C02163,หญิง,35-44,B04,2025-10-28
C02164,หญิง,25-34,B03,2026-08-22
C02165,ชาย,ต่ำกว่า 18,B05,2026-09-06
C02166,ชาย,18-24,B05,2025-12-21
C02167,หญิง,25-34,B01,2026-04-01
C02168,หญิง,25-34,B05,2025-10-27
C02169,หญิง,55+,B04,2026-05-31
C02170,หญิง,25-34,B05,2026-04-23
C02171,หญิง,25-34,B03,2025-11-13
C02172,ชาย,45-54,B05,2025-09-17
C02173,หญิง,25-34,B04,2025-12-10
C02174,ชาย,25-34,B03,2026-04-10
C02175,หญิง,18-24,B05,2025-06-23
C02176,หญิง,35-44,B01,2026-05-02
C02177,ชาย,35-44,B02,2025-06-25
C02178,ชาย,25-34,B04,2025-09-22
C02179,หญิง,25-34,B01,2025-06-24
C02180,หญิง,25-34,B02,2025-09-10
C02181,ชาย,35-44,B03,2026-05-13
C02182,หญิง,35-44,B05,2026-03-31
C02183,หญิง,45-54,B04,2026-05-27
C02184,หญิง,25-34,B05,2025-12-22
C02185,หญิง,35-44,B05,2025-07-08
C02186,ชาย,25-34,B04,2025-09-23
C02187,ชาย,35-44,B04,2026-09-07
C02188,ชาย,25-34,B02,2026-05-12
C02189,หญิง,25-34,B05,2025-07-28
C02190,ชาย,25-34,B01,2025-06-17
C02191,ชาย,25-34,B04,2026-04-01
C02192,ชาย,18-24,B01,2025-07-16
C02193,ไม่ระบุ,45-54,B03,2026-06-06
C02194,หญิง,25-34,B05,2025-10-02
C02195,หญิง,45-54,B05,2025-05-21
C02196,ชาย,35-44,B02,2026-04-08
C02197,หญิง,35-44,B04,2026-03-25
C02198,ชาย,25-34,B01,2025-06-04
C02199,ชาย,35-44,B05,2026-05-21
C02200,ชาย,35-44,B05,2025-08-27
C02201,หญิง,25-34,B05,2025-12-17
C02202,ชาย,ต่ำกว่า 18,B04,2026-01-20
C02203,หญิง,25-34,B03,2025-11-13
C02204,หญิง,25-34,B02,2025-04-01
C02205,ชาย,55+,B02,2025-09-27
C02206,หญิง,25-34,B01,2026-03-07
C02207,ชาย,35-44,B02,2025-04-14
C02208,หญิง,18-24,B03,2026-03-16
C02209,หญิง,55+,B04,2025-06-11
C02210,ชาย,55+,B04,2026-04-26
C02211,ชาย,25-34,B05,2026-03-17
C02212,หญิง,55+,B04,2026-06-04
C02213,หญิง,25-34,B04,2026-06-28
C02214,หญิง,ต่ำกว่า 18,B03,2026-07-29
C02215,หญิง,45-54,B02,2025-05-16
C02216,หญิง,18-24,B04,2026-03-26
C02217,ชาย,25-34,B05,2025-07-07
C02218,ชาย,45-54,B05,2025-10-02
C02219,หญิง,18-24,B02,2026-09-08
C02220,หญิง,25-34,B04,2025-11-17
C02221,หญิง,25-34,B01,2026-04-07
C02222,หญิง,25-34,B02,2026-08-25
C02223,ชาย,25-34,B03,2026-08-05
C02224,หญิง,25-34,B05,2025-12-14
C02225,หญิง,25-34,B05,2025-07-23
C02226,ชาย,35-44,B01,2026-05-25
C02227,ชาย,55+,B05,2025-11-23
C02228,หญิง,45-54,B05,2026-01-08
C02229,หญิง,25-34,B05,2026-06-14
C02230,หญิง,18-24,B02,2026-03-16
C02231,ชาย,25-34,B04,2026-07-08
C02232,หญิง,35-44,B04,2026-03-10
C02233,หญิง,35-44,B03,2026-03-23
C02234,ชาย,18-24,B01,2025-10-28
C02235,หญิง,55+,B02,2025-08-15
C02236,หญิง,25-34,B05,2025-10-06
C02237,หญิง,18-24,B02,2025-07-27
C02238,หญิง,25-34,B01,2026-04-18
C02239,หญิง,25-34,B01,2025-12-31
C02240,ชาย,35-44,B04,2025-06-02
C02241,ชาย,35-44,B05,2026-01-03
C02242,ไม่ระบุ,45-54,B01,2026-07-05
C02243,หญิง,35-44,B02,2025-07-28
C02244,ไม่ระบุ,55+,B02,2025-05-04
C02245,ชาย,18-24,B02,2026-09-03
C02246,หญิง,25-34,B01,2026-01-12
C02247,ชาย,25-34,B05,2026-03-16
C02248,ชาย,35-44,B02,2026-03-15
C02249,หญิง,35-44,B04,2025-05-29
C02250,ชาย,25-34,B05,2025-08-24
C02251,ชาย,35-44,B02,2026-01-31
C02252,หญิง,25-34,B01,2025-09-17
C02253,ชาย,45-54,B05,2026-01-28
C02254,หญิง,25-34,B05,2026-01-23
C02255,หญิง,25-34,B01,2025-08-20
C02256,หญิง,25-34,B02,2025-09-29
C02257,หญิง,25-34,B05,2026-01-04
C02258,หญิง,25-34,B01,2026-01-03
C02259,หญิง,35-44,B03,2025-11-29
C02260,หญิง,25-34,B03,2025-12-29
C02261,หญิง,25-34,B02,2025-04-10
C02262,หญิง,18-24,B05,2025-04-26
C02263,ชาย,35-44,B03,2026-06-30
C02264,ชาย,55+,B05,2025-11-17
C02265,หญิง,35-44,B04,2026-04-13
C02266,หญิง,45-54,B02,2026-08-22
C02267,ชาย,25-34,B01,2025-05-04
C02268,หญิง,45-54,B04,2025-09-21
C02269,ชาย,18-24,B02,2026-03-28
C02270,ชาย,55+,B03,2026-01-13
C02271,ชาย,45-54,B01,2025-09-07
C02272,ไม่ระบุ,55+,B05,2025-07-15
C02273,หญิง,25-34,B05,2025-08-07
C02274,หญิง,ต่ำกว่า 18,B05,2025-07-27
C02275,ไม่ระบุ,35-44,B04,2026-01-26
C02276,ชาย,18-24,B01,2026-08-17
C02277,หญิง,35-44,B05,2026-08-24
C02278,ชาย,25-34,B01,2026-05-14
C02279,ชาย,18-24,B02,2026-07-14
C02280,ชาย,25-34,B02,2025-09-15
C02281,หญิง,18-24,B03,2026-03-08
C02282,หญิง,25-34,B02,2025-05-08
C02283,ชาย,18-24,B02,2025-12-28
C02284,หญิง,18-24,B04,2025-04-18
C02285,ชาย,ต่ำกว่า 18,B03,2025-11-01
C02286,ชาย,35-44,B01,2025-07-02
C02287,ชาย,35-44,B01,2026-04-11
C02288,หญิง,25-34,B01,2026-08-09
C02289,ชาย,25-34,B05,2026-06-03
C02290,ชาย,35-44,B02,2025-04-13
C02291,หญิง,55+,B05,2026-07-05
C02292,หญิง,45-54,B03,2026-02-27
C02293,ชาย,25-34,B03,2026-03-28
C02294,หญิง,55+,B01,2025-05-24
C02295,หญิง,35-44,B01,2026-06-13
C02296,หญิง,25-34,B03,2026-02-02
C02297,ชาย,35-44,B01,2026-01-31
C02298,ชาย,35-44,B05,2026-05-22
C02299,ชาย,55+,B04,2025-09-12
C02300,หญิง,25-34,B01,2025-09-15
C02301,หญิง,25-34,B02,2026-04-09
C02302,ชาย,ต่ำกว่า 18,B04,2025-08-16
C02303,ชาย,25-34,B04,2025-12-15
C02304,ชาย,18-24,B04,2026-02-12
C02305,หญิง,35-44,B05,2025-06-17
C02306,หญิง,45-54,B01,2026-03-24
C02307,ชาย,45-54,B05,2025-04-27
C02308,หญิง,18-24,B03,2026-01-12
C02309,หญิง,25-34,B05,2025-06-27
C02310,หญิง,35-44,B01,2025-07-13
C02311,ชาย,18-24,B01,2025-06-23
C02312,หญิง,25-34,B05,2026-01-29
C02313,ชาย,25-34,B04,2025-07-02
C02314,หญิง,18-24,B02,2026-02-28
C02315,ชาย,25-34,B02,2026-03-16
C02316,ไม่ระบุ,45-54,B05,2025-05-30
C02317,หญิง,18-24,B04,2025-05-04
C02318,หญิง,55+,B04,2026-04-05
C02319,หญิง,35-44,B05,2026-04-01
C02320,ชาย,55+,B05,2025-06-23
C02321,ชาย,25-34,B03,2026-05-06
C02322,หญิง,35-44,B05,2025-05-25
C02323,หญิง,45-54,B04,2025-11-05
C02324,หญิง,18-24,B03,2026-06-24
C02325,หญิง,45-54,B01,2025-11-01
C02326,ชาย,18-24,B04,2026-02-17
C02327,หญิง,35-44,B04,2026-06-29
C02328,ชาย,25-34,B01,2025-09-09
C02329,หญิง,55+,B05,2026-04-11
C02330,หญิง,25-34,B05,2025-04-04
C02331,ชาย,35-44,B05,2026-03-13
C02332,ชาย,25-34,B03,2026-02-02
C02333,ชาย,25-34,B05,2025-11-11
C02334,ชาย,35-44,B01,2026-04-03
C02335,ไม่ระบุ,18-24,B05,2025-07-03
C02336,ชาย,18-24,B01,2025-04-17
C02337,ชาย,25-34,B02,2026-01-05
C02338,หญิง,35-44,B01,2026-08-25
C02339,หญิง,25-34,B02,2025-12-08
C02340,หญิง,18-24,B01,2026-01-06
C02341,หญิง,45-54,B03,2026-06-04
C02342,ชาย,25-34,B02,2026-04-16
C02343,หญิง,18-24,B03,2026-03-13
C02344,ชาย,35-44,B04,2025-08-23
C02345,ไม่ระบุ,35-44,B01,2026-06-14
C02346,หญิง,18-24,B05,2025-11-06
C02347,ชาย,35-44,B02,2025-12-28
C02348,หญิง,25-34,B03,2026-01-01
C02349,หญิง,25-34,B05,2025-04-09
C02350,หญิง,35-44,B02,2026-01-05
C02351,หญิง,25-34,B05,2025-05-30
C02352,หญิง,35-44,B05,2026-09-13
C02353,หญิง,55+,B05,2026-08-12
C02354,ชาย,18-24,B05,2025-07-27
C02355,ชาย,18-24,B05,2026-07-24
C02356,ไม่ระบุ,35-44,B01,2025-07-28
C02357,ชาย,35-44,B05,2026-06-25
C02358,ชาย,18-24,B01,2025-04-07
C02359,ชาย,25-34,B01,2025-08-14
C02360,ชาย,25-34,B01,2026-02-27
C02361,หญิง,45-54,B05,2025-11-09
C02362,ชาย,35-44,B01,2025-07-18
C02363,ชาย,55+,B02,2025-11-30
C02364,ชาย,25-34,B01,2025-06-23
C02365,หญิง,35-44,B04,2026-06-21
C02366,ชาย,45-54,B03,2026-01-25
C02367,หญิง,25-34,B04,2026-05-21
C02368,หญิง,45-54,B04,2025-11-17
C02369,ชาย,25-34,B01,2026-05-21
C02370,หญิง,25-34,B03,2026-01-31
C02371,หญิง,18-24,B05,2025-06-10
C02372,หญิง,18-24,B05,2025-05-18
C02373,หญิง,25-34,B04,2025-05-09
C02374,ชาย,35-44,B05,2025-12-18
C02375,ชาย,45-54,B04,2026-04-07
C02376,หญิง,45-54,B05,2026-07-06
C02377,หญิง,18-24,B02,2025-10-23
C02378,ชาย,45-54,B03,2026-07-10
C02379,หญิง,35-44,B01,2026-06-13
C02380,ชาย,45-54,B02,2026-03-08
C02381,ชาย,18-24,B01,2026-03-15
C02382,ชาย,25-34,B03,2026-03-01
C02383,ชาย,18-24,B01,2026-04-28
C02384,ชาย,18-24,B01,2026-06-19
C02385,หญิง,35-44,B03,2026-05-13
C02386,ชาย,35-44,B03,2026-05-21
C02387,หญิง,45-54,B05,2025-04-17
C02388,หญิง,55+,B05,2025-06-01
C02389,ชาย,18-24,B03,2026-04-29
C02390,หญิง,18-24,B04,2026-05-29
C02391,ชาย,25-34,B05,2025-12-02
C02392,ชาย,55+,B04,2025-12-15
C02393,ชาย,55+,B01,2025-10-06
C02394,หญิง,18-24,B03,2026-03-28
C02395,ชาย,18-24,B04,2026-06-09
C02396,หญิง,25-34,B03,2025-11-14
C02397,หญิง,45-54,B03,2026-05-05
C02398,หญิง,35-44,B05,2025-05-15
C02399,ชาย,18-24,B02,2025-09-30
C02400,หญิง,25-34,B01,2026-07-10
C02401,หญิง,18-24,B02,2026-01-06
C02402,ชาย,55+,B01,2025-10-15
C02403,หญิง,ต่ำกว่า 18,B01,2026-01-10
C02404,ชาย,25-34,B04,2025-08-01
C02405,ชาย,55+,B04,2025-09-22
C02406,ชาย,35-44,B02,2025-12-19
C02407,หญิง,18-24,B04,2025-12-06
C02408,ชาย,ต่ำกว่า 18,B05,2026-04-22
C02409,ไม่ระบุ,45-54,B05,2026-06-25
C02410,หญิง,35-44,B03,2026-01-07
C02411,หญิง,55+,B02,2025-10-20
C02412,ชาย,45-54,B03,2026-01-06
C02413,หญิง,18-24,B03,2026-07-06
C02414,หญิง,25-34,B02,2026-06-30
C02415,ชาย,25-34,B05,2026-08-10
C02416,ชาย,18-24,B05,2026-01-13
C02417,หญิง,25-34,B03,2026-07-18
C02418,หญิง,55+,B03,2026-02-15
C02419,ชาย,35-44,B05,2025-04-20
C02420,หญิง,45-54,B01,2025-09-16
C02421,ชาย,25-34,B01,2025-07-10
C02422,หญิง,45-54,B03,2026-06-09
C02423,หญิง,25-34,B04,2025-10-24
C02424,ชาย,35-44,B05,2025-08-18
C02425,หญิง,35-44,B04,2025-10-25
C02426,ชาย,18-24,B02,2025-09-04
C02427,ชาย,25-34,B01,2026-08-13
C02428,ชาย,55+,B01,2025-04-28
C02429,หญิง,35-44,B02,2026-04-23
C02430,ชาย,18-24,B05,2025-11-18
C02431,หญิง,18-24,B05,2026-08-22
C02432,หญิง,ต่ำกว่า 18,B04,2025-10-13
C02433,หญิง,45-54,B05,2026-04-12
C02434,ชาย,18-24,B05,2025-06-24
C02435,ชาย,18-24,B05,2025-09-29
C02436,ชาย,18-24,B03,2026-06-10
C02437,ชาย,ต่ำกว่า 18,B05,2025-08-08
C02438,หญิง,18-24,B03,2025-12-05
C02439,หญิง,ต่ำกว่า 18,B01,2026-03-19
C02440,หญิง,25-34,B03,2026-01-24
C02441,หญิง,35-44,B05,2026-04-10
C02442,ชาย,35-44,B03,2025-12-29
C02443,ชาย,25-34,B04,2026-08-21
C02444,หญิง,18-24,B05,2026-04-14
C02445,หญิง,55+,B01,2026-02-15
C02446,หญิง,25-34,B01,2025-04-02
C02447,ชาย,18-24,B03,2026-05-21
C02448,หญิง,35-44,B02,2026-05-11
C02449,หญิง,55+,B02,2026-01-24
C02450,หญิง,45-54,B02,2025-10-09
C02451,ชาย,25-34,B05,2026-04-09
C02452,หญิง,18-24,B05,2025-12-12
C02453,หญิง,45-54,B02,2026-06-13
C02454,หญิง,25-34,B03,2026-04-23
C02455,หญิง,45-54,B02,2026-05-31
C02456,ชาย,35-44,B01,2025-09-21
C02457,หญิง,35-44,B03,2026-09-01
C02458,หญิง,45-54,B02,2026-03-16
C02459,หญิง,45-54,B05,2026-07-29
C02460,หญิง,55+,B01,2026-02-03
C02461,ชาย,18-24,B04,2025-07-28
C02462,หญิง,35-44,B01,2026-04-20
C02463,ชาย,ต่ำกว่า 18,B04,2026-02-03
C02464,ชาย,45-54,B04,2025-11-27
C02465,หญิง,35-44,B02,2026-08-23
C02466,หญิง,25-34,B01,2025-12-31
C02467,หญิง,18-24,B02,2026-05-02
C02468,หญิง,25-34,B02,2026-08-20
C02469,หญิง,18-24,B05,2026-07-05
C02470,ชาย,45-54,B01,2026-07-14
C02471,หญิง,25-34,B03,2026-07-06
C02472,ชาย,18-24,B05,2026-08-14
C02473,หญิง,25-34,B04,2026-01-20
C02474,ชาย,18-24,B05,2025-11-25
C02475,ชาย,35-44,B01,2026-08-06
C02476,ชาย,35-44,B02,2026-05-03
C02477,หญิง,ต่ำกว่า 18,B01,2025-06-22
C02478,ชาย,25-34,B04,2025-12-03
C02479,ชาย,18-24,B05,2026-06-09
C02480,หญิง,35-44,B01,2025-07-01
C02481,หญิง,25-34,B04,2026-01-19
C02482,หญิง,18-24,B04,2025-07-11
C02483,หญิง,18-24,B01,2026-03-12
C02484,หญิง,35-44,B05,2026-01-29
C02485,หญิง,55+,B05,2025-08-26
C02486,หญิง,18-24,B01,2025-05-29
C02487,หญิง,45-54,B02,2026-09-04
C02488,หญิง,25-34,B03,2026-01-13
C02489,หญิง,35-44,B05,2026-07-06
C02490,หญิง,35-44,B04,2025-05-17
C02491,ไม่ระบุ,18-24,B01,2025-12-29
C02492,หญิง,18-24,B01,2025-05-25
C02493,หญิง,18-24,B05,2025-08-24
C02494,ไม่ระบุ,35-44,B05,2026-06-11
C02495,หญิง,18-24,B05,2026-07-24
C02496,ชาย,35-44,B03,2026-05-24
C02497,หญิง,25-34,B02,2026-08-14
C02498,ชาย,25-34,B01,2025-11-14
C02499,หญิง,18-24,B02,2026-06-24
C02500,ชาย,35-44,B04,2025-07-29
C02501,หญิง,25-34,B02,2025-12-07
C02502,หญิง,35-44,B03,2026-08-31
C02503,หญิง,25-34,B01,2025-04-20
C02504,หญิง,35-44,B01,2025-04-04
C02505,หญิง,ต่ำกว่า 18,B01,2026-08-05
C02506,ชาย,25-34,B04,2026-09-06
C02507,ชาย,25-34,B03,2025-12-03
C02508,หญิง,55+,B01,2026-01-30
C02509,หญิง,35-44,B05,2025-09-20
C02510,ชาย,55+,B04,2025-12-27
C02511,หญิง,25-34,B01,2026-08-16
C02512,ชาย,18-24,B02,2025-12-24
C02513,ชาย,25-34,B05,2026-02-26
C02514,ชาย,25-34,B01,2026-02-01
C02515,หญิง,18-24,B01,2025-09-07
C02516,หญิง,25-34,B02,2026-01-25
C02517,หญิง,18-24,B01,2026-08-07
C02518,ไม่ระบุ,45-54,B04,2026-08-10
C02519,หญิง,18-24,B02,2026-06-19
C02520,ชาย,55+,B03,2026-05-04
C02521,หญิง,25-34,B04,2025-04-14
C02522,หญิง,35-44,B02,2025-12-23
C02523,หญิง,25-34,B05,2025-05-03
C02524,ชาย,18-24,B05,2025-09-09
C02525,ไม่ระบุ,35-44,B03,2026-03-23
C02526,หญิง,25-34,B03,2026-01-26
C02527,ชาย,18-24,B01,2025-11-09
C02528,หญิง,35-44,B04,2025-07-06
C02529,หญิง,55+,B05,2026-05-28
C02530,หญิง,25-34,B03,2026-02-01
C02531,หญิง,35-44,B02,2025-05-20
C02532,หญิง,18-24,B01,2026-06-20
C02533,ชาย,25-34,B03,2026-01-20
C02534,หญิง,45-54,B01,2025-04-26
C02535,ชาย,25-34,B01,2025-12-12
C02536,ชาย,25-34,B01,2026-06-06
C02537,หญิง,18-24,B05,2026-07-26
C02538,ชาย,45-54,B04,2025-08-15
C02539,หญิง,25-34,B05,2025-12-03
C02540,ชาย,18-24,B03,2026-01-24
C02541,ชาย,25-34,B04,2025-10-10
C02542,ชาย,55+,B03,2026-02-19
C02543,หญิง,18-24,B02,2025-05-18
C02544,ชาย,18-24,B01,2026-05-09
C02545,ชาย,18-24,B04,2026-05-06
C02546,ชาย,18-24,B03,2026-07-24
C02547,หญิง,35-44,B03,2026-06-07
C02548,หญิง,35-44,B05,2026-03-07
C02549,ชาย,18-24,B05,2026-07-27
C02550,หญิง,55+,B02,2026-07-08
C02551,หญิง,25-34,B02,2026-09-13
C02552,หญิง,55+,B03,2026-06-05
C02553,หญิง,55+,B02,2025-09-15
C02554,หญิง,25-34,B02,2026-07-26
C02555,ชาย,25-34,B01,2026-07-19
C02556,หญิง,18-24,B01,2026-08-03
C02557,หญิง,55+,B04,2025-08-02
C02558,ชาย,45-54,B03,2026-08-23
C02559,ชาย,18-24,B02,2025-11-22
C02560,หญิง,45-54,B04,2026-01-14
C02561,ชาย,25-34,B01,2025-10-14
C02562,หญิง,35-44,B05,2025-08-20
C02563,ชาย,35-44,B01,2026-05-28
C02564,ชาย,18-24,B04,2026-01-04
C02565,หญิง,25-34,B01,2025-12-11
C02566,หญิง,35-44,B05,2026-08-04
C02567,หญิง,55+,B05,2026-04-08
C02568,หญิง,35-44,B02,2025-07-28
C02569,ชาย,45-54,B02,2026-09-04
C02570,ชาย,18-24,B05,2026-03-01
C02571,ชาย,25-34,B05,2026-01-23
C02572,ชาย,35-44,B05,2025-11-22
C02573,หญิง,45-54,B02,2025-07-22
C02574,หญิง,25-34,B01,2025-08-19
C02575,หญิง,25-34,B04,2025-10-01
C02576,หญิง,18-24,B04,2025-07-28
C02577,หญิง,35-44,B01,2025-08-13
C02578,ชาย,18-24,B03,2026-07-13
C02579,หญิง,25-34,B02,2025-07-08
C02580,ชาย,35-44,B03,2026-05-27
C02581,ชาย,25-34,B03,2026-06-13
C02582,หญิง,25-34,B03,2026-01-29
C02583,ชาย,18-24,B03,2026-06-18
C02584,ชาย,35-44,B03,2026-06-19
C02585,หญิง,35-44,B01,2025-08-09
C02586,หญิง,25-34,B02,2026-07-22
C02587,หญิง,25-34,B04,2025-10-03
C02588,ชาย,35-44,B04,2025-08-17
C02589,หญิง,18-24,B05,2026-04-23
C02590,หญิง,18-24,B02,2026-04-20
C02591,หญิง,18-24,B03,2026-09-10
C02592,หญิง,45-54,B01,2026-07-11
C02593,ชาย,45-54,B02,2026-07-22
C02594,หญิง,25-34,B04,2025-09-26
C02595,ชาย,18-24,B05,2026-08-30
C02596,ชาย,35-44,B02,2025-05-04
C02597,หญิง,35-44,B03,2026-07-27
C02598,หญิง,35-44,B01,2026-01-16
C02599,หญิง,35-44,B01,2026-04-16
C02600,หญิง,35-44,B01,2025-10-23
C02601,หญิง,18-24,B01,2025-10-26
C02602,ชาย,25-34,B01,2026-08-12
C02603,หญิง,25-34,B02,2025-06-10
C02604,ชาย,45-54,B01,2025-04-19
C02605,ชาย,18-24,B01,2025-05-08
C02606,ชาย,25-34,B02,2025-08-13
C02607,หญิง,ต่ำกว่า 18,B03,2026-03-15
C02608,หญิง,25-34,B02,2025-08-09
C02609,หญิง,25-34,B05,2025-08-05
C02610,หญิง,25-34,B01,2025-07-08
C02611,หญิง,55+,B01,2025-08-18
C02612,หญิง,ต่ำกว่า 18,B04,2026-08-12
C02613,ไม่ระบุ,25-34,B05,2025-10-23
C02614,หญิง,45-54,B02,2026-04-17
C02615,หญิง,35-44,B02,2025-05-30
C02616,หญิง,25-34,B03,2026-06-20
C02617,หญิง,35-44,B01,2025-09-02
C02618,หญิง,35-44,B03,2026-04-03
C02619,หญิง,25-34,B05,2026-08-10
C02620,ชาย,18-24,B04,2026-06-06
C02621,หญิง,25-34,B02,2025-06-23
C02622,หญิง,35-44,B01,2026-01-23
C02623,หญิง,25-34,B03,2026-02-05
C02624,หญิง,45-54,B04,2025-11-25
C02625,หญิง,25-34,B01,2026-08-26
C02626,หญิง,25-34,B04,2026-08-18
C02627,หญิง,35-44,B02,2026-08-02
C02628,หญิง,25-34,B01,2025-07-21
C02629,หญิง,18-24,B05,2025-11-09
C02630,หญิง,45-54,B02,2026-06-21
C02631,ชาย,18-24,B03,2026-06-23
C02632,ไม่ระบุ,35-44,B02,2025-12-29
C02633,หญิง,55+,B05,2025-05-17
C02634,หญิง,18-24,B04,2025-04-14
C02635,หญิง,18-24,B01,2025-06-28
C02636,หญิง,55+,B01,2025-06-03
C02637,ชาย,18-24,B03,2026-08-01
C02638,หญิง,25-34,B04,2025-06-29
C02639,หญิง,55+,B04,2026-03-22
C02640,ชาย,18-24,B03,2026-03-01
C02641,ชาย,18-24,B04,2025-06-30
C02642,ชาย,18-24,B05,2026-03-07
C02643,หญิง,18-24,B01,2026-02-11
C02644,หญิง,ต่ำกว่า 18,B01,2025-07-26
C02645,หญิง,25-34,B05,2026-07-07
C02646,หญิง,25-34,B04,2025-09-06
C02647,หญิง,55+,B01,2026-04-18
C02648,หญิง,45-54,B04,2025-09-13
C02649,หญิง,ต่ำกว่า 18,B01,2025-11-25
C02650,ชาย,25-34,B01,2026-05-26
C02651,ชาย,18-24,B02,2025-04-18
C02652,หญิง,25-34,B02,2025-12-26
C02653,ชาย,25-34,B05,2026-05-23
C02654,หญิง,25-34,B01,2025-09-06
C02655,หญิง,18-24,B02,2026-02-13
C02656,ชาย,55+,B01,2026-03-19
C02657,หญิง,25-34,B01,2026-08-09
C02658,ชาย,18-24,B01,2025-11-25
C02659,ชาย,25-34,B01,2025-05-05
C02660,หญิง,45-54,B05,2026-07-10
C02661,ชาย,25-34,B02,2025-11-29
C02662,หญิง,25-34,B05,2026-07-05
C02663,หญิง,45-54,B02,2026-01-02
C02664,หญิง,18-24,B03,2026-07-19
C02665,ชาย,55+,B02,2025-12-07
C02666,หญิง,55+,B05,2025-11-04
C02667,หญิง,18-24,B05,2026-01-28
C02668,ชาย,18-24,B01,2026-06-01
C02669,หญิง,25-34,B05,2025-06-05
C02670,หญิง,45-54,B02,2025-11-27
C02671,หญิง,18-24,B01,2026-04-18
C02672,ชาย,25-34,B03,2026-08-16
C02673,หญิง,55+,B01,2025-07-27
C02674,ชาย,55+,B01,2026-06-13
C02675,หญิง,35-44,B01,2026-03-10
C02676,ชาย,25-34,B01,2026-05-14
C02677,หญิง,18-24,B01,2025-11-01
C02678,หญิง,55+,B04,2026-02-24
C02679,ชาย,25-34,B01,2026-05-25
C02680,ชาย,45-54,B04,2025-04-12
C02681,หญิง,35-44,B01,2025-10-22
C02682,หญิง,25-34,B02,2025-06-10
C02683,หญิง,18-24,B02,2026-04-16
C02684,ชาย,25-34,B05,2026-08-21
C02685,หญิง,35-44,B01,2025-07-10
C02686,ชาย,55+,B05,2026-07-08
C02687,ไม่ระบุ,25-34,B05,2025-08-02
C02688,ชาย,45-54,B02,2025-07-04
C02689,ชาย,18-24,B03,2026-05-10
C02690,หญิง,45-54,B02,2026-05-01
C02691,หญิง,18-24,B02,2025-06-13
C02692,หญิง,25-34,B01,2026-03-05
C02693,หญิง,35-44,B01,2025-11-07
C02694,ชาย,45-54,B02,2025-12-05
C02695,ชาย,18-24,B05,2026-07-05
C02696,ชาย,25-34,B01,2025-04-10
C02697,ชาย,25-34,B04,2026-05-02
C02698,ชาย,45-54,B01,2025-07-10
C02699,หญิง,25-34,B03,2026-08-03
C02700,หญิง,18-24,B04,2026-08-25
C02701,ไม่ระบุ,18-24,B04,2025-10-05
C02702,หญิง,25-34,B02,2026-05-15
C02703,หญิง,18-24,B04,2026-06-30
C02704,หญิง,45-54,B02,2025-05-11
C02705,หญิง,25-34,B04,2026-02-04
C02706,หญิง,25-34,B03,2026-02-12
C02707,ชาย,18-24,B02,2025-10-02
C02708,หญิง,45-54,B03,2026-02-21
C02709,หญิง,35-44,B05,2025-06-22
C02710,หญิง,18-24,B02,2026-04-04
C02711,หญิง,45-54,B02,2025-10-18
C02712,หญิง,25-34,B02,2026-01-11
C02713,ชาย,18-24,B01,2026-04-29
C02714,หญิง,18-24,B01,2026-05-29
C02715,ชาย,35-44,B01,2025-10-09
C02716,ชาย,18-24,B04,2026-06-19
C02717,ไม่ระบุ,35-44,B02,2025-05-13
C02718,หญิง,35-44,B02,2026-07-24
C02719,หญิง,ต่ำกว่า 18,B05,2026-07-06
C02720,หญิง,45-54,B02,2025-06-24
C02721,ชาย,35-44,B05,2025-06-20
C02722,หญิง,25-34,B02,2026-09-14
C02723,ชาย,35-44,B02,2025-04-03
C02724,หญิง,25-34,B02,2026-08-29
C02725,หญิง,25-34,B05,2025-10-13
C02726,ชาย,18-24,B02,2025-09-04
C02727,ชาย,25-34,B04,2026-03-27
C02728,หญิง,18-24,B01,2025-12-11
C02729,หญิง,35-44,B01,2025-11-12
C02730,หญิง,18-24,B05,2025-09-16
C02731,หญิง,25-34,B05,2025-04-13
C02732,หญิง,35-44,B02,2025-12-16
C02733,ชาย,45-54,B05,2026-05-20
C02734,หญิง,25-34,B03,2026-02-20
C02735,ชาย,25-34,B05,2025-04-21
C02736,หญิง,25-34,B05,2026-03-21
C02737,หญิง,45-54,B05,2026-04-30
C02738,หญิง,45-54,B03,2025-11-13
C02739,หญิง,25-34,B05,2026-03-19
C02740,หญิง,45-54,B02,2025-11-16
C02741,หญิง,18-24,B05,2025-09-05
C02742,ชาย,18-24,B03,2026-04-17
C02743,ชาย,55+,B05,2025-04-02
C02744,หญิง,45-54,B04,2026-01-22
C02745,หญิง,25-34,B02,2025-11-08
C02746,หญิง,ต่ำกว่า 18,B04,2025-07-21
C02747,ชาย,35-44,B02,2026-04-21
C02748,หญิง,35-44,B01,2026-07-11
C02749,ชาย,18-24,B05,2026-02-06
C02750,หญิง,18-24,B05,2025-04-06
C02751,ชาย,18-24,B01,2025-10-28
C02752,ชาย,45-54,B01,2026-06-28
C02753,ชาย,18-24,B01,2026-01-07
C02754,หญิง,18-24,B04,2025-04-06
C02755,หญิง,18-24,B02,2026-01-24
C02756,หญิง,25-34,B02,2026-08-18
C02757,หญิง,25-34,B01,2025-08-30
C02758,หญิง,25-34,B02,2026-08-24
C02759,หญิง,25-34,B05,2025-09-30
C02760,หญิง,25-34,B02,2026-02-11
C02761,ชาย,25-34,B04,2025-09-04
C02762,ชาย,25-34,B04,2026-08-07
C02763,ชาย,25-34,B05,2025-09-18
C02764,หญิง,18-24,B01,2025-05-17
C02765,หญิง,18-24,B01,2026-05-17
C02766,ชาย,18-24,B05,2026-05-19
C02767,หญิง,45-54,B01,2026-04-05
C02768,หญิง,55+,B01,2025-12-20
C02769,หญิง,18-24,B03,2026-04-26
C02770,หญิง,45-54,B03,2026-02-21
C02771,ชาย,18-24,B02,2026-09-08
C02772,ไม่ระบุ,18-24,B04,2025-12-05
C02773,หญิง,18-24,B05,2025-12-29
C02774,ชาย,18-24,B01,2025-08-15
C02775,หญิง,18-24,B05,2025-08-05
C02776,ชาย,18-24,B05,2026-03-14
C02777,ชาย,55+,B04,2025-04-07
C02778,ชาย,45-54,B04,2026-03-23
C02779,หญิง,35-44,B01,2025-06-28
C02780,หญิง,35-44,B05,2025-06-17
C02781,ชาย,25-34,B05,2026-07-23
C02782,ชาย,18-24,B02,2026-02-19
C02783,ชาย,25-34,B03,2025-11-26
C02784,ชาย,25-34,B05,2026-06-07
C02785,หญิง,25-34,B05,2026-03-31
C02786,หญิง,25-34,B04,2026-02-17
C02787,ไม่ระบุ,25-34,B02,2026-02-21
C02788,หญิง,18-24,B01,2025-04-21
C02789,หญิง,25-34,B05,2026-07-09
C02790,หญิง,35-44,B02,2025-12-04
C02791,หญิง,55+,B01,2026-06-28
C02792,หญิง,45-54,B03,2026-06-15
C02793,ชาย,25-34,B02,2025-05-27
C02794,ชาย,25-34,B05,2025-06-25
C02795,หญิง,18-24,B01,2026-03-22
C02796,หญิง,25-34,B05,2025-11-28
C02797,ชาย,ต่ำกว่า 18,B05,2025-12-29
C02798,ชาย,25-34,B02,2026-08-21
C02799,หญิง,18-24,B03,2026-01-05
C02800,ชาย,55+,B05,2025-11-21
C02801,ชาย,35-44,B03,2026-08-02
C02802,หญิง,18-24,B02,2026-05-29
C02803,หญิง,35-44,B03,2026-05-09
C02804,หญิง,25-34,B05,2026-06-10
C02805,หญิง,25-34,B01,2025-12-11
C02806,หญิง,35-44,B03,2026-02-16
C02807,ชาย,18-24,B05,2026-01-26
C02808,ชาย,18-24,B04,2026-04-28
C02809,ชาย,25-34,B01,2025-08-10
C02810,ชาย,45-54,B01,2025-06-13
C02811,หญิง,18-24,B03,2026-02-27
C02812,ชาย,25-34,B03,2026-01-26
C02813,หญิง,18-24,B01,2025-07-24
C02814,หญิง,55+,B03,2026-05-24
C02815,หญิง,18-24,B02,2026-03-27
C02816,หญิง,35-44,B02,2025-06-23
C02817,ชาย,25-34,B01,2025-10-13
C02818,หญิง,18-24,B04,2026-08-29
C02819,หญิง,45-54,B01,2026-02-19
C02820,หญิง,18-24,B04,2026-08-16
C02821,ชาย,18-24,B01,2026-07-21
C02822,หญิง,25-34,B01,2025-07-25
C02823,ชาย,18-24,B05,2025-10-14
C02824,ชาย,35-44,B04,2026-01-03
C02825,หญิง,45-54,B03,2026-03-10
C02826,ชาย,18-24,B03,2026-05-01
C02827,หญิง,35-44,B02,2025-10-03
C02828,ชาย,25-34,B02,2026-05-29
C02829,หญิง,18-24,B04,2025-09-22
C02830,หญิง,25-34,B02,2025-08-14
C02831,หญิง,25-34,B03,2025-12-16
C02832,หญิง,18-24,B04,2026-08-19
C02833,ไม่ระบุ,18-24,B02,2026-03-26
C02834,ชาย,25-34,B04,2025-06-05
C02835,ชาย,45-54,B02,2026-06-03
C02836,หญิง,25-34,B01,2026-05-27
C02837,ชาย,18-24,B01,2025-10-01
C02838,หญิง,25-34,B05,2025-08-20
C02839,หญิง,55+,B02,2026-06-05
C02840,ไม่ระบุ,55+,B03,2026-08-10
C02841,ชาย,45-54,B05,2026-02-25
C02842,หญิง,18-24,B05,2025-07-01
C02843,หญิง,25-34,B05,2026-05-20
C02844,หญิง,25-34,B02,2025-12-06
C02845,ชาย,18-24,B04,2026-06-29
C02846,หญิง,18-24,B04,2025-06-12
C02847,ชาย,25-34,B04,2026-04-06
C02848,ชาย,18-24,B02,2026-04-01
C02849,ชาย,45-54,B04,2026-08-24
C02850,หญิง,25-34,B02,2025-11-01
C02851,หญิง,18-24,B03,2026-09-13
C02852,หญิง,25-34,B04,2026-07-08
C02853,หญิง,35-44,B03,2026-01-11
C02854,หญิง,18-24,B05,2026-08-26
C02855,ชาย,18-24,B02,2026-01-29
C02856,หญิง,25-34,B03,2026-07-30
C02857,หญิง,18-24,B02,2025-09-03
C02858,ชาย,ต่ำกว่า 18,B05,2025-08-30
C02859,หญิง,55+,B01,2026-03-23
C02860,ไม่ระบุ,35-44,B02,2026-05-21
C02861,หญิง,45-54,B04,2026-07-19
C02862,หญิง,35-44,B05,2025-12-24
C02863,หญิง,18-24,B05,2025-12-22
C02864,ชาย,35-44,B01,2025-10-26
C02865,ชาย,25-34,B04,2025-09-10
C02866,หญิง,18-24,B01,2025-10-20
C02867,ชาย,25-34,B04,2025-04-04
C02868,หญิง,25-34,B03,2026-02-19
C02869,หญิง,55+,B04,2026-06-01
C02870,หญิง,45-54,B01,2025-07-17
C02871,หญิง,18-24,B02,2026-05-08
C02872,หญิง,ต่ำกว่า 18,B04,2025-09-12
C02873,หญิง,25-34,B01,2026-02-02
C02874,ชาย,ต่ำกว่า 18,B05,2026-05-29
C02875,หญิง,45-54,B02,2026-01-14
C02876,หญิง,55+,B05,2025-04-07
C02877,หญิง,25-34,B05,2025-05-22
C02878,ไม่ระบุ,18-24,B04,2026-06-27
C02879,หญิง,35-44,B01,2025-07-18
C02880,หญิง,45-54,B02,2026-07-04
C02881,หญิง,25-34,B04,2026-04-13
C02882,ชาย,35-44,B01,2026-07-30
C02883,หญิง,35-44,B05,2026-02-12
C02884,ชาย,18-24,B05,2025-04-02
C02885,ชาย,25-34,B01,2026-07-30
C02886,หญิง,25-34,B04,2026-09-09
C02887,ชาย,55+,B05,2026-09-12
C02888,ชาย,35-44,B01,2025-12-10
C02889,หญิง,18-24,B02,2025-10-03
C02890,หญิง,25-34,B04,2026-07-01
C02891,หญิง,25-34,B04,2025-05-27
C02892,หญิง,55+,B04,2026-03-12
C02893,ชาย,35-44,B02,2026-03-29
C02894,ไม่ระบุ,45-54,B02,2025-07-13
C02895,หญิง,18-24,B05,2026-08-24
C02896,ชาย,25-34,B01,2025-05-06
C02897,หญิง,35-44,B03,2026-03-25
C02898,ชาย,18-24,B03,2026-05-01
C02899,หญิง,55+,B04,2026-05-12
C02900,หญิง,18-24,B05,2025-04-11
C02901,ไม่ระบุ,45-54,B04,2026-03-29
C02902,หญิง,35-44,B05,2026-07-15
C02903,ชาย,55+,B04,2026-03-02
C02904,หญิง,35-44,B02,2026-01-27
C02905,ชาย,35-44,B01,2025-10-21
C02906,หญิง,25-34,B05,2026-07-18
C02907,หญิง,18-24,B04,2025-06-05
C02908,หญิง,18-24,B01,2026-05-12
C02909,ชาย,25-34,B02,2026-08-21
C02910,หญิง,25-34,B05,2026-07-14
C02911,หญิง,25-34,B03,2026-01-26
C02912,ชาย,25-34,B02,2026-03-25
C02913,ชาย,25-34,B05,2025-07-08
C02914,หญิง,18-24,B01,2026-07-01
C02915,ชาย,35-44,B02,2026-03-05
C02916,หญิง,18-24,B01,2025-07-01
C02917,ชาย,25-34,B02,2025-06-04
C02918,ชาย,35-44,B05,2026-01-07
C02919,หญิง,18-24,B04,2026-01-29
C02920,หญิง,45-54,B05,2025-06-26
C02921,หญิง,55+,B01,2026-06-16
C02922,หญิง,25-34,B02,2025-04-30
C02923,ชาย,25-34,B01,2025-05-08
C02924,ชาย,25-34,B01,2025-05-07
C02925,หญิง,ต่ำกว่า 18,B02,2025-12-31
C02926,ชาย,25-34,B01,2025-10-16
C02927,ชาย,ต่ำกว่า 18,B01,2025-08-25
C02928,หญิง,55+,B03,2026-06-06
C02929,หญิง,18-24,B02,2026-05-07
C02930,หญิง,35-44,B04,2025-11-01
C02931,ชาย,ต่ำกว่า 18,B02,2025-10-08
C02932,หญิง,45-54,B02,2025-09-25
C02933,ชาย,ต่ำกว่า 18,B04,2026-03-05
C02934,หญิง,25-34,B05,2026-07-25
C02935,หญิง,18-24,B04,2025-12-31
C02936,ไม่ระบุ,25-34,B05,2026-04-04
C02937,ชาย,35-44,B04,2026-02-23
C02938,หญิง,18-24,B03,2025-12-05
C02939,หญิง,18-24,B02,2025-09-10
C02940,ชาย,25-34,B02,2025-11-12
C02941,ชาย,35-44,B02,2026-08-28
C02942,ชาย,35-44,B01,2026-02-19
C02943,ชาย,35-44,B03,2026-05-18
C02944,หญิง,35-44,B01,2026-05-14
C02945,หญิง,45-54,B02,2025-09-30
C02946,หญิง,25-34,B01,2025-10-17
C02947,หญิง,25-34,B01,2025-12-13
C02948,หญิง,35-44,B01,2026-02-07
C02949,ชาย,25-34,B05,2026-01-29
C02950,ไม่ระบุ,25-34,B01,2026-02-12
C02951,ชาย,25-34,B05,2025-06-30
C02952,หญิง,ต่ำกว่า 18,B05,2026-06-09
C02953,ชาย,45-54,B02,2026-02-08
C02954,หญิง,25-34,B02,2025-06-22
C02955,ชาย,18-24,B03,2026-05-04
C02956,หญิง,45-54,B01,2025-07-19
C02957,หญิง,35-44,B03,2026-01-03
C02958,หญิง,55+,B05,2025-04-18
C02959,หญิง,18-24,B02,2025-11-25
C02960,ชาย,25-34,B05,2026-01-19
C02961,ชาย,18-24,B02,2026-01-22
C02962,หญิง,25-34,B05,2025-08-13
C02963,หญิง,18-24,B04,2026-04-25
C02964,ชาย,18-24,B05,2026-02-25
C02965,ชาย,25-34,B01,2026-06-25
C02966,ชาย,18-24,B03,2026-08-15
C02967,ชาย,25-34,B03,2026-06-18
C02968,ชาย,25-34,B05,2025-08-09
C02969,ชาย,55+,B05,2025-12-07
C02970,หญิง,25-34,B04,2026-08-23
C02971,ไม่ระบุ,18-24,B05,2025-05-22
C02972,หญิง,18-24,B05,2026-02-23
C02973,หญิง,35-44,B01,2025-09-15
C02974,ชาย,35-44,B05,2026-04-30
C02975,ชาย,25-34,B01,2026-03-09
C02976,ชาย,35-44,B02,2025-08-20
C02977,ชาย,25-34,B04,2026-08-19
C02978,หญิง,55+,B04,2026-05-22
C02979,ชาย,55+,B05,2025-08-25
C02980,ชาย,45-54,B05,2025-04-04
C02981,หญิง,25-34,B05,2025-07-31
C02982,ชาย,18-24,B03,2026-08-12
C02983,หญิง,25-34,B04,2025-11-16
C02984,หญิง,35-44,B05,2026-05-17
C02985,หญิง,25-34,B02,2026-05-06
C02986,หญิง,35-44,B01,2025-08-14
C02987,หญิง,18-24,B02,2025-08-20
C02988,หญิง,25-34,B04,2026-05-13
C02989,ชาย,ต่ำกว่า 18,B01,2026-05-03
C02990,หญิง,25-34,B04,2026-09-14
C02991,หญิง,18-24,B02,2026-07-27
C02992,หญิง,18-24,B05,2026-04-30
C02993,ชาย,35-44,B02,2025-11-09
C02994,ชาย,35-44,B01,2025-04-25
C02995,หญิง,35-44,B01,2025-04-06
C02996,ชาย,25-34,B04,2025-12-09
C02997,ชาย,25-34,B01,2026-05-12
C02998,ชาย,ต่ำกว่า 18,B02,2026-09-11
C02999,หญิง,18-24,B01,2025-09-16
C03000,ชาย,55+,B05,2026-06-07
