customer_id,nickname,gender,age_group,home_branch_id,joined_date,phone
C00001,กมล,หญิง,18-24,B02,2026-03-03,082-xxx-6693
C00002,กิตติ,ชาย,25-34,B04,2026-01-18,084-xxx-3734
C00003,ปิยะ,หญิง,18-24,B04,2025-05-04,089-xxx-9286
C00004,ปิยะ,หญิง,18-24,B05,2026-05-05,083-xxx-7314
C00005,รัตนา,หญิง,25-34,B04,2026-07-10,083-xxx-5701
C00006,กมล,ชาย,18-24,B04,2026-08-16,086-xxx-1895
C00007,วรรณ,ชาย,45-54,B03,2026-07-17,087-xxx-3147
C00008,ภัทร,หญิง,25-34,B01,2026-04-07,087-xxx-9877
C00009,ภัทร,ชาย,18-24,B04,2026-01-10,089-xxx-7309
C00010,อัญชลี,หญิง,18-24,B04,2026-06-15,089-xxx-9676
C00011,ธีร,ไม่ระบุ,25-34,B05,2025-07-27,088-xxx-7647
C00012,วีระ,ชาย,25-34,B04,2025-06-28,083-xxx-2997
C00013,อัญชลี,ชาย,ต่ำกว่า 18,B03,2025-12-02,088-xxx-1723
C00014,เกศ,ชาย,18-24,B03,2026-04-16,081-xxx-5807
C00015,มานพ,หญิง,25-34,B03,2026-06-26,087-xxx-7840
C00016,วีระ,ชาย,18-24,B05,2026-08-11,083-xxx-4615
C00017,จิรา,หญิง,25-34,B04,2026-04-05,086-xxx-9108
C00018,วรรณ,หญิง,35-44,B03,2026-02-11,086-xxx-8878
C00019,ธนา,หญิง,35-44,B02,2025-06-05,082-xxx-6406
C00020,ภัทร,หญิง,25-34,B04,2025-07-03,086-xxx-6190
C00021,พิม,หญิง,25-34,B03,2026-07-18,085-xxx-9958
C00022,กมล,หญิง,25-34,B01,2026-02-14,086-xxx-5211
C00023,ภูมิ,ชาย,18-24,B02,2026-01-11,085-xxx-2922
C00024,กมล,หญิง,55+,B01,2026-08-07,089-xxx-6850
C00025,จิรา,หญิง,18-24,B01,2025-05-29,085-xxx-7180
C00026,ธนา,หญิง,35-44,B05,2025-05-05,089-xxx-5253
C00027,สมชาย,หญิง,18-24,B05,2025-10-08,087-xxx-1735
C00028,มานพ,ชาย,45-54,B01,2026-04-29,085-xxx-7097
C00029,สมชาย,หญิง,45-54,B01,2026-05-01,081-xxx-9016
C00030,กิตติ,หญิง,25-34,B01,2026-07-12,085-xxx-9731
C00031,อรุณ,หญิง,45-54,B01,2026-08-08,088-xxx-5939
C00032,นภัส,ชาย,45-54,B05,2026-06-19,082-xxx-1167
C00033,ชนา,ชาย,25-34,B01,2025-05-20,085-xxx-5390
C00034,สุดา,ชาย,18-24,B01,2025-11-09,083-xxx-7772
C00035,สุดา,หญิง,55+,B04,2026-05-27,081-xxx-8582
C00036,นภัส,ชาย,35-44,B05,2026-09-04,087-xxx-6083
C00037,เกศ,ชาย,45-54,B05,2026-01-09,085-xxx-8732
C00038,ปิยะ,หญิง,ต่ำกว่า 18,B05,2026-08-07,088-xxx-9435
C00039,รัตนา,ชาย,35-44,B04,2026-01-07,085-xxx-8885
C00040,พิม,หญิง,35-44,B04,2025-06-20,086-xxx-5032
C00041,เกศ,ชาย,35-44,B05,2026-08-29,088-xxx-9000
C00042,กิตติ,หญิง,55+,B05,2026-03-10,086-xxx-9818
C00043,พิม,หญิง,45-54,B01,2026-04-15,086-xxx-2416
C00044,อัญชลี,ชาย,45-54,B04,2025-09-21,084-xxx-3462
C00045,อัญชลี,หญิง,25-34,B04,2025-11-21,083-xxx-8419
C00046,ภูมิ,หญิง,18-24,B05,2025-09-12,082-xxx-8032
C00047,ภูมิ,ชาย,25-34,B01,2026-03-07,083-xxx-6495
C00048,จิรา,หญิง,ต่ำกว่า 18,B04,2025-09-06,081-xxx-3859
C00049,ศิริ,ชาย,25-34,B05,2026-05-30,088-xxx-6959
C00050,รัตนา,หญิง,25-34,B01,2025-08-02,089-xxx-3571
C00051,ทิพย์,ชาย,ต่ำกว่า 18,B01,2025-06-23,083-xxx-3815
C00052,ทิพย์,หญิง,55+,B03,2026-06-17,085-xxx-5917
C00053,วีระ,หญิง,25-34,B05,2025-09-16,085-xxx-7070
C00054,ภูมิ,หญิง,45-54,B05,2025-10-13,085-xxx-5948
C00055,ธนา,หญิง,25-34,B02,2026-05-20,088-xxx-4229
C00056,ทิพย์,ชาย,25-34,B05,2025-12-22,082-xxx-6000
C00057,สุดา,ชาย,18-24,B05,2026-08-20,089-xxx-5789
C00058,สุดา,หญิง,35-44,B02,2026-03-29,083-xxx-5342
C00059,จิรา,หญิง,18-24,B05,2025-12-30,081-xxx-7432
C00060,ธีร,ชาย,45-54,B01,2025-08-20,087-xxx-2039
C00061,พิม,หญิง,45-54,B02,2025-12-23,088-xxx-7564
C00062,นภัส,หญิง,25-34,B04,2025-04-17,081-xxx-8719
C00063,วีระ,หญิง,35-44,B01,2026-09-10,086-xxx-4579
C00064,อัญชลี,หญิง,18-24,B02,2026-03-25,083-xxx-8853
C00065,มานพ,ชาย,25-34,B05,2025-05-04,086-xxx-6165
C00066,กมล,ไม่ระบุ,35-44,B01,2025-10-20,086-xxx-6400
C00067,ธีร,หญิง,18-24,B04,2025-07-19,081-xxx-7615
C00068,ปิยะ,หญิง,25-34,B05,2025-04-12,088-xxx-5690
C00069,ภัทร,ชาย,55+,B05,2026-07-12,086-xxx-2816
C00070,มานพ,หญิง,25-34,B05,2025-08-05,083-xxx-6314
C00071,นภัส,ชาย,18-24,B04,2026-08-20,081-xxx-3207
C00072,ปิยะ,หญิง,25-34,B05,2025-07-31,085-xxx-4658
C00073,ชนา,ชาย,18-24,B01,2025-11-14,082-xxx-5547
C00074,ธีร,ชาย,ต่ำกว่า 18,B03,2026-07-18,086-xxx-9947
C00075,วีระ,ชาย,55+,B05,2026-01-20,086-xxx-4902
C00076,มานพ,ชาย,25-34,B05,2025-05-24,083-xxx-7583
C00077,ปิยะ,หญิง,25-34,B03,2026-03-10,085-xxx-6242
C00078,ปิยะ,ชาย,ต่ำกว่า 18,B04,2026-01-02,087-xxx-7882
C00079,ธนา,หญิง,25-34,B03,2025-11-26,087-xxx-4552
C00080,วีระ,หญิง,18-24,B02,2026-06-16,081-xxx-3674
C00081,วรรณ,หญิง,18-24,B02,2025-05-19,087-xxx-8426
C00082,ศิริ,ชาย,25-34,B01,2026-05-16,088-xxx-5789
C00083,ณัฐ,หญิง,45-54,B02,2025-11-09,081-xxx-2032
C00084,ทิพย์,หญิง,18-24,B01,2025-10-20,082-xxx-3704
C00085,ปิยะ,หญิง,25-34,B01,2025-07-13,086-xxx-1237
C00086,สมชาย,ชาย,25-34,B01,2026-08-07,089-xxx-8145
C00087,กมล,หญิง,25-34,B02,2026-07-01,085-xxx-9483
C00088,ทิพย์,ชาย,45-54,B03,2026-07-08,085-xxx-2974
C00089,ภัทร,ชาย,18-24,B03,2026-05-23,081-xxx-3858
C00090,ธีร,ชาย,25-34,B01,2025-05-15,084-xxx-1308
C00091,มานพ,ชาย,45-54,B05,2026-06-17,081-xxx-4431
C00092,ศิริ,หญิง,25-34,B04,2026-08-02,085-xxx-9616
C00093,มานพ,ชาย,25-34,B04,2025-09-14,087-xxx-3713
C00094,วรรณ,ชาย,18-24,B01,2026-07-25,084-xxx-6598
C00095,กมล,ชาย,25-34,B04,2026-07-25,087-xxx-3532
C00096,รัตนา,ชาย,25-34,B04,2026-06-10,088-xxx-7401
C00097,ทิพย์,หญิง,25-34,B02,2025-04-08,082-xxx-8465
C00098,จิรา,ชาย,25-34,B04,2026-04-29,085-xxx-7518
C00099,สมชาย,หญิง,18-24,B01,2026-07-08,085-xxx-4491
C00100,มานพ,ชาย,25-34,B03,2025-12-17,082-xxx-7695
C00101,ทิพย์,ชาย,25-34,B02,2025-08-01,086-xxx-5318
C00102,อัญชลี,หญิง,55+,B03,2026-04-09,088-xxx-8678
C00103,ชนา,ชาย,45-54,B03,2026-08-11,087-xxx-4136
C00104,อัญชลี,หญิง,25-34,B02,2025-06-15,086-xxx-8428
C00105,นภัส,ชาย,45-54,B01,2025-11-13,089-xxx-6997
C00106,สมชาย,หญิง,25-34,B02,2025-08-12,087-xxx-1821
C00107,ภูมิ,ชาย,18-24,B04,2026-08-22,082-xxx-3026
C00108,อัญชลี,ชาย,25-34,B04,2026-03-03,081-xxx-6724
C00109,รัตนา,ชาย,25-34,B03,2026-02-15,081-xxx-4590
C00110,ปิยะ,หญิง,18-24,B02,2026-05-18,085-xxx-7958
C00111,ทิพย์,ชาย,35-44,B05,2026-03-18,083-xxx-2962
C00112,มานพ,หญิง,25-34,B01,2025-09-24,088-xxx-7917
C00113,นภัส,ชาย,55+,B04,2026-06-16,084-xxx-3165
C00114,ธีร,หญิง,35-44,B02,2025-06-21,085-xxx-4509
C00115,อรุณ,หญิง,55+,B01,2025-10-20,083-xxx-6525
C00116,ภูมิ,หญิง,25-34,B02,2026-09-02,082-xxx-7093
C00117,ชนา,หญิง,25-34,B04,2026-07-11,084-xxx-9527
C00118,ธนา,หญิง,55+,B05,2025-07-17,082-xxx-8152
C00119,ณัฐ,หญิง,45-54,B05,2026-03-04,085-xxx-4184
C00120,ศิริ,หญิง,18-24,B05,2025-04-28,082-xxx-8300
C00121,รัตนา,ชาย,25-34,B05,2025-11-16,082-xxx-2366
C00122,ภัทร,ชาย,35-44,B03,2026-01-08,086-xxx-9202
C00123,จิรา,หญิง,25-34,B01,2025-11-22,081-xxx-4098
C00124,ปิยะ,หญิง,ต่ำกว่า 18,B01,2025-07-02,087-xxx-5575
C00125,มานพ,หญิง,55+,B05,2025-09-23,081-xxx-9387
C00126,สุดา,หญิง,25-34,B02,2026-03-09,086-xxx-6608
C00127,อรุณ,ชาย,18-24,B05,2025-07-28,082-xxx-8028
C00128,ชนา,ชาย,35-44,B02,2026-06-30,088-xxx-6915
C00129,ทิพย์,หญิง,35-44,B01,2025-07-10,085-xxx-2463
C00130,มานพ,หญิง,25-34,B02,2026-01-31,084-xxx-4504
C00131,จิรา,ชาย,35-44,B01,2025-09-15,085-xxx-4322
C00132,ปิยะ,ชาย,18-24,B01,2026-07-03,082-xxx-1658
C00133,มานพ,ชาย,35-44,B02,2025-06-08,081-xxx-8023
C00134,ธีร,ชาย,25-34,B05,2026-02-21,084-xxx-4620
C00135,อัญชลี,หญิง,18-24,B05,2025-04-28,088-xxx-9263
C00136,สมชาย,ชาย,ต่ำกว่า 18,B04,2025-05-28,084-xxx-7699
C00137,ณัฐ,ชาย,25-34,B04,2026-01-24,081-xxx-4504
C00138,ภูมิ,ชาย,18-24,B04,2025-10-15,086-xxx-1270
C00139,กิตติ,หญิง,25-34,B04,2025-04-06,087-xxx-9310
C00140,จิรา,ชาย,25-34,B02,2026-09-01,089-xxx-1549
C00141,กมล,ชาย,35-44,B05,2025-09-10,089-xxx-4649
C00142,จิรา,หญิง,25-34,B05,2025-12-14,081-xxx-3003
C00143,ทิพย์,หญิง,25-34,B05,2025-08-29,082-xxx-9854
C00144,ทิพย์,หญิง,25-34,B02,2025-06-13,088-xxx-8918
C00145,ปิยะ,ไม่ระบุ,35-44,B02,2026-02-20,082-xxx-3424
C00146,ชนา,หญิง,25-34,B05,2025-05-16,089-xxx-2717
C00147,จิรา,หญิง,25-34,B05,2026-03-05,085-xxx-1543
C00148,ปวีณ,หญิง,25-34,B05,2026-02-26,089-xxx-1172
C00149,ธีร,หญิง,18-24,B03,2026-07-23,085-xxx-2218
C00150,เกศ,หญิง,45-54,B01,2026-07-05,084-xxx-5022
C00151,มานพ,ชาย,45-54,B03,2026-08-30,081-xxx-4866
C00152,พิม,หญิง,18-24,B01,2026-03-25,081-xxx-7137
C00153,รัตนา,ชาย,35-44,B05,2025-08-10,088-xxx-1767
C00154,ชนา,หญิง,18-24,B05,2026-07-26,088-xxx-2094
C00155,มานพ,ชาย,25-34,B03,2026-05-03,086-xxx-5998
C00156,สุดา,หญิง,55+,B04,2025-11-02,088-xxx-1700
C00157,กมล,ชาย,35-44,B01,2026-04-27,087-xxx-3901
C00158,อรุณ,หญิง,25-34,B01,2025-07-08,086-xxx-9378
C00159,เกศ,หญิง,25-34,B05,2025-04-21,089-xxx-2766
C00160,ธีร,ชาย,55+,B05,2025-11-13,085-xxx-4632
C00161,ศิริ,หญิง,25-34,B05,2026-02-11,081-xxx-5467
C00162,จิรา,หญิง,25-34,B01,2026-02-06,085-xxx-6632
C00163,ธนา,หญิง,25-34,B01,2026-02-05,086-xxx-8106
C00164,พิม,ชาย,35-44,B04,2025-11-09,086-xxx-3887
C00165,ธนา,หญิง,18-24,B04,2025-07-27,084-xxx-6009
C00166,จิรา,หญิง,18-24,B02,2026-08-13,085-xxx-1842
C00167,วีระ,ไม่ระบุ,25-34,B02,2026-06-30,086-xxx-3868
C00168,อัญชลี,หญิง,18-24,B03,2026-03-07,089-xxx-4311
C00169,พิม,หญิง,25-34,B01,2026-07-29,089-xxx-4262
C00170,ภัทร,หญิง,35-44,B02,2025-08-15,082-xxx-6807
C00171,อรุณ,หญิง,18-24,B03,2026-07-07,082-xxx-8136
C00172,วรรณ,หญิง,18-24,B01,2025-07-26,085-xxx-6691
C00173,กมล,ชาย,35-44,B01,2026-08-04,084-xxx-7338
C00174,ภัทร,ชาย,25-34,B03,2026-07-26,088-xxx-1475
C00175,ณัฐ,ชาย,25-34,B01,2025-10-18,085-xxx-6708
C00176,อัญชลี,หญิง,45-54,B02,2026-02-02,089-xxx-2020
C00177,ชนา,ชาย,25-34,B01,2026-02-28,086-xxx-8065
C00178,สมชาย,หญิง,18-24,B04,2026-02-09,084-xxx-3042
C00179,รัตนา,ชาย,18-24,B02,2025-12-06,086-xxx-2646
C00180,สุดา,หญิง,25-34,B01,2025-09-30,089-xxx-6071
C00181,ศิริ,ชาย,25-34,B05,2026-02-06,084-xxx-5034
C00182,ธนา,ชาย,18-24,B01,2026-02-04,084-xxx-2976
C00183,กิตติ,ชาย,18-24,B05,2025-04-27,087-xxx-1279
C00184,สมชาย,ไม่ระบุ,18-24,B02,2025-08-31,083-xxx-1286
C00185,วีระ,หญิง,45-54,B04,2026-02-12,085-xxx-5007
C00186,วีระ,ชาย,35-44,B05,2025-04-06,085-xxx-3919
C00187,มานพ,ชาย,45-54,B02,2025-10-12,089-xxx-1413
C00188,ทิพย์,หญิง,35-44,B03,2026-07-16,088-xxx-8998
C00189,เกศ,ชาย,35-44,B01,2026-05-13,082-xxx-1968
C00190,ศิริ,หญิง,55+,B05,2026-03-19,085-xxx-3522
C00191,อัญชลี,หญิง,35-44,B01,2026-03-29,082-xxx-8333
C00192,วรรณ,หญิง,18-24,B05,2025-11-18,081-xxx-7248
C00193,มานพ,หญิง,18-24,B03,2026-02-14,082-xxx-6597
C00194,วีระ,ชาย,35-44,B05,2025-10-01,089-xxx-7803
C00195,ศิริ,ชาย,55+,B04,2026-03-07,085-xxx-6131
C00196,ภัทร,หญิง,25-34,B04,2025-12-07,087-xxx-4750
C00197,ทิพย์,ชาย,25-34,B04,2026-05-05,088-xxx-9840
C00198,ปิยะ,หญิง,18-24,B01,2026-08-16,085-xxx-1695
C00199,ภูมิ,หญิง,25-34,B03,2026-07-08,083-xxx-2200
C00200,พิม,หญิง,18-24,B01,2025-07-15,086-xxx-9373
C00201,ธีร,ชาย,18-24,B01,2026-04-09,082-xxx-4504
C00202,สมชาย,ชาย,35-44,B02,2026-04-29,088-xxx-6687
C00203,ปวีณ,หญิง,25-34,B02,2026-01-26,088-xxx-3646
C00204,ศิริ,ชาย,35-44,B05,2026-04-07,083-xxx-4750
C00205,วีระ,ชาย,25-34,B01,2026-01-06,089-xxx-5548
C00206,ภูมิ,ชาย,45-54,B01,2026-04-24,085-xxx-9673
C00207,ปิยะ,หญิง,18-24,B05,2026-08-27,081-xxx-7384
C00208,ธีร,หญิง,18-24,B03,2026-03-01,081-xxx-7810
C00209,นภัส,ชาย,18-24,B01,2025-07-23,085-xxx-9196
C00210,ศิริ,ชาย,18-24,B01,2025-05-16,085-xxx-2389
C00211,ปิยะ,หญิง,35-44,B05,2025-12-22,088-xxx-1662
C00212,อรุณ,หญิง,55+,B01,2026-04-20,081-xxx-6511
C00213,นภัส,หญิง,25-34,B02,2026-01-13,082-xxx-9839
C00214,ธนา,หญิง,18-24,B05,2026-03-26,087-xxx-1072
C00215,กมล,หญิง,ต่ำกว่า 18,B05,2026-07-29,085-xxx-9049
C00216,นภัส,หญิง,35-44,B05,2026-08-14,087-xxx-3328
C00217,พิม,หญิง,18-24,B01,2025-11-11,085-xxx-3776
C00218,ณัฐ,ชาย,35-44,B01,2026-06-26,088-xxx-5690
C00219,สุดา,ชาย,18-24,B05,2026-05-05,085-xxx-4076
C00220,รัตนา,หญิง,35-44,B05,2026-04-03,088-xxx-4716
C00221,สุดา,หญิง,25-34,B02,2026-07-22,088-xxx-2943
C00222,ธนา,หญิง,25-34,B01,2025-10-31,088-xxx-6407
C00223,ธนา,ชาย,18-24,B01,2025-11-28,088-xxx-4694
C00224,ปิยะ,หญิง,25-34,B04,2026-03-17,084-xxx-8716
C00225,มานพ,หญิง,35-44,B02,2026-07-14,082-xxx-8677
C00226,กิตติ,หญิง,ต่ำกว่า 18,B05,2025-12-11,089-xxx-3890
C00227,สมชาย,ชาย,18-24,B02,2026-06-09,087-xxx-6615
C00228,ภูมิ,ไม่ระบุ,35-44,B03,2026-04-03,082-xxx-7829
C00229,จิรา,หญิง,18-24,B03,2025-12-25,084-xxx-4524
C00230,กิตติ,ชาย,35-44,B02,2025-11-18,084-xxx-8978
C00231,กมล,หญิง,25-34,B02,2026-07-27,081-xxx-7193
C00232,มานพ,หญิง,35-44,B03,2026-05-20,083-xxx-8904
C00233,จิรา,ชาย,45-54,B05,2025-06-24,085-xxx-1038
C00234,วีระ,ชาย,18-24,B05,2025-10-25,082-xxx-1456
C00235,ภัทร,หญิง,45-54,B02,2026-01-12,084-xxx-6201
C00236,ปวีณ,หญิง,45-54,B04,2025-05-15,083-xxx-3433
C00237,ศิริ,หญิง,25-34,B05,2026-06-06,082-xxx-9488
C00238,วีระ,ชาย,18-24,B01,2025-12-04,087-xxx-3708
C00239,ปิยะ,หญิง,35-44,B03,2026-08-30,089-xxx-1573
C00240,อรุณ,หญิง,25-34,B05,2025-08-26,083-xxx-1192
C00241,ธีร,ชาย,25-34,B04,2025-04-05,082-xxx-7372
C00242,ภัทร,ชาย,18-24,B04,2025-11-12,082-xxx-5716
C00243,กิตติ,ไม่ระบุ,25-34,B03,2026-09-12,081-xxx-2530
C00244,จิรา,หญิง,18-24,B02,2025-10-24,086-xxx-2013
C00245,ภัทร,หญิง,25-34,B01,2025-08-12,089-xxx-4517
C00246,วรรณ,หญิง,18-24,B04,2026-05-14,086-xxx-9028
C00247,สมชาย,หญิง,35-44,B03,2026-07-28,083-xxx-6572
C00248,ทิพย์,หญิง,25-34,B04,2026-09-05,087-xxx-5949
C00249,พิม,หญิง,18-24,B01,2025-09-21,088-xxx-3550
C00250,อัญชลี,หญิง,25-34,B05,2025-07-15,086-xxx-9117
C00251,นภัส,ไม่ระบุ,18-24,B01,2025-08-16,083-xxx-8251
C00252,ณัฐ,หญิง,18-24,B01,2025-08-20,087-xxx-3110
C00253,อรุณ,หญิง,25-34,B03,2026-01-28,085-xxx-7976
C00254,รัตนา,ชาย,18-24,B04,2025-05-09,089-xxx-3224
C00255,ปวีณ,ชาย,25-34,B03,2026-01-04,082-xxx-7102
C00256,ณัฐ,ชาย,25-34,B01,2026-06-08,084-xxx-2187
C00257,รัตนา,หญิง,25-34,B02,2025-07-08,081-xxx-6095
C00258,อัญชลี,ชาย,25-34,B05,2025-11-04,081-xxx-7712
C00259,ณัฐ,ไม่ระบุ,45-54,B01,2026-06-24,087-xxx-1179
C00260,จิรา,หญิง,55+,B01,2025-05-07,084-xxx-7480
C00261,รัตนา,ไม่ระบุ,18-24,B02,2025-12-15,084-xxx-4808
C00262,อรุณ,หญิง,25-34,B01,2026-07-15,082-xxx-8784
C00263,มานพ,หญิง,ต่ำกว่า 18,B04,2026-01-03,081-xxx-7360
C00264,ทิพย์,ชาย,25-34,B03,2026-04-06,086-xxx-4751
C00265,สมชาย,ชาย,25-34,B03,2026-01-08,088-xxx-7473
C00266,ธนา,หญิง,ต่ำกว่า 18,B03,2026-08-21,083-xxx-9867
C00267,ศิริ,หญิง,45-54,B03,2026-04-26,085-xxx-8231
C00268,รัตนา,หญิง,25-34,B04,2025-07-15,081-xxx-6696
C00269,ปิยะ,ชาย,25-34,B01,2026-04-24,086-xxx-8413
C00270,อรุณ,หญิง,35-44,B04,2025-12-04,087-xxx-5915
C00271,ปิยะ,หญิง,25-34,B05,2025-05-29,084-xxx-8506
C00272,ศิริ,ชาย,45-54,B01,2025-07-26,089-xxx-5213
C00273,ปวีณ,ไม่ระบุ,18-24,B01,2025-11-21,087-xxx-7216
C00274,สมชาย,ชาย,ต่ำกว่า 18,B01,2026-02-04,082-xxx-1130
C00275,ปวีณ,หญิง,18-24,B01,2026-06-19,085-xxx-6212
C00276,นภัส,ชาย,25-34,B01,2026-08-14,085-xxx-6536
C00277,ชนา,หญิง,25-34,B02,2026-03-03,082-xxx-3665
C00278,ธีร,หญิง,18-24,B02,2026-04-26,082-xxx-5173
C00279,อัญชลี,หญิง,18-24,B01,2026-08-09,086-xxx-3167
C00280,ธีร,หญิง,25-34,B05,2025-10-07,088-xxx-2741
C00281,พิม,ชาย,45-54,B02,2025-08-09,083-xxx-6991
C00282,นภัส,หญิง,18-24,B04,2026-01-17,081-xxx-9648
C00283,ภูมิ,หญิง,25-34,B02,2025-08-25,082-xxx-8080
C00284,ปวีณ,ชาย,45-54,B02,2025-07-01,088-xxx-5116
C00285,สุดา,ชาย,35-44,B01,2026-02-04,087-xxx-9777
C00286,ปวีณ,ชาย,25-34,B02,2025-12-03,087-xxx-9912
C00287,ชนา,ชาย,35-44,B02,2026-09-08,086-xxx-6487
C00288,จิรา,ไม่ระบุ,25-34,B02,2026-01-26,086-xxx-7431
C00289,มานพ,หญิง,35-44,B03,2026-02-26,085-xxx-2708
C00290,ธีร,ชาย,18-24,B01,2026-08-13,086-xxx-6025
C00291,ภูมิ,หญิง,18-24,B04,2025-08-28,085-xxx-2864
C00292,จิรา,หญิง,25-34,B01,2026-05-12,089-xxx-6437
C00293,ปวีณ,ชาย,35-44,B03,2026-02-19,087-xxx-2770
C00294,กิตติ,หญิง,45-54,B02,2026-05-27,083-xxx-5657
C00295,ปิยะ,ชาย,25-34,B02,2025-11-13,085-xxx-6528
C00296,มานพ,หญิง,25-34,B01,2025-12-14,082-xxx-1497
C00297,จิรา,หญิง,55+,B04,2025-06-22,085-xxx-4245
C00298,กมล,หญิง,45-54,B01,2025-11-19,085-xxx-2148
C00299,ปิยะ,หญิง,25-34,B04,2026-07-02,085-xxx-5104
C00300,ปิยะ,ชาย,25-34,B02,2025-09-25,089-xxx-4756
C00301,ชนา,ชาย,18-24,B01,2025-06-03,087-xxx-3506
C00302,กมล,หญิง,25-34,B01,2025-04-28,084-xxx-6780
C00303,อรุณ,หญิง,18-24,B02,2026-03-17,089-xxx-9912
C00304,วรรณ,หญิง,18-24,B04,2025-09-02,085-xxx-3427
C00305,ธนา,หญิง,25-34,B02,2025-06-15,082-xxx-3987
C00306,พิม,หญิง,25-34,B02,2025-07-17,085-xxx-9719
C00307,จิรา,ชาย,18-24,B04,2026-04-28,087-xxx-3020
C00308,รัตนา,หญิง,25-34,B01,2026-01-05,089-xxx-5027
C00309,กิตติ,หญิง,25-34,B05,2025-04-24,088-xxx-5018
C00310,ธีร,หญิง,55+,B01,2026-03-23,089-xxx-5179
C00311,อัญชลี,หญิง,18-24,B04,2025-07-29,084-xxx-5452
C00312,สมชาย,ชาย,18-24,B04,2026-06-05,083-xxx-5398
C00313,ปวีณ,หญิง,45-54,B02,2026-06-17,089-xxx-2545
C00314,ธนา,ชาย,25-34,B04,2025-12-10,081-xxx-8533
C00315,สุดา,ชาย,18-24,B03,2026-07-28,084-xxx-1510
C00316,ปวีณ,หญิง,35-44,B05,2026-08-19,085-xxx-6125
C00317,สุดา,หญิง,45-54,B02,2026-02-23,083-xxx-6936
C00318,อัญชลี,หญิง,18-24,B03,2026-03-23,085-xxx-1453
C00319,สมชาย,หญิง,45-54,B04,2026-05-14,085-xxx-2524
C00320,วีระ,หญิง,25-34,B01,2026-04-12,085-xxx-7143
C00321,อัญชลี,ชาย,35-44,B01,2025-12-22,084-xxx-4083
C00322,อรุณ,ชาย,45-54,B01,2025-05-18,088-xxx-8723
C00323,กมล,หญิง,18-24,B04,2026-08-07,081-xxx-1570
C00324,ภัทร,ชาย,25-34,B05,2025-07-24,087-xxx-5943
C00325,ทิพย์,หญิง,25-34,B02,2025-06-10,083-xxx-9820
C00326,ชนา,ชาย,25-34,B04,2026-01-26,085-xxx-4645
C00327,อัญชลี,หญิง,18-24,B01,2026-06-27,081-xxx-2014
C00328,วีระ,หญิง,18-24,B03,2026-01-01,087-xxx-8172
C00329,เกศ,ชาย,18-24,B05,2026-04-22,089-xxx-1948
C00330,อรุณ,ชาย,18-24,B04,2026-05-21,081-xxx-1194
C00331,วีระ,หญิง,35-44,B05,2026-08-18,083-xxx-3531
C00332,ภูมิ,ชาย,25-34,B01,2025-11-16,084-xxx-8327
C00333,วีระ,หญิง,18-24,B02,2025-05-15,085-xxx-9766
C00334,ชนา,ชาย,18-24,B05,2025-06-11,089-xxx-9015
C00335,สมชาย,ชาย,25-34,B02,2026-03-08,081-xxx-4062
C00336,อัญชลี,หญิง,35-44,B05,2026-05-15,089-xxx-5598
C00337,ศิริ,ชาย,18-24,B01,2025-12-01,086-xxx-3485
C00338,กมล,หญิง,25-34,B03,2026-07-19,082-xxx-2116
C00339,ชนา,ไม่ระบุ,25-34,B03,2025-11-06,086-xxx-2493
C00340,กมล,ชาย,35-44,B02,2025-05-10,089-xxx-7697
C00341,ธีร,ชาย,18-24,B04,2026-03-31,086-xxx-7324
C00342,ปวีณ,ชาย,25-34,B01,2025-08-26,087-xxx-5937
C00343,กมล,หญิง,25-34,B01,2026-02-09,086-xxx-5837
C00344,สมชาย,ชาย,25-34,B04,2026-04-15,084-xxx-5723
C00345,ณัฐ,ชาย,35-44,B01,2025-12-24,083-xxx-7360
C00346,สุดา,หญิง,25-34,B02,2026-06-01,082-xxx-9370
C00347,เกศ,หญิง,25-34,B04,2026-01-23,087-xxx-5102
C00348,ปวีณ,หญิง,25-34,B05,2025-06-15,087-xxx-9336
C00349,รัตนา,หญิง,45-54,B04,2026-04-10,084-xxx-9169
C00350,รัตนา,ชาย,18-24,B02,2026-08-14,084-xxx-4877
C00351,กมล,หญิง,35-44,B05,2026-03-30,089-xxx-4466
C00352,ปิยะ,ชาย,25-34,B02,2026-08-02,081-xxx-3266
C00353,กิตติ,หญิง,25-34,B05,2025-07-09,081-xxx-1624
C00354,ชนา,หญิง,35-44,B02,2025-08-11,083-xxx-9742
C00355,วีระ,หญิง,45-54,B02,2025-06-01,088-xxx-4479
C00356,พิม,ชาย,25-34,B03,2026-06-09,086-xxx-8388
C00357,ภูมิ,หญิง,45-54,B05,2025-11-12,088-xxx-7744
C00358,กิตติ,หญิง,18-24,B04,2026-05-23,086-xxx-7850
C00359,ปวีณ,หญิง,18-24,B01,2026-07-25,083-xxx-4235
C00360,ชนา,หญิง,25-34,B01,2025-07-08,089-xxx-4318
C00361,ชนา,ชาย,25-34,B04,2026-02-24,085-xxx-7482
C00362,พิม,หญิง,18-24,B01,2026-04-19,085-xxx-8106
C00363,ธนา,ชาย,45-54,B01,2026-07-20,089-xxx-4239
C00364,ธีร,ชาย,45-54,B02,2026-08-10,089-xxx-7679
C00365,ชนา,ชาย,25-34,B05,2025-07-19,081-xxx-4867
C00366,ธีร,หญิง,25-34,B02,2026-02-03,087-xxx-9815
C00367,ธนา,ชาย,18-24,B02,2025-04-11,082-xxx-9419
C00368,ณัฐ,หญิง,45-54,B04,2026-04-19,083-xxx-4198
C00369,กมล,ไม่ระบุ,55+,B05,2025-07-30,087-xxx-2954
C00370,วรรณ,หญิง,35-44,B05,2025-09-06,085-xxx-7093
C00371,ธนา,หญิง,25-34,B04,2025-12-19,088-xxx-6575
C00372,ภูมิ,หญิง,18-24,B05,2026-04-28,083-xxx-2574
C00373,กมล,ชาย,25-34,B01,2025-12-16,083-xxx-1139
C00374,กมล,หญิง,18-24,B02,2025-04-09,082-xxx-4357
C00375,สมชาย,ไม่ระบุ,45-54,B03,2025-12-08,089-xxx-6275
C00376,อัญชลี,หญิง,18-24,B01,2025-06-10,089-xxx-8585
C00377,วีระ,ชาย,ต่ำกว่า 18,B03,2026-08-31,086-xxx-4689
C00378,สุดา,หญิง,ต่ำกว่า 18,B05,2025-07-22,088-xxx-3667
C00379,กิตติ,หญิง,25-34,B03,2026-08-03,083-xxx-1871
C00380,จิรา,ชาย,25-34,B01,2025-11-28,085-xxx-4407
C00381,ภัทร,หญิง,25-34,B04,2025-10-16,087-xxx-8602
C00382,รัตนา,หญิง,25-34,B03,2026-05-31,089-xxx-8935
C00383,รัตนา,หญิง,18-24,B03,2026-03-16,083-xxx-5744
C00384,ทิพย์,หญิง,25-34,B04,2025-05-26,081-xxx-4275
C00385,ภัทร,หญิง,18-24,B01,2026-03-25,089-xxx-9399
C00386,ณัฐ,หญิง,45-54,B01,2025-12-10,083-xxx-1543
C00387,นภัส,หญิง,45-54,B04,2026-08-26,087-xxx-6392
C00388,กิตติ,ชาย,25-34,B02,2026-03-06,087-xxx-2438
C00389,ภัทร,ชาย,35-44,B03,2026-05-25,083-xxx-5681
C00390,อรุณ,หญิง,18-24,B05,2025-12-04,083-xxx-8365
C00391,ภัทร,ชาย,18-24,B01,2025-09-20,087-xxx-7331
C00392,จิรา,หญิง,18-24,B05,2026-03-01,087-xxx-6327
C00393,ธีร,ชาย,25-34,B04,2025-11-07,083-xxx-7210
C00394,สมชาย,หญิง,18-24,B05,2026-05-31,089-xxx-6300
C00395,กมล,ชาย,45-54,B01,2025-10-21,087-xxx-6345
C00396,สมชาย,ชาย,35-44,B01,2025-06-12,087-xxx-9103
C00397,สุดา,หญิง,55+,B02,2025-09-20,089-xxx-7239
C00398,ปิยะ,ชาย,55+,B05,2026-07-11,087-xxx-1169
C00399,สมชาย,ชาย,25-34,B01,2026-08-08,085-xxx-3385
C00400,ชนา,ชาย,35-44,B01,2026-06-15,082-xxx-8324
C00401,นภัส,หญิง,35-44,B01,2025-11-29,084-xxx-9238
C00402,ภูมิ,หญิง,18-24,B02,2025-07-20,086-xxx-5716
C00403,สุดา,หญิง,25-34,B01,2026-04-28,086-xxx-4277
C00404,ณัฐ,หญิง,18-24,B04,2025-12-15,089-xxx-7046
C00405,เกศ,หญิง,18-24,B03,2026-03-17,089-xxx-1341
C00406,ทิพย์,ชาย,35-44,B02,2026-02-01,086-xxx-1175
C00407,ธีร,หญิง,25-34,B01,2025-12-25,084-xxx-1008
C00408,ธนา,ชาย,25-34,B01,2026-03-09,084-xxx-9777
C00409,ภูมิ,หญิง,25-34,B02,2025-09-04,083-xxx-6951
C00410,ทิพย์,ชาย,18-24,B01,2025-11-22,088-xxx-1198
C00411,กิตติ,หญิง,25-34,B02,2025-06-12,087-xxx-5549
C00412,ภูมิ,ชาย,25-34,B03,2026-01-26,082-xxx-9619
C00413,เกศ,ชาย,18-24,B03,2026-02-06,083-xxx-1220
C00414,กมล,ชาย,45-54,B04,2026-08-23,083-xxx-8755
C00415,ภูมิ,หญิง,45-54,B03,2026-02-12,089-xxx-5134
C00416,ธีร,หญิง,25-34,B04,2025-09-07,082-xxx-7778
C00417,กิตติ,ชาย,18-24,B04,2026-08-07,085-xxx-6767
C00418,วีระ,ชาย,18-24,B01,2025-08-21,086-xxx-4077
C00419,ธนา,หญิง,25-34,B01,2026-05-13,088-xxx-3936
C00420,อัญชลี,ชาย,35-44,B03,2026-04-11,085-xxx-2818
C00421,กิตติ,หญิง,18-24,B01,2025-12-10,089-xxx-1597
C00422,อรุณ,หญิง,55+,B01,2026-03-04,086-xxx-5957
C00423,อัญชลี,ชาย,25-34,B01,2026-01-25,083-xxx-1340
C00424,ณัฐ,ชาย,45-54,B04,2026-05-14,084-xxx-4093
C00425,เกศ,หญิง,45-54,B02,2026-09-09,086-xxx-2382
C00426,กมล,หญิง,35-44,B01,2026-04-20,089-xxx-9811
C00427,ปวีณ,หญิง,18-24,B03,2025-12-20,085-xxx-6451
C00428,ภัทร,หญิง,35-44,B02,2025-10-23,082-xxx-2832
C00429,กมล,ชาย,25-34,B02,2025-12-20,088-xxx-1071
C00430,กมล,ชาย,25-34,B04,2025-07-22,089-xxx-4082
C00431,ณัฐ,ชาย,25-34,B03,2026-05-09,084-xxx-5191
C00432,ศิริ,หญิง,ต่ำกว่า 18,B01,2025-06-16,084-xxx-5671
C00433,ปิยะ,หญิง,25-34,B02,2025-06-12,089-xxx-4784
C00434,สุดา,ชาย,18-24,B02,2026-01-20,086-xxx-6363
C00435,ภัทร,หญิง,45-54,B05,2025-08-08,082-xxx-7622
C00436,รัตนา,หญิง,18-24,B01,2025-05-04,087-xxx-4523
C00437,รัตนา,ชาย,ต่ำกว่า 18,B03,2026-02-13,089-xxx-2820
C00438,ภูมิ,หญิง,25-34,B01,2026-06-30,084-xxx-6767
C00439,ธนา,หญิง,35-44,B05,2025-08-08,088-xxx-6502
C00440,ธีร,หญิง,55+,B01,2026-06-25,084-xxx-4794
C00441,วีระ,ชาย,25-34,B05,2025-12-18,082-xxx-4288
C00442,ศิริ,หญิง,25-34,B04,2026-07-25,082-xxx-3737
C00443,สุดา,ชาย,18-24,B05,2025-06-14,083-xxx-6886
C00444,ธีร,หญิง,55+,B02,2026-04-14,087-xxx-3681
C00445,นภัส,หญิง,18-24,B02,2026-08-18,085-xxx-8166
C00446,นภัส,หญิง,ต่ำกว่า 18,B05,2025-12-05,086-xxx-9729
C00447,วรรณ,ชาย,ต่ำกว่า 18,B02,2025-04-18,081-xxx-1871
C00448,ธีร,หญิง,35-44,B01,2026-01-25,083-xxx-1117
C00449,สมชาย,ชาย,18-24,B04,2026-03-03,085-xxx-8159
C00450,วรรณ,ชาย,45-54,B02,2025-07-23,081-xxx-8627
C00451,ศิริ,ไม่ระบุ,35-44,B02,2026-06-20,085-xxx-5735
C00452,ปวีณ,หญิง,35-44,B03,2026-02-04,084-xxx-1989
C00453,อัญชลี,หญิง,18-24,B02,2026-01-15,088-xxx-5889
C00454,ธนา,ชาย,35-44,B04,2025-09-26,087-xxx-3848
C00455,สมชาย,หญิง,55+,B05,2025-08-25,088-xxx-3623
C00456,ทิพย์,หญิง,45-54,B05,2026-01-01,085-xxx-3062
C00457,อัญชลี,ชาย,18-24,B02,2025-04-18,087-xxx-1336
C00458,สมชาย,ชาย,18-24,B04,2026-06-09,089-xxx-2801
C00459,อัญชลี,หญิง,25-34,B02,2026-04-18,085-xxx-4191
C00460,นภัส,หญิง,18-24,B03,2026-08-26,089-xxx-1372
C00461,ชนา,ชาย,ต่ำกว่า 18,B01,2025-08-22,089-xxx-2675
C00462,ศิริ,ชาย,18-24,B05,2026-05-10,082-xxx-2813
C00463,วรรณ,ชาย,25-34,B02,2026-04-20,089-xxx-2251
C00464,ธนา,หญิง,35-44,B02,2026-05-14,088-xxx-4527
C00465,ธนา,หญิง,18-24,B05,2025-06-03,085-xxx-7521
C00466,ชนา,หญิง,18-24,B03,2026-08-14,088-xxx-8686
C00467,อัญชลี,หญิง,18-24,B04,2026-05-31,088-xxx-5387
C00468,มานพ,ชาย,35-44,B05,2025-10-01,081-xxx-7919
C00469,ธีร,หญิง,18-24,B01,2025-11-14,089-xxx-4418
C00470,ชนา,หญิง,18-24,B03,2026-04-19,081-xxx-6967
C00471,กิตติ,หญิง,45-54,B05,2025-12-01,082-xxx-3245
C00472,ศิริ,ชาย,35-44,B01,2026-08-04,089-xxx-5400
C00473,รัตนา,หญิง,18-24,B03,2026-05-15,087-xxx-6546
C00474,วีระ,ชาย,18-24,B01,2026-07-01,083-xxx-2994
C00475,พิม,หญิง,55+,B03,2026-07-14,083-xxx-4563
C00476,ปวีณ,ชาย,18-24,B02,2025-10-20,082-xxx-3846
C00477,อัญชลี,ชาย,35-44,B01,2025-12-13,087-xxx-2865
C00478,ณัฐ,ชาย,25-34,B02,2026-06-08,086-xxx-8843
C00479,รัตนา,หญิง,35-44,B03,2026-08-02,085-xxx-3660
C00480,ปิยะ,ชาย,25-34,B02,2025-09-21,083-xxx-1657
C00481,ชนา,หญิง,25-34,B01,2026-06-12,087-xxx-6806
C00482,กิตติ,หญิง,18-24,B01,2025-11-28,089-xxx-3019
C00483,รัตนา,หญิง,35-44,B01,2025-10-03,086-xxx-3204
C00484,ปิยะ,หญิง,55+,B04,2026-09-06,088-xxx-9013
C00485,เกศ,หญิง,25-34,B05,2025-05-29,082-xxx-5217
C00486,กิตติ,ชาย,25-34,B04,2026-08-04,084-xxx-2111
C00487,ณัฐ,หญิง,35-44,B05,2026-04-14,089-xxx-5802
C00488,สมชาย,หญิง,35-44,B01,2026-09-09,083-xxx-9782
C00489,ธนา,ชาย,35-44,B04,2025-11-25,086-xxx-9366
C00490,รัตนา,หญิง,18-24,B05,2026-02-23,082-xxx-3710
C00491,วรรณ,ชาย,45-54,B05,2025-04-10,082-xxx-6318
C00492,มานพ,หญิง,45-54,B01,2025-07-15,088-xxx-4340
C00493,ณัฐ,ชาย,35-44,B01,2025-09-05,081-xxx-8296
C00494,วรรณ,ชาย,ต่ำกว่า 18,B02,2025-11-08,083-xxx-7109
C00495,สมชาย,ชาย,25-34,B01,2026-08-12,081-xxx-3446
C00496,ปิยะ,ชาย,25-34,B05,2026-07-01,084-xxx-2732
C00497,ศิริ,ชาย,45-54,B01,2026-05-07,089-xxx-9732
C00498,เกศ,หญิง,25-34,B03,2026-01-12,086-xxx-4388
C00499,นภัส,หญิง,25-34,B05,2026-07-12,085-xxx-6791
C00500,ทิพย์,หญิง,25-34,B05,2025-06-30,087-xxx-9172
C00501,สุดา,ชาย,18-24,B03,2025-12-24,088-xxx-3737
C00502,วรรณ,หญิง,55+,B02,2026-03-29,083-xxx-6782
C00503,อัญชลี,ชาย,35-44,B03,2025-11-15,083-xxx-4392
C00504,ชนา,หญิง,35-44,B01,2025-08-10,088-xxx-7000
C00505,กิตติ,หญิง,25-34,B01,2026-04-21,085-xxx-4896
C00506,อรุณ,หญิง,18-24,B04,2025-04-15,082-xxx-4032
C00507,สุดา,หญิง,35-44,B01,2026-07-28,081-xxx-9347
C00508,สุดา,หญิง,18-24,B01,2025-05-31,089-xxx-5264
C00509,จิรา,หญิง,18-24,B05,2025-06-02,083-xxx-7329
C00510,รัตนา,ชาย,25-34,B01,2026-08-27,087-xxx-4099
C00511,จิรา,หญิง,25-34,B04,2025-07-28,088-xxx-4301
C00512,อัญชลี,หญิง,25-34,B01,2025-10-14,082-xxx-9667
C00513,มานพ,ไม่ระบุ,45-54,B03,2026-05-30,085-xxx-7377
C00514,สมชาย,หญิง,25-34,B01,2025-09-24,088-xxx-7817
C00515,วีระ,หญิง,35-44,B03,2026-02-19,083-xxx-6648
C00516,ภูมิ,ไม่ระบุ,25-34,B03,2026-05-08,089-xxx-7748
C00517,อรุณ,หญิง,35-44,B05,2026-04-04,088-xxx-6655
C00518,ปวีณ,ชาย,25-34,B01,2026-02-22,082-xxx-8104
C00519,รัตนา,หญิง,25-34,B04,2026-01-15,088-xxx-5701
C00520,ธีร,หญิง,25-34,B04,2026-09-13,088-xxx-7575
C00521,ศิริ,ชาย,25-34,B04,2025-12-01,087-xxx-5977
C00522,มานพ,ชาย,25-34,B05,2025-09-17,087-xxx-7582
C00523,ธนา,ชาย,35-44,B04,2026-07-24,084-xxx-6046
C00524,สุดา,ชาย,18-24,B03,2026-05-11,085-xxx-3564
C00525,ปิยะ,หญิง,25-34,B01,2025-04-09,086-xxx-9142
C00526,ทิพย์,ชาย,35-44,B03,2026-02-05,083-xxx-2183
C00527,ธีร,ชาย,25-34,B05,2025-07-30,082-xxx-6292
C00528,ณัฐ,ไม่ระบุ,25-34,B05,2026-09-09,083-xxx-4068
C00529,รัตนา,หญิง,55+,B02,2025-11-25,089-xxx-3223
C00530,ปวีณ,ชาย,25-34,B04,2026-01-22,087-xxx-9352
C00531,พิม,ชาย,45-54,B05,2026-08-01,088-xxx-9344
C00532,ภูมิ,ชาย,ต่ำกว่า 18,B05,2025-09-05,083-xxx-9904
C00533,สุดา,หญิง,35-44,B01,2025-05-16,089-xxx-5726
C00534,อัญชลี,ไม่ระบุ,35-44,B01,2026-09-10,088-xxx-6345
C00535,เกศ,ชาย,25-34,B04,2026-03-26,081-xxx-4530
C00536,ชนา,หญิง,18-24,B05,2026-04-04,083-xxx-5280
C00537,ศิริ,หญิง,18-24,B01,2026-09-07,086-xxx-4706
C00538,ทิพย์,หญิง,25-34,B03,2026-05-23,082-xxx-6699
C00539,เกศ,ชาย,ต่ำกว่า 18,B05,2025-04-01,083-xxx-5549
C00540,กมล,ชาย,25-34,B03,2026-04-26,082-xxx-2148
C00541,ธนา,ชาย,25-34,B01,2025-05-29,081-xxx-2484
C00542,อัญชลี,ชาย,55+,B02,2026-06-13,088-xxx-1649
C00543,อรุณ,ชาย,55+,B01,2026-08-26,089-xxx-5516
C00544,ทิพย์,หญิง,25-34,B05,2026-08-21,082-xxx-3106
C00545,วีระ,ชาย,45-54,B02,2026-08-08,086-xxx-5363
C00546,ภูมิ,หญิง,25-34,B04,2026-03-08,089-xxx-3795
C00547,วีระ,หญิง,25-34,B01,2026-03-15,089-xxx-8178
C00548,ณัฐ,หญิง,25-34,B04,2026-09-11,085-xxx-8709
C00549,นภัส,หญิง,35-44,B02,2026-03-22,089-xxx-1506
C00550,นภัส,ชาย,18-24,B04,2026-08-24,089-xxx-8990
C00551,อัญชลี,ชาย,18-24,B02,2026-04-12,086-xxx-4040
C00552,ปิยะ,หญิง,35-44,B05,2025-06-29,088-xxx-5367
C00553,รัตนา,หญิง,35-44,B04,2026-05-01,088-xxx-1968
C00554,สมชาย,ชาย,18-24,B01,2026-05-12,089-xxx-1499
C00555,ปวีณ,ชาย,55+,B04,2026-06-11,086-xxx-8450
C00556,ปิยะ,ชาย,35-44,B02,2026-07-26,085-xxx-4564
C00557,กมล,ชาย,18-24,B01,2026-08-25,085-xxx-2401
C00558,พิม,หญิง,35-44,B03,2025-12-07,083-xxx-8056
C00559,ศิริ,หญิง,18-24,B02,2026-01-19,087-xxx-6285
C00560,เกศ,หญิง,35-44,B02,2025-07-12,082-xxx-7957
C00561,นภัส,ชาย,18-24,B01,2025-12-05,085-xxx-5290
C00562,กิตติ,หญิง,18-24,B05,2025-06-30,085-xxx-4606
C00563,อัญชลี,หญิง,25-34,B01,2025-08-06,081-xxx-8122
C00564,ชนา,ชาย,25-34,B01,2026-01-08,082-xxx-6026
C00565,ภูมิ,หญิง,25-34,B03,2026-07-24,083-xxx-6183
C00566,ณัฐ,หญิง,25-34,B01,2025-05-14,088-xxx-3694
C00567,เกศ,ไม่ระบุ,35-44,B04,2026-06-08,081-xxx-5459
C00568,วีระ,ชาย,25-34,B02,2025-07-08,086-xxx-4653
C00569,สมชาย,ชาย,25-34,B02,2025-04-12,084-xxx-4298
C00570,อรุณ,ชาย,35-44,B01,2025-08-19,084-xxx-9686
C00571,ปวีณ,ชาย,35-44,B05,2025-08-09,085-xxx-7634
C00572,ภูมิ,ชาย,55+,B05,2026-05-04,088-xxx-3772
C00573,ภูมิ,ชาย,18-24,B01,2026-08-14,085-xxx-9243
C00574,อัญชลี,ชาย,55+,B05,2025-07-23,082-xxx-8051
C00575,ภูมิ,หญิง,18-24,B05,2026-06-16,084-xxx-1684
C00576,สุดา,หญิง,18-24,B01,2026-08-06,088-xxx-9640
C00577,ศิริ,หญิง,35-44,B05,2026-04-17,086-xxx-7625
C00578,นภัส,หญิง,18-24,B04,2025-05-27,083-xxx-8844
C00579,อรุณ,หญิง,35-44,B02,2026-06-13,082-xxx-9979
C00580,เกศ,ชาย,25-34,B02,2026-03-05,084-xxx-5105
C00581,รัตนา,ชาย,55+,B04,2025-07-01,083-xxx-8493
C00582,ธนา,หญิง,35-44,B01,2025-12-14,084-xxx-4364
C00583,ภัทร,หญิง,25-34,B02,2025-08-27,084-xxx-6591
C00584,รัตนา,ชาย,35-44,B03,2025-12-17,082-xxx-9998
C00585,มานพ,หญิง,18-24,B01,2026-09-11,086-xxx-9431
C00586,ธีร,ชาย,25-34,B05,2025-09-24,088-xxx-4308
C00587,สุดา,หญิง,35-44,B01,2025-10-01,086-xxx-3788
C00588,อัญชลี,ชาย,25-34,B01,2026-04-06,083-xxx-9099
C00589,ปวีณ,หญิง,25-34,B05,2025-07-23,088-xxx-9195
C00590,เกศ,หญิง,18-24,B01,2026-02-01,089-xxx-3588
C00591,ปิยะ,หญิง,25-34,B05,2025-04-12,089-xxx-1959
C00592,ธนา,ชาย,35-44,B03,2026-01-22,088-xxx-3249
C00593,ปวีณ,ไม่ระบุ,35-44,B03,2026-06-16,081-xxx-5105
C00594,กิตติ,หญิง,18-24,B03,2026-04-07,081-xxx-1712
C00595,อัญชลี,หญิง,25-34,B05,2025-04-07,089-xxx-8040
C00596,ศิริ,หญิง,25-34,B05,2025-06-15,089-xxx-7786
C00597,ปวีณ,ชาย,25-34,B03,2026-04-29,082-xxx-4643
C00598,ธนา,หญิง,55+,B05,2025-06-22,089-xxx-5729
C00599,กมล,ชาย,35-44,B05,2025-12-16,084-xxx-6893
C00600,ปิยะ,หญิง,18-24,B05,2025-09-15,087-xxx-1266
C00601,สมชาย,หญิง,35-44,B03,2026-08-24,086-xxx-3488
C00602,ทิพย์,ชาย,18-24,B01,2025-08-15,087-xxx-5021
C00603,รัตนา,หญิง,25-34,B01,2025-05-11,082-xxx-1164
C00604,ธนา,หญิง,25-34,B02,2025-09-28,082-xxx-1687
C00605,สุดา,ชาย,25-34,B01,2026-04-24,085-xxx-9347
C00606,พิม,หญิง,25-34,B03,2026-06-27,083-xxx-9895
C00607,สุดา,ชาย,25-34,B01,2025-06-24,086-xxx-7140
C00608,ภูมิ,หญิง,18-24,B02,2025-04-11,083-xxx-7987
C00609,อรุณ,ชาย,18-24,B01,2026-07-10,086-xxx-2954
C00610,อัญชลี,ชาย,25-34,B02,2026-03-12,089-xxx-8142
C00611,ศิริ,ชาย,25-34,B02,2025-12-02,088-xxx-1843
C00612,ภัทร,หญิง,45-54,B03,2025-12-04,082-xxx-6279
C00613,ภัทร,ชาย,ต่ำกว่า 18,B01,2025-05-14,088-xxx-4127
C00614,วรรณ,ชาย,45-54,B05,2026-09-08,086-xxx-9110
C00615,ศิริ,ชาย,18-24,B02,2025-10-21,081-xxx-8619
C00616,กมล,ชาย,35-44,B01,2025-05-22,083-xxx-5383
C00617,กิตติ,หญิง,25-34,B02,2025-07-30,085-xxx-5075
C00618,มานพ,ชาย,55+,B01,2026-02-04,086-xxx-6223
C00619,กมล,หญิง,18-24,B03,2026-08-26,089-xxx-6564
C00620,เกศ,หญิง,18-24,B01,2026-05-10,083-xxx-2638
C00621,พิม,ชาย,25-34,B05,2026-05-09,083-xxx-2006
C00622,นภัส,ชาย,35-44,B01,2025-05-07,089-xxx-6631
C00623,ชนา,ชาย,35-44,B03,2025-11-08,088-xxx-3800
C00624,ภัทร,หญิง,45-54,B02,2025-09-25,088-xxx-6445
C00625,ภูมิ,ชาย,35-44,B02,2025-12-02,087-xxx-5843
C00626,รัตนา,ชาย,55+,B05,2026-01-15,088-xxx-2586
C00627,กมล,หญิง,ต่ำกว่า 18,B01,2026-05-10,085-xxx-5234
C00628,สุดา,ชาย,25-34,B05,2026-06-19,081-xxx-8836
C00629,มานพ,ไม่ระบุ,18-24,B02,2025-05-16,089-xxx-1440
C00630,มานพ,หญิง,35-44,B04,2025-11-17,085-xxx-7974
C00631,กมล,หญิง,25-34,B01,2026-08-13,082-xxx-3651
C00632,อัญชลี,ชาย,25-34,B04,2025-08-05,082-xxx-7987
C00633,ปิยะ,ชาย,18-24,B04,2026-02-12,086-xxx-4447
C00634,วรรณ,ชาย,45-54,B02,2026-04-13,089-xxx-6088
C00635,สุดา,ไม่ระบุ,25-34,B05,2026-09-13,083-xxx-3606
C00636,สมชาย,ชาย,ต่ำกว่า 18,B04,2025-04-16,083-xxx-9085
C00637,จิรา,ชาย,18-24,B05,2025-12-15,086-xxx-1988
C00638,วีระ,ชาย,25-34,B01,2026-04-18,081-xxx-5078
C00639,สุดา,หญิง,25-34,B04,2025-11-28,086-xxx-5852
C00640,พิม,หญิง,35-44,B03,2025-12-20,081-xxx-3544
C00641,พิม,ชาย,18-24,B02,2026-08-08,088-xxx-4523
C00642,พิม,หญิง,18-24,B01,2025-12-12,087-xxx-9563
C00643,มานพ,หญิง,25-34,B01,2025-11-15,087-xxx-5616
C00644,ภูมิ,หญิง,18-24,B05,2025-10-21,089-xxx-8341
C00645,ชนา,หญิง,35-44,B01,2025-11-05,082-xxx-9100
C00646,สมชาย,ชาย,45-54,B01,2025-09-21,089-xxx-5388
C00647,วรรณ,ชาย,25-34,B01,2025-09-23,081-xxx-8345
C00648,ปวีณ,หญิง,18-24,B02,2026-02-01,083-xxx-1412
C00649,กิตติ,ชาย,45-54,B01,2025-05-19,081-xxx-9550
C00650,ธีร,หญิง,55+,B01,2025-12-09,082-xxx-5002
C00651,ปิยะ,ชาย,25-34,B01,2026-03-12,089-xxx-2928
C00652,อัญชลี,ชาย,35-44,B03,2026-08-01,086-xxx-1877
C00653,กิตติ,หญิง,18-24,B05,2026-08-10,089-xxx-4416
C00654,กิตติ,หญิง,35-44,B05,2026-03-24,087-xxx-5783
C00655,เกศ,ชาย,18-24,B01,2026-03-06,089-xxx-8562
C00656,สมชาย,หญิง,35-44,B03,2026-03-20,087-xxx-6778
C00657,มานพ,ชาย,18-24,B04,2025-04-21,085-xxx-3479
C00658,นภัส,ชาย,25-34,B01,2025-05-06,085-xxx-9699
C00659,กิตติ,ชาย,25-34,B05,2025-10-30,087-xxx-5199
C00660,ปวีณ,ชาย,45-54,B05,2025-04-13,085-xxx-8453
C00661,อรุณ,หญิง,25-34,B02,2026-02-28,089-xxx-8849
C00662,จิรา,ชาย,25-34,B05,2025-05-26,086-xxx-1068
C00663,วรรณ,หญิง,18-24,B03,2026-07-25,086-xxx-2599
C00664,ทิพย์,หญิง,25-34,B02,2026-06-23,089-xxx-6114
C00665,สุดา,ไม่ระบุ,25-34,B01,2025-07-05,081-xxx-4719
C00666,สุดา,หญิง,25-34,B04,2025-08-22,089-xxx-1638
C00667,ธีร,หญิง,25-34,B02,2026-01-29,082-xxx-4177
C00668,วีระ,ชาย,55+,B02,2026-01-14,085-xxx-4571
C00669,นภัส,ชาย,18-24,B04,2026-03-22,083-xxx-7778
C00670,อรุณ,หญิง,25-34,B04,2025-12-30,084-xxx-1578
C00671,ศิริ,ไม่ระบุ,ต่ำกว่า 18,B05,2025-12-12,084-xxx-8603
C00672,จิรา,ชาย,18-24,B02,2025-10-20,082-xxx-9698
C00673,เกศ,ชาย,18-24,B02,2025-08-01,089-xxx-7917
C00674,วีระ,ชาย,55+,B01,2026-01-23,081-xxx-2349
C00675,สมชาย,หญิง,45-54,B05,2026-04-05,081-xxx-8459
C00676,เกศ,หญิง,ต่ำกว่า 18,B04,2026-06-13,081-xxx-9504
C00677,ศิริ,หญิง,35-44,B01,2025-12-31,082-xxx-1137
C00678,ธีร,หญิง,18-24,B01,2026-02-27,083-xxx-3403
C00679,ชนา,หญิง,25-34,B02,2026-06-18,086-xxx-1658
C00680,กิตติ,หญิง,25-34,B01,2026-03-21,086-xxx-8667
C00681,กมล,หญิง,35-44,B02,2026-01-20,089-xxx-9137
C00682,กิตติ,หญิง,25-34,B03,2026-08-30,088-xxx-4723
C00683,ชนา,ชาย,35-44,B02,2025-11-23,088-xxx-2053
C00684,จิรา,ชาย,35-44,B02,2026-02-08,088-xxx-9153
C00685,ชนา,หญิง,45-54,B03,2026-02-13,084-xxx-9947
C00686,ศิริ,ชาย,35-44,B04,2025-09-10,084-xxx-8555
C00687,อัญชลี,ชาย,35-44,B04,2026-05-29,085-xxx-6248
C00688,รัตนา,หญิง,25-34,B04,2025-04-07,089-xxx-9191
C00689,ชนา,ชาย,25-34,B05,2025-11-02,086-xxx-9155
C00690,วรรณ,ชาย,18-24,B04,2025-08-23,089-xxx-7673
C00691,กิตติ,หญิง,35-44,B02,2026-04-30,086-xxx-7751
C00692,ศิริ,ชาย,18-24,B05,2026-01-22,086-xxx-1004
C00693,อัญชลี,ชาย,18-24,B04,2026-08-13,087-xxx-8801
C00694,กมล,หญิง,25-34,B04,2026-07-14,081-xxx-1657
C00695,ชนา,ชาย,25-34,B05,2025-07-19,083-xxx-6284
C00696,ภูมิ,ชาย,55+,B05,2025-05-17,089-xxx-1657
C00697,วีระ,ชาย,35-44,B02,2025-11-22,083-xxx-7511
C00698,จิรา,หญิง,25-34,B01,2025-06-19,085-xxx-3460
C00699,รัตนา,ชาย,55+,B04,2026-05-20,084-xxx-6724
C00700,นภัส,ชาย,55+,B05,2025-10-30,087-xxx-4651
C00701,นภัส,หญิง,25-34,B01,2025-04-01,087-xxx-6012
C00702,ธนา,หญิง,18-24,B02,2025-09-09,083-xxx-5440
C00703,อัญชลี,ชาย,25-34,B01,2025-11-13,086-xxx-7415
C00704,ทิพย์,หญิง,45-54,B03,2026-02-21,081-xxx-7161
C00705,กิตติ,หญิง,35-44,B05,2026-09-09,084-xxx-9415
C00706,สมชาย,หญิง,18-24,B01,2025-11-19,082-xxx-7898
C00707,ธีร,หญิง,25-34,B05,2025-09-11,089-xxx-4137
C00708,กิตติ,ชาย,35-44,B04,2026-03-24,086-xxx-1999
C00709,กมล,หญิง,25-34,B02,2025-12-16,087-xxx-8168
C00710,สมชาย,หญิง,25-34,B05,2025-07-18,089-xxx-5268
C00711,มานพ,หญิง,55+,B05,2025-07-27,087-xxx-7867
C00712,สมชาย,ไม่ระบุ,18-24,B05,2026-04-27,087-xxx-2866
C00713,รัตนา,หญิง,35-44,B04,2025-07-29,086-xxx-4454
C00714,สมชาย,ชาย,45-54,B02,2026-01-12,085-xxx-5323
C00715,อัญชลี,หญิง,25-34,B05,2025-04-10,089-xxx-6193
C00716,ปิยะ,หญิง,25-34,B04,2025-05-02,081-xxx-4728
C00717,อรุณ,ชาย,25-34,B05,2026-06-08,088-xxx-7498
C00718,ธีร,ชาย,25-34,B01,2026-07-19,086-xxx-3100
C00719,สุดา,ชาย,35-44,B04,2025-11-26,088-xxx-8917
C00720,รัตนา,หญิง,35-44,B05,2025-10-19,081-xxx-6295
C00721,กิตติ,ชาย,25-34,B01,2026-03-13,089-xxx-3837
C00722,ณัฐ,ชาย,25-34,B03,2026-06-27,083-xxx-7139
C00723,นภัส,ชาย,35-44,B01,2025-10-23,081-xxx-8741
C00724,เกศ,ไม่ระบุ,18-24,B01,2026-03-21,083-xxx-3378
C00725,ปวีณ,ชาย,25-34,B02,2025-12-06,084-xxx-2030
C00726,ธนา,ชาย,55+,B04,2025-08-26,082-xxx-7571
C00727,ชนา,ไม่ระบุ,25-34,B03,2025-12-28,081-xxx-6463
C00728,อัญชลี,ชาย,35-44,B04,2026-04-03,085-xxx-3971
C00729,ทิพย์,ชาย,25-34,B02,2025-04-14,088-xxx-4131
C00730,ชนา,หญิง,18-24,B03,2025-11-22,082-xxx-6736
C00731,ศิริ,หญิง,25-34,B02,2025-09-08,083-xxx-3274
C00732,กิตติ,ชาย,35-44,B02,2025-07-24,088-xxx-3188
C00733,วีระ,ชาย,25-34,B05,2025-11-17,085-xxx-5146
C00734,รัตนา,หญิง,35-44,B02,2026-07-25,082-xxx-5194
C00735,ภัทร,หญิง,25-34,B05,2025-10-24,088-xxx-3216
C00736,ธีร,หญิง,18-24,B04,2025-05-24,082-xxx-8994
C00737,มานพ,หญิง,18-24,B05,2026-06-10,085-xxx-4361
C00738,มานพ,ชาย,55+,B04,2026-04-12,086-xxx-9098
C00739,กิตติ,ไม่ระบุ,25-34,B05,2025-05-08,083-xxx-7692
C00740,ธนา,หญิง,35-44,B03,2026-07-30,089-xxx-7545
C00741,ณัฐ,ชาย,25-34,B02,2026-04-21,081-xxx-8301
C00742,วรรณ,หญิง,25-34,B02,2025-11-28,085-xxx-2673
C00743,รัตนา,ชาย,45-54,B05,2025-04-18,081-xxx-1209
C00744,กมล,หญิง,18-24,B02,2025-04-27,086-xxx-2790
C00745,สมชาย,ชาย,25-34,B05,2025-11-06,086-xxx-9000
C00746,ชนา,หญิง,18-24,B05,2026-06-30,082-xxx-4197
C00747,กิตติ,ชาย,55+,B05,2026-06-26,086-xxx-8364
C00748,ธนา,หญิง,45-54,B01,2026-04-19,085-xxx-5359
C00749,อรุณ,หญิง,25-34,B05,2026-05-22,085-xxx-9481
C00750,จิรา,ชาย,18-24,B03,2026-04-25,086-xxx-5664
C00751,ปิยะ,ชาย,25-34,B03,2026-09-03,087-xxx-1199
C00752,ชนา,หญิง,45-54,B05,2025-06-28,089-xxx-1458
C00753,ภัทร,ชาย,35-44,B01,2025-08-01,086-xxx-2116
C00754,รัตนา,หญิง,45-54,B03,2026-06-25,085-xxx-6640
C00755,สุดา,หญิง,45-54,B03,2026-06-12,088-xxx-6441
C00756,พิม,หญิง,18-24,B01,2026-05-14,089-xxx-8241
C00757,อัญชลี,ชาย,25-34,B05,2025-05-26,086-xxx-3645
C00758,ทิพย์,ชาย,18-24,B02,2025-08-01,088-xxx-7705
C00759,อรุณ,ชาย,18-24,B01,2025-04-03,082-xxx-8876
C00760,อัญชลี,ชาย,18-24,B02,2025-05-18,084-xxx-2827
C00761,ธนา,ชาย,55+,B05,2025-08-01,088-xxx-8751
C00762,กมล,ชาย,45-54,B01,2026-05-24,083-xxx-8661
C00763,ศิริ,หญิง,45-54,B03,2026-05-16,086-xxx-4681
C00764,กิตติ,ชาย,18-24,B01,2026-07-24,087-xxx-7716
C00765,วรรณ,ชาย,18-24,B01,2025-05-09,081-xxx-9387
C00766,จิรา,หญิง,18-24,B05,2025-12-25,083-xxx-9892
C00767,อรุณ,หญิง,25-34,B04,2025-09-10,088-xxx-5848
C00768,ภัทร,ชาย,45-54,B04,2025-06-15,084-xxx-4545
C00769,สมชาย,หญิง,25-34,B05,2025-05-11,088-xxx-7744
C00770,ปวีณ,ชาย,25-34,B04,2026-03-09,085-xxx-8296
C00771,ทิพย์,ชาย,45-54,B01,2025-08-20,086-xxx-7973
C00772,ภูมิ,ชาย,25-34,B03,2026-04-01,083-xxx-5988
C00773,พิม,ชาย,45-54,B04,2025-11-07,084-xxx-7038
C00774,วีระ,หญิง,55+,B02,2025-12-27,089-xxx-9520
C00775,ธีร,หญิง,25-34,B05,2025-09-13,086-xxx-3293
C00776,ทิพย์,ชาย,35-44,B05,2025-11-04,088-xxx-1506
C00777,ปิยะ,ชาย,35-44,B03,2026-04-06,083-xxx-5976
C00778,สมชาย,ชาย,18-24,B02,2025-05-03,088-xxx-6605
C00779,วีระ,ชาย,25-34,B04,2026-08-24,085-xxx-4916
C00780,อัญชลี,ไม่ระบุ,18-24,B03,2026-03-02,081-xxx-3332
C00781,ศิริ,ชาย,55+,B01,2025-05-24,086-xxx-1883
C00782,กมล,ชาย,25-34,B03,2026-02-07,083-xxx-4139
C00783,ธนา,ชาย,25-34,B05,2026-02-04,083-xxx-8369
C00784,ชนา,หญิง,18-24,B04,2026-05-19,085-xxx-2702
C00785,ธีร,หญิง,45-54,B04,2025-06-26,081-xxx-3642
C00786,ณัฐ,ชาย,25-34,B01,2026-08-07,089-xxx-3897
C00787,ปวีณ,ชาย,18-24,B05,2025-08-21,083-xxx-1020
C00788,อัญชลี,ไม่ระบุ,25-34,B02,2025-10-13,082-xxx-4084
C00789,เกศ,หญิง,25-34,B01,2025-09-23,083-xxx-9412
C00790,ปิยะ,หญิง,25-34,B04,2026-04-15,089-xxx-1390
C00791,วรรณ,หญิง,25-34,B04,2026-03-16,083-xxx-9243
C00792,มานพ,หญิง,18-24,B01,2025-08-10,086-xxx-5855
C00793,สมชาย,หญิง,18-24,B05,2026-06-24,086-xxx-3403
C00794,สมชาย,หญิง,18-24,B04,2025-06-06,083-xxx-5536
C00795,กิตติ,ไม่ระบุ,25-34,B02,2025-12-23,082-xxx-5546
C00796,กิตติ,ชาย,35-44,B01,2025-04-21,084-xxx-7158
C00797,สุดา,หญิง,18-24,B01,2025-11-22,082-xxx-6223
C00798,กิตติ,ชาย,25-34,B02,2026-01-04,085-xxx-4666
C00799,ภัทร,หญิง,35-44,B02,2026-04-21,082-xxx-8183
C00800,มานพ,หญิง,18-24,B01,2026-06-30,085-xxx-7442
C00801,ชนา,ชาย,35-44,B03,2026-05-13,086-xxx-8976
C00802,มานพ,ชาย,18-24,B02,2025-09-09,086-xxx-6319
C00803,กิตติ,ชาย,35-44,B05,2026-01-16,086-xxx-9827
C00804,ชนา,หญิง,25-34,B05,2026-05-25,082-xxx-5656
C00805,ณัฐ,หญิง,25-34,B05,2026-01-15,087-xxx-4516
C00806,รัตนา,หญิง,18-24,B01,2026-04-08,082-xxx-1106
C00807,มานพ,ชาย,45-54,B01,2025-05-17,086-xxx-5781
C00808,ศิริ,ชาย,25-34,B03,2026-05-17,085-xxx-1318
C00809,ธนา,ชาย,25-34,B02,2025-07-06,088-xxx-5383
C00810,มานพ,ไม่ระบุ,45-54,B04,2026-02-16,084-xxx-8386
C00811,สุดา,หญิง,18-24,B03,2026-08-19,083-xxx-4738
C00812,ชนา,ชาย,45-54,B03,2026-01-15,087-xxx-5941
C00813,จิรา,ไม่ระบุ,18-24,B02,2026-06-10,089-xxx-6805
C00814,อรุณ,หญิง,45-54,B01,2026-07-14,086-xxx-2026
C00815,สุดา,หญิง,18-24,B02,2025-05-06,085-xxx-1217
C00816,ชนา,หญิง,45-54,B01,2026-02-24,084-xxx-3384
C00817,ปิยะ,ชาย,ต่ำกว่า 18,B05,2026-03-04,088-xxx-1930
C00818,เกศ,ชาย,25-34,B01,2026-09-14,083-xxx-1971
C00819,นภัส,หญิง,35-44,B02,2026-02-19,087-xxx-6457
C00820,ภูมิ,ชาย,18-24,B02,2026-03-11,081-xxx-9916
C00821,อรุณ,หญิง,18-24,B01,2026-03-15,087-xxx-4168
C00822,วีระ,ชาย,25-34,B02,2025-06-20,087-xxx-8776
C00823,ณัฐ,หญิง,25-34,B04,2025-06-29,086-xxx-1069
C00824,ธีร,ชาย,18-24,B02,2026-03-08,089-xxx-1372
C00825,พิม,หญิง,18-24,B02,2025-04-03,086-xxx-5796
C00826,เกศ,ชาย,25-34,B05,2025-06-29,084-xxx-2524
C00827,เกศ,หญิง,25-34,B02,2025-08-06,084-xxx-6169
C00828,รัตนา,ชาย,35-44,B01,2025-11-16,087-xxx-3825
C00829,สมชาย,ชาย,18-24,B03,2026-07-19,085-xxx-6401
C00830,ปิยะ,หญิง,25-34,B05,2025-11-20,082-xxx-1664
C00831,สมชาย,ชาย,35-44,B03,2026-07-21,083-xxx-1618
C00832,อัญชลี,หญิง,25-34,B01,2025-07-03,083-xxx-1360
C00833,ภูมิ,หญิง,35-44,B04,2025-04-10,083-xxx-7933
C00834,มานพ,หญิง,18-24,B03,2026-07-26,084-xxx-5560
C00835,ภัทร,หญิง,35-44,B01,2025-12-07,085-xxx-7788
C00836,พิม,หญิง,18-24,B04,2025-06-11,083-xxx-9561
C00837,ปิยะ,ชาย,25-34,B04,2026-04-25,082-xxx-7951
C00838,ปิยะ,หญิง,25-34,B05,2026-05-05,087-xxx-6043
C00839,ภัทร,ชาย,18-24,B02,2026-04-18,085-xxx-4493
C00840,กิตติ,ชาย,18-24,B05,2026-01-03,088-xxx-8466
C00841,มานพ,ชาย,18-24,B03,2026-07-04,085-xxx-7572
C00842,กิตติ,หญิง,18-24,B04,2026-04-15,085-xxx-9289
C00843,สมชาย,หญิง,35-44,B05,2026-01-05,085-xxx-2724
C00844,กิตติ,หญิง,18-24,B05,2025-12-13,088-xxx-8707
C00845,สุดา,ชาย,25-34,B04,2026-05-15,085-xxx-9166
C00846,ปวีณ,ชาย,45-54,B05,2025-06-18,086-xxx-7021
C00847,พิม,หญิง,18-24,B01,2025-10-21,087-xxx-1788
C00848,อัญชลี,หญิง,25-34,B02,2026-02-22,082-xxx-7593
C00849,ปวีณ,ชาย,25-34,B03,2026-07-30,088-xxx-3884
C00850,ชนา,หญิง,ต่ำกว่า 18,B04,2026-02-09,089-xxx-4765
C00851,ปิยะ,ชาย,25-34,B02,2025-08-22,086-xxx-8308
C00852,ปิยะ,ไม่ระบุ,18-24,B05,2025-10-18,085-xxx-2538
C00853,นภัส,หญิง,55+,B01,2025-05-04,089-xxx-5283
C00854,รัตนา,หญิง,55+,B04,2025-08-03,081-xxx-9625
C00855,กมล,หญิง,25-34,B01,2025-09-06,086-xxx-7827
C00856,ภัทร,ชาย,25-34,B03,2026-01-17,082-xxx-3312
C00857,อรุณ,ชาย,35-44,B05,2025-07-11,081-xxx-6493
C00858,ธนา,ชาย,25-34,B02,2025-05-07,086-xxx-1905
C00859,จิรา,หญิง,55+,B03,2026-05-29,081-xxx-1145
C00860,วรรณ,หญิง,45-54,B05,2025-11-04,087-xxx-1569
C00861,อรุณ,ชาย,45-54,B04,2026-04-17,087-xxx-4535
C00862,ธีร,ชาย,25-34,B01,2026-07-21,084-xxx-3267
C00863,ปิยะ,หญิง,25-34,B02,2026-05-23,087-xxx-6431
C00864,ปิยะ,ชาย,18-24,B05,2026-02-21,081-xxx-8739
C00865,ศิริ,ชาย,45-54,B01,2025-11-08,082-xxx-6865
C00866,ปิยะ,หญิง,25-34,B01,2025-04-27,083-xxx-5673
C00867,อรุณ,ชาย,35-44,B05,2025-04-02,089-xxx-9793
C00868,ชนา,หญิง,18-24,B05,2026-01-10,085-xxx-2119
C00869,ทิพย์,หญิง,45-54,B02,2025-10-20,089-xxx-6404
C00870,มานพ,หญิง,25-34,B01,2026-09-09,081-xxx-7051
C00871,ศิริ,ชาย,25-34,B01,2026-08-21,087-xxx-9675
C00872,อัญชลี,ชาย,25-34,B04,2026-02-23,087-xxx-7747
C00873,สมชาย,ชาย,ต่ำกว่า 18,B02,2026-08-08,085-xxx-5314
C00874,กิตติ,หญิง,25-34,B01,2025-08-30,086-xxx-3754
C00875,สุดา,ชาย,25-34,B01,2026-03-08,087-xxx-6954
C00876,รัตนา,หญิง,25-34,B02,2025-06-12,082-xxx-3971
C00877,นภัส,หญิง,35-44,B05,2025-09-25,087-xxx-7115
C00878,อัญชลี,ชาย,25-34,B05,2026-03-21,081-xxx-3996
C00879,ภัทร,หญิง,18-24,B03,2026-01-04,084-xxx-4991
C00880,เกศ,หญิง,25-34,B04,2025-06-02,088-xxx-8500
C00881,อัญชลี,หญิง,25-34,B05,2026-06-11,086-xxx-4684
C00882,อรุณ,ชาย,18-24,B03,2025-12-09,083-xxx-2409
C00883,ศิริ,ชาย,35-44,B02,2025-10-04,082-xxx-4995
C00884,ภัทร,ชาย,45-54,B01,2025-09-07,081-xxx-6451
C00885,อัญชลี,หญิง,35-44,B01,2026-03-23,083-xxx-2699
C00886,ทิพย์,หญิง,35-44,B01,2025-08-29,085-xxx-4070
C00887,ศิริ,หญิง,25-34,B03,2026-04-26,085-xxx-5150
C00888,เกศ,หญิง,45-54,B04,2026-08-26,089-xxx-1570
C00889,ศิริ,ชาย,55+,B03,2026-04-10,084-xxx-7978
C00890,ศิริ,หญิง,25-34,B04,2026-03-20,086-xxx-2110
C00891,สมชาย,หญิง,35-44,B05,2025-10-20,088-xxx-3993
C00892,วีระ,ชาย,18-24,B04,2025-10-12,086-xxx-8545
C00893,ณัฐ,หญิง,35-44,B05,2025-08-18,085-xxx-2256
C00894,สมชาย,ชาย,35-44,B03,2026-08-26,083-xxx-4789
C00895,ณัฐ,ชาย,35-44,B03,2026-06-17,086-xxx-1081
C00896,ชนา,ชาย,55+,B01,2026-06-23,083-xxx-8971
C00897,ภูมิ,ไม่ระบุ,45-54,B04,2026-03-13,085-xxx-9093
C00898,ปวีณ,ชาย,18-24,B05,2026-08-31,089-xxx-7581
C00899,ศิริ,ชาย,25-34,B01,2025-09-06,086-xxx-2301
C00900,ชนา,ชาย,25-34,B01,2026-05-04,086-xxx-8185
C00901,อัญชลี,ชาย,18-24,B03,2026-08-17,086-xxx-3438
C00902,ทิพย์,ชาย,45-54,B05,2025-05-26,089-xxx-9949
C00903,สุดา,หญิง,55+,B05,2026-02-16,086-xxx-5336
C00904,ศิริ,หญิง,18-24,B05,2026-01-16,083-xxx-4121
C00905,จิรา,หญิง,18-24,B01,2026-07-13,088-xxx-9470
C00906,ปวีณ,ชาย,55+,B02,2025-10-30,084-xxx-8359
C00907,ปวีณ,หญิง,25-34,B01,2025-08-19,084-xxx-2204
C00908,ทิพย์,ชาย,18-24,B05,2026-05-09,083-xxx-1064
C00909,ณัฐ,หญิง,18-24,B03,2026-06-18,084-xxx-5989
C00910,ปวีณ,ไม่ระบุ,45-54,B01,2025-04-09,082-xxx-5235
C00911,สมชาย,หญิง,18-24,B05,2025-10-18,085-xxx-1102
C00912,ศิริ,หญิง,35-44,B03,2026-06-20,088-xxx-1102
C00913,ธีร,ชาย,18-24,B05,2026-06-20,088-xxx-3135
C00914,รัตนา,หญิง,18-24,B04,2026-07-18,089-xxx-8284
C00915,ภัทร,หญิง,35-44,B01,2025-06-15,082-xxx-5997
C00916,มานพ,หญิง,35-44,B03,2026-08-18,086-xxx-2823
C00917,อัญชลี,หญิง,18-24,B02,2026-01-13,089-xxx-6192
C00918,ธนา,ชาย,18-24,B01,2025-09-30,089-xxx-7293
C00919,ภูมิ,ชาย,18-24,B01,2026-02-26,085-xxx-7642
C00920,วรรณ,ชาย,25-34,B04,2025-07-29,082-xxx-1219
C00921,ปิยะ,หญิง,25-34,B05,2026-07-10,082-xxx-2288
C00922,สุดา,หญิง,35-44,B05,2026-06-01,085-xxx-5466
C00923,อัญชลี,ชาย,18-24,B05,2025-08-22,083-xxx-5038
C00924,พิม,ชาย,25-34,B04,2026-05-20,084-xxx-8195
C00925,จิรา,ชาย,18-24,B01,2025-09-18,084-xxx-9948
C00926,สมชาย,ชาย,18-24,B03,2026-03-30,088-xxx-2375
C00927,เกศ,หญิง,ต่ำกว่า 18,B02,2026-07-20,081-xxx-6928
C00928,ธีร,หญิง,ต่ำกว่า 18,B04,2026-05-04,084-xxx-3478
C00929,ศิริ,ชาย,25-34,B03,2026-07-31,087-xxx-8956
C00930,กิตติ,หญิง,25-34,B01,2026-04-12,081-xxx-6670
C00931,ศิริ,หญิง,18-24,B03,2026-02-05,084-xxx-2964
C00932,ทิพย์,ชาย,55+,B01,2025-04-30,088-xxx-4075
C00933,ปิยะ,หญิง,45-54,B01,2026-06-23,086-xxx-7717
C00934,ณัฐ,ชาย,35-44,B02,2026-07-20,085-xxx-6077
C00935,มานพ,หญิง,18-24,B05,2025-11-18,084-xxx-8804
C00936,ธนา,ชาย,25-34,B01,2025-09-22,088-xxx-4400
C00937,ณัฐ,หญิง,25-34,B05,2025-05-19,082-xxx-1427
C00938,กมล,ชาย,ต่ำกว่า 18,B05,2025-04-13,084-xxx-7995
C00939,สุดา,หญิง,18-24,B05,2026-06-19,083-xxx-8158
C00940,วีระ,หญิง,18-24,B04,2026-04-16,088-xxx-7530
C00941,ทิพย์,ชาย,18-24,B03,2026-08-28,089-xxx-7430
C00942,ทิพย์,ไม่ระบุ,25-34,B05,2026-07-06,087-xxx-3941
C00943,ชนา,ชาย,45-54,B05,2025-08-04,085-xxx-1088
C00944,กิตติ,หญิง,25-34,B04,2026-04-27,086-xxx-2693
C00945,ธนา,หญิง,35-44,B01,2025-11-22,087-xxx-2846
C00946,ปวีณ,หญิง,35-44,B02,2026-09-07,086-xxx-6632
C00947,ปิยะ,หญิง,25-34,B05,2025-06-14,087-xxx-2722
C00948,อรุณ,หญิง,25-34,B02,2026-05-04,089-xxx-7858
C00949,พิม,ชาย,25-34,B01,2025-11-05,083-xxx-2953
C00950,ธีร,หญิง,35-44,B03,2026-03-06,087-xxx-4363
C00951,สมชาย,หญิง,18-24,B01,2026-08-14,083-xxx-6864
C00952,ธีร,หญิง,ต่ำกว่า 18,B02,2026-01-04,081-xxx-9204
C00953,อรุณ,หญิง,25-34,B01,2025-11-28,081-xxx-7604
C00954,ปวีณ,หญิง,55+,B03,2025-11-16,085-xxx-4298
C00955,วรรณ,หญิง,35-44,B02,2025-07-24,083-xxx-2016
C00956,วรรณ,หญิง,25-34,B03,2026-07-20,086-xxx-6379
C00957,สมชาย,ชาย,45-54,B04,2025-10-21,083-xxx-6131
C00958,มานพ,ไม่ระบุ,45-54,B01,2025-11-07,088-xxx-6701
C00959,อรุณ,หญิง,25-34,B02,2025-08-10,088-xxx-4932
C00960,สุดา,หญิง,25-34,B01,2025-11-14,089-xxx-4823
C00961,ปวีณ,ชาย,18-24,B05,2025-10-30,082-xxx-2934
C00962,อัญชลี,หญิง,35-44,B01,2026-03-10,085-xxx-8741
C00963,ธีร,หญิง,18-24,B05,2025-05-18,083-xxx-8398
C00964,เกศ,หญิง,18-24,B01,2025-10-16,081-xxx-1677
C00965,ธีร,ไม่ระบุ,25-34,B03,2026-05-29,088-xxx-6071
C00966,จิรา,ชาย,25-34,B04,2026-02-12,087-xxx-8107
C00967,สุดา,หญิง,55+,B01,2025-06-11,088-xxx-7038
C00968,ทิพย์,หญิง,18-24,B01,2026-07-07,083-xxx-6515
C00969,อรุณ,ชาย,25-34,B04,2025-09-08,084-xxx-8341
C00970,ภูมิ,หญิง,25-34,B01,2025-09-04,087-xxx-6771
C00971,รัตนา,หญิง,25-34,B01,2026-07-28,088-xxx-4430
C00972,เกศ,ชาย,25-34,B04,2026-02-14,083-xxx-5083
C00973,จิรา,ชาย,35-44,B01,2026-06-04,086-xxx-3850
C00974,อัญชลี,หญิง,55+,B02,2025-08-08,089-xxx-7779
C00975,ภัทร,หญิง,25-34,B01,2025-11-05,085-xxx-4128
C00976,มานพ,หญิง,25-34,B02,2026-02-20,084-xxx-1956
C00977,พิม,ไม่ระบุ,18-24,B05,2026-01-19,087-xxx-3518
C00978,อรุณ,หญิง,18-24,B02,2026-08-02,084-xxx-3957
C00979,เกศ,หญิง,35-44,B02,2026-05-24,082-xxx-1876
C00980,อรุณ,ชาย,25-34,B02,2025-10-27,084-xxx-6443
C00981,กมล,ชาย,25-34,B02,2025-09-02,087-xxx-6294
C00982,พิม,ชาย,35-44,B02,2025-04-14,088-xxx-1657
C00983,สุดา,หญิง,25-34,B05,2026-05-27,084-xxx-2029
C00984,ทิพย์,หญิง,25-34,B05,2025-07-30,082-xxx-8289
C00985,สมชาย,หญิง,25-34,B05,2025-08-17,086-xxx-5374
C00986,ภัทร,ชาย,18-24,B04,2026-01-11,086-xxx-2133
C00987,ทิพย์,หญิง,18-24,B01,2025-05-22,086-xxx-4704
C00988,ปวีณ,ชาย,45-54,B05,2025-10-08,083-xxx-8514
C00989,กมล,ชาย,25-34,B02,2026-04-03,088-xxx-1050
C00990,ปวีณ,ชาย,25-34,B05,2026-01-11,087-xxx-2363
C00991,อรุณ,หญิง,18-24,B01,2025-07-17,081-xxx-7476
C00992,รัตนา,ชาย,18-24,B05,2026-03-07,085-xxx-4622
C00993,ธีร,ชาย,25-34,B01,2025-10-10,084-xxx-8569
C00994,อรุณ,ชาย,35-44,B05,2025-06-14,084-xxx-2707
C00995,ธีร,หญิง,18-24,B05,2026-07-07,089-xxx-8110
C00996,ธนา,ชาย,35-44,B03,2026-01-18,083-xxx-3178
C00997,อัญชลี,ชาย,ต่ำกว่า 18,B04,2025-06-01,083-xxx-7127
C00998,ศิริ,หญิง,25-34,B01,2026-01-16,082-xxx-7312
C00999,รัตนา,หญิง,25-34,B02,2026-05-24,089-xxx-6516
C01000,รัตนา,หญิง,ต่ำกว่า 18,B02,2025-06-16,086-xxx-5097
C01001,ชนา,ชาย,45-54,B05,2026-03-09,085-xxx-2502
C01002,ภูมิ,หญิง,25-34,B04,2026-04-20,085-xxx-8057
C01003,เกศ,ชาย,55+,B01,2026-05-04,087-xxx-2227
C01004,สุดา,ชาย,ต่ำกว่า 18,B03,2026-04-14,081-xxx-7111
C01005,นภัส,ชาย,35-44,B01,2025-12-22,087-xxx-8936
C01006,ธนา,หญิง,55+,B05,2026-03-11,083-xxx-8303
C01007,มานพ,ไม่ระบุ,25-34,B02,2025-05-09,084-xxx-5403
C01008,ปิยะ,หญิง,25-34,B05,2025-06-24,084-xxx-9459
C01009,จิรา,ชาย,25-34,B03,2026-07-07,084-xxx-4586
C01010,ชนา,หญิง,18-24,B04,2026-08-12,088-xxx-6832
C01011,สุดา,ชาย,35-44,B05,2025-07-18,088-xxx-3960
C01012,มานพ,หญิง,35-44,B02,2026-09-02,089-xxx-6551
C01013,ศิริ,หญิง,45-54,B01,2025-07-25,088-xxx-9407
C01014,กมล,ชาย,35-44,B01,2026-03-15,084-xxx-7568
C01015,ศิริ,หญิง,18-24,B05,2025-11-19,086-xxx-6439
C01016,อัญชลี,หญิง,18-24,B01,2025-10-13,081-xxx-4099
C01017,วรรณ,ชาย,25-34,B01,2026-06-29,083-xxx-3341
C01018,สุดา,หญิง,35-44,B01,2026-04-17,085-xxx-9197
C01019,จิรา,ชาย,18-24,B05,2025-09-06,087-xxx-3220
C01020,นภัส,ชาย,35-44,B02,2025-09-23,086-xxx-4935
C01021,ภัทร,หญิง,25-34,B01,2026-04-14,082-xxx-1711
C01022,รัตนา,ชาย,25-34,B01,2026-03-16,086-xxx-3036
C01023,วีระ,หญิง,25-34,B05,2026-05-15,088-xxx-4657
C01024,ณัฐ,หญิง,45-54,B04,2025-11-11,084-xxx-6201
C01025,ทิพย์,หญิง,55+,B02,2025-11-08,086-xxx-5396
C01026,สมชาย,หญิง,18-24,B01,2026-03-07,084-xxx-8170
C01027,อัญชลี,ชาย,45-54,B01,2025-07-24,086-xxx-3462
C01028,กิตติ,หญิง,55+,B02,2026-07-25,086-xxx-9455
C01029,ชนา,ไม่ระบุ,18-24,B05,2025-12-27,082-xxx-6984
C01030,สมชาย,ชาย,18-24,B01,2025-08-15,084-xxx-1715
C01031,พิม,หญิง,18-24,B02,2026-02-05,084-xxx-5616
C01032,จิรา,ชาย,25-34,B03,2026-04-18,084-xxx-4294
C01033,จิรา,หญิง,25-34,B03,2026-02-26,087-xxx-6506
C01034,สุดา,ชาย,25-34,B02,2025-09-14,088-xxx-6210
C01035,อัญชลี,ชาย,18-24,B03,2026-04-16,087-xxx-8710
C01036,ปิยะ,ชาย,18-24,B05,2026-07-24,082-xxx-3205
C01037,ปิยะ,หญิง,ต่ำกว่า 18,B04,2025-04-03,088-xxx-5927
C01038,กมล,หญิง,35-44,B04,2026-08-19,084-xxx-4938
C01039,ชนา,ชาย,25-34,B05,2026-09-08,081-xxx-4932
C01040,ภูมิ,หญิง,18-24,B01,2025-09-21,084-xxx-2696
C01041,ณัฐ,ชาย,25-34,B01,2026-01-03,088-xxx-7262
C01042,พิม,ชาย,18-24,B01,2026-04-25,084-xxx-1581
C01043,วีระ,ชาย,35-44,B01,2025-11-02,085-xxx-8476
C01044,ณัฐ,ชาย,25-34,B04,2025-08-07,085-xxx-9295
C01045,พิม,ชาย,25-34,B05,2026-06-20,088-xxx-6494
C01046,ปิยะ,หญิง,25-34,B02,2025-12-24,088-xxx-3741
C01047,จิรา,ชาย,35-44,B05,2025-08-24,081-xxx-7745
C01048,วีระ,หญิง,45-54,B05,2026-03-20,087-xxx-6969
C01049,กมล,ชาย,25-34,B01,2025-07-05,085-xxx-1808
C01050,นภัส,ชาย,35-44,B01,2026-04-20,089-xxx-5410
C01051,รัตนา,หญิง,25-34,B01,2025-10-22,085-xxx-6202
C01052,วีระ,หญิง,18-24,B05,2026-08-12,084-xxx-7089
C01053,จิรา,ชาย,18-24,B02,2025-08-29,087-xxx-3239
C01054,ภัทร,ชาย,35-44,B02,2025-12-24,088-xxx-2913
C01055,มานพ,หญิง,45-54,B01,2026-04-24,086-xxx-4423
C01056,อัญชลี,หญิง,25-34,B02,2025-11-21,081-xxx-3399
C01057,ธนา,ชาย,25-34,B02,2025-10-23,085-xxx-9036
C01058,ศิริ,ชาย,25-34,B01,2026-03-12,085-xxx-2288
C01059,กิตติ,หญิง,18-24,B03,2026-06-06,087-xxx-3455
C01060,ศิริ,หญิง,45-54,B04,2025-11-16,084-xxx-1137
C01061,ธนา,ชาย,25-34,B05,2026-04-03,086-xxx-8801
C01062,กมล,ชาย,35-44,B01,2026-08-09,084-xxx-5948
C01063,นภัส,ชาย,25-34,B02,2025-11-25,085-xxx-1678
C01064,พิม,ชาย,25-34,B02,2026-06-03,081-xxx-4592
C01065,ปวีณ,ชาย,35-44,B05,2025-09-04,089-xxx-3453
C01066,อัญชลี,ชาย,55+,B01,2025-12-03,085-xxx-3945
C01067,ชนา,หญิง,35-44,B02,2026-05-29,083-xxx-3545
C01068,ธนา,หญิง,35-44,B03,2026-05-09,089-xxx-4386
C01069,ณัฐ,หญิง,35-44,B01,2025-06-14,085-xxx-2747
C01070,เกศ,ชาย,25-34,B05,2025-07-05,083-xxx-7821
C01071,พิม,หญิง,45-54,B02,2025-04-06,081-xxx-5860
C01072,ภัทร,ชาย,18-24,B03,2026-05-14,084-xxx-9961
C01073,ปิยะ,หญิง,25-34,B02,2025-04-05,081-xxx-2339
C01074,กมล,ชาย,45-54,B01,2026-08-07,085-xxx-1115
C01075,เกศ,หญิง,18-24,B04,2026-08-30,086-xxx-7207
C01076,กิตติ,หญิง,18-24,B04,2026-05-16,084-xxx-1100
C01077,ทิพย์,หญิง,25-34,B05,2025-05-30,086-xxx-3881
C01078,ศิริ,หญิง,45-54,B02,2026-01-29,087-xxx-3184
C01079,ภูมิ,หญิง,25-34,B04,2026-07-16,089-xxx-4119
C01080,มานพ,หญิง,25-34,B04,2026-08-15,088-xxx-8605
C01081,วรรณ,ไม่ระบุ,18-24,B04,2025-09-07,085-xxx-4306
C01082,กิตติ,หญิง,55+,B05,2026-02-27,085-xxx-2795
C01083,ทิพย์,หญิง,35-44,B01,2025-09-22,083-xxx-3582
C01084,จิรา,หญิง,25-34,B04,2026-06-01,087-xxx-2812
C01085,ทิพย์,หญิง,35-44,B01,2026-01-12,088-xxx-1299
C01086,วรรณ,ชาย,25-34,B03,2026-08-22,088-xxx-3511
C01087,นภัส,หญิง,35-44,B01,2025-12-25,083-xxx-1831
C01088,วรรณ,หญิง,25-34,B02,2025-07-21,088-xxx-8097
C01089,ปิยะ,หญิง,45-54,B03,2026-04-06,082-xxx-7394
C01090,กิตติ,ชาย,18-24,B02,2026-05-07,082-xxx-5261
C01091,ธีร,ชาย,18-24,B01,2025-04-29,086-xxx-5373
C01092,ณัฐ,หญิง,45-54,B02,2026-02-16,088-xxx-3898
C01093,มานพ,หญิง,25-34,B05,2026-02-18,082-xxx-5095
C01094,วรรณ,หญิง,18-24,B01,2026-07-21,085-xxx-9358
C01095,ภัทร,หญิง,18-24,B04,2025-11-13,088-xxx-1789
C01096,ปวีณ,หญิง,35-44,B02,2026-07-12,086-xxx-3519
C01097,จิรา,ชาย,45-54,B01,2026-04-06,087-xxx-2049
C01098,อรุณ,หญิง,35-44,B03,2026-08-12,089-xxx-2347
C01099,กมล,ชาย,35-44,B01,2025-10-27,082-xxx-1334
C01100,วีระ,หญิง,45-54,B05,2025-04-02,088-xxx-2729
C01101,มานพ,หญิง,ต่ำกว่า 18,B01,2025-04-15,089-xxx-9463
C01102,วีระ,ชาย,25-34,B03,2025-12-23,088-xxx-6031
C01103,นภัส,หญิง,35-44,B02,2026-05-22,089-xxx-6416
C01104,มานพ,ชาย,45-54,B04,2026-05-09,082-xxx-4528
C01105,ปิยะ,ชาย,35-44,B01,2026-08-02,082-xxx-8466
C01106,ธนา,ชาย,25-34,B05,2025-05-16,081-xxx-9603
C01107,มานพ,หญิง,35-44,B01,2026-07-05,086-xxx-9658
C01108,อรุณ,หญิง,35-44,B04,2026-06-14,082-xxx-3076
C01109,นภัส,ชาย,18-24,B02,2026-07-02,085-xxx-9038
C01110,เกศ,หญิง,18-24,B03,2025-11-06,085-xxx-2012
C01111,ณัฐ,ชาย,25-34,B05,2026-06-22,088-xxx-6032
C01112,ปิยะ,ชาย,45-54,B01,2025-12-14,089-xxx-9849
C01113,จิรา,หญิง,25-34,B01,2026-07-04,082-xxx-2920
C01114,ศิริ,ชาย,25-34,B05,2026-06-04,081-xxx-1206
C01115,ภูมิ,ชาย,25-34,B01,2026-07-04,084-xxx-1800
C01116,วรรณ,หญิง,35-44,B04,2026-07-11,086-xxx-6274
C01117,ปิยะ,หญิง,18-24,B03,2026-01-13,088-xxx-8616
C01118,กิตติ,หญิง,18-24,B04,2025-10-28,085-xxx-9132
C01119,ชนา,หญิง,45-54,B01,2026-07-25,082-xxx-2386
C01120,ธีร,ชาย,18-24,B05,2026-09-07,089-xxx-6354
C01121,เกศ,ชาย,55+,B05,2025-12-07,081-xxx-8731
C01122,วีระ,หญิง,18-24,B02,2026-02-14,081-xxx-4267
C01123,ธนา,ชาย,18-24,B01,2025-11-17,084-xxx-5089
C01124,สุดา,หญิง,25-34,B01,2026-08-09,084-xxx-4348
C01125,ภัทร,หญิง,18-24,B01,2025-11-18,081-xxx-1348
C01126,ปิยะ,หญิง,35-44,B01,2025-10-16,084-xxx-2828
C01127,ปวีณ,หญิง,35-44,B05,2025-09-15,087-xxx-5677
C01128,ปิยะ,ชาย,18-24,B04,2025-10-30,081-xxx-9198
C01129,กมล,ชาย,18-24,B03,2026-08-10,089-xxx-3014
C01130,วีระ,หญิง,35-44,B02,2025-09-07,085-xxx-5566
C01131,สุดา,ชาย,45-54,B01,2026-08-21,082-xxx-7355
C01132,อรุณ,ชาย,25-34,B04,2026-04-03,084-xxx-3213
C01133,วีระ,ชาย,35-44,B02,2025-12-18,086-xxx-7009
C01134,พิม,ชาย,25-34,B02,2025-05-18,085-xxx-3808
C01135,อัญชลี,ไม่ระบุ,18-24,B02,2026-04-10,081-xxx-7457
C01136,ปวีณ,หญิง,ต่ำกว่า 18,B04,2025-11-10,083-xxx-2114
C01137,จิรา,ชาย,35-44,B02,2025-10-03,087-xxx-7109
C01138,นภัส,ชาย,45-54,B02,2026-06-23,089-xxx-2544
C01139,กมล,หญิง,25-34,B02,2025-10-01,082-xxx-8596
C01140,กมล,หญิง,25-34,B01,2025-08-28,085-xxx-7318
C01141,ธีร,หญิง,25-34,B05,2025-12-31,081-xxx-7445
C01142,นภัส,ชาย,18-24,B04,2025-11-06,088-xxx-3396
C01143,ธนา,ชาย,25-34,B05,2026-01-08,087-xxx-9881
C01144,วรรณ,หญิง,25-34,B01,2025-11-03,084-xxx-1229
C01145,อรุณ,ชาย,18-24,B03,2025-11-24,083-xxx-1227
C01146,ณัฐ,ชาย,25-34,B01,2025-06-03,082-xxx-4689
C01147,ชนา,หญิง,25-34,B01,2026-05-25,084-xxx-2494
C01148,ปวีณ,หญิง,ต่ำกว่า 18,B01,2025-08-06,084-xxx-1848
C01149,ปิยะ,หญิง,55+,B02,2025-06-18,088-xxx-2128
C01150,ชนา,ชาย,25-34,B05,2026-09-03,085-xxx-3266
C01151,สุดา,หญิง,25-34,B04,2025-05-25,088-xxx-1819
C01152,พิม,ชาย,25-34,B02,2025-10-11,083-xxx-7583
C01153,ชนา,ชาย,18-24,B03,2026-05-01,086-xxx-7053
C01154,ปวีณ,ไม่ระบุ,25-34,B05,2025-07-01,082-xxx-7591
C01155,ณัฐ,ชาย,25-34,B01,2026-06-12,085-xxx-3877
C01156,อรุณ,หญิง,25-34,B02,2025-06-30,089-xxx-8367
C01157,ทิพย์,หญิง,25-34,B05,2026-05-27,086-xxx-9750
C01158,รัตนา,ชาย,25-34,B02,2026-03-04,089-xxx-2372
C01159,ทิพย์,หญิง,25-34,B02,2025-09-08,088-xxx-5230
C01160,อัญชลี,หญิง,45-54,B01,2025-11-13,086-xxx-8550
C01161,กมล,หญิง,25-34,B03,2026-01-16,081-xxx-5586
C01162,จิรา,หญิง,35-44,B04,2025-04-18,086-xxx-5255
C01163,อัญชลี,หญิง,25-34,B01,2025-04-08,087-xxx-1476
C01164,สมชาย,หญิง,25-34,B01,2026-03-24,081-xxx-9683
C01165,ณัฐ,หญิง,35-44,B05,2026-04-16,083-xxx-8123
C01166,สุดา,ชาย,25-34,B04,2026-02-27,082-xxx-8531
C01167,ทิพย์,หญิง,45-54,B01,2026-08-05,087-xxx-7685
C01168,จิรา,ชาย,35-44,B05,2026-08-04,083-xxx-4290
C01169,ปิยะ,หญิง,45-54,B02,2026-04-09,086-xxx-1647
C01170,รัตนา,ชาย,35-44,B02,2025-09-22,084-xxx-7358
C01171,ณัฐ,หญิง,35-44,B04,2025-04-07,082-xxx-9099
C01172,อรุณ,ชาย,25-34,B05,2026-03-31,081-xxx-1384
C01173,รัตนา,ชาย,35-44,B03,2026-04-29,088-xxx-3158
C01174,รัตนา,หญิง,45-54,B04,2025-04-26,083-xxx-6068
C01175,มานพ,ชาย,25-34,B03,2026-03-09,086-xxx-8655
C01176,ณัฐ,หญิง,18-24,B03,2026-04-25,086-xxx-9297
C01177,ภูมิ,ชาย,ต่ำกว่า 18,B05,2025-10-02,084-xxx-9636
C01178,พิม,หญิง,18-24,B01,2026-06-24,085-xxx-5898
C01179,ปวีณ,หญิง,25-34,B05,2025-07-18,081-xxx-1817
C01180,รัตนา,หญิง,18-24,B02,2025-06-08,089-xxx-5194
C01181,พิม,หญิง,18-24,B05,2025-10-31,082-xxx-1848
C01182,ชนา,ชาย,25-34,B05,2026-08-30,083-xxx-8811
C01183,อรุณ,หญิง,18-24,B04,2025-04-12,089-xxx-1015
C01184,ธนา,หญิง,25-34,B01,2025-12-26,087-xxx-3227
C01185,ภูมิ,ชาย,45-54,B05,2025-08-11,081-xxx-9671
C01186,ภัทร,หญิง,18-24,B03,2025-12-10,085-xxx-4981
C01187,รัตนา,ไม่ระบุ,ต่ำกว่า 18,B01,2026-01-25,081-xxx-6898
C01188,ณัฐ,ชาย,35-44,B01,2026-01-20,081-xxx-2195
C01189,มานพ,ชาย,ต่ำกว่า 18,B05,2025-11-18,088-xxx-6619
C01190,ชนา,หญิง,35-44,B05,2025-08-01,083-xxx-5549
C01191,พิม,หญิง,25-34,B01,2025-09-19,088-xxx-8914
C01192,ทิพย์,หญิง,18-24,B05,2026-04-05,083-xxx-2559
C01193,เกศ,ชาย,35-44,B01,2026-04-06,089-xxx-6355
C01194,อัญชลี,หญิง,35-44,B05,2025-08-05,087-xxx-8620
C01195,ปวีณ,หญิง,25-34,B02,2026-02-04,085-xxx-3654
C01196,อัญชลี,ชาย,55+,B05,2026-08-26,088-xxx-1122
C01197,รัตนา,หญิง,18-24,B01,2025-04-28,082-xxx-5654
C01198,ปิยะ,หญิง,35-44,B05,2026-05-18,082-xxx-2821
C01199,วีระ,หญิง,35-44,B04,2026-05-11,089-xxx-6758
C01200,อัญชลี,หญิง,18-24,B02,2026-07-01,088-xxx-4549
C01201,วรรณ,หญิง,35-44,B03,2026-02-12,086-xxx-9393
C01202,มานพ,หญิง,25-34,B05,2026-01-22,087-xxx-2778
C01203,ณัฐ,ไม่ระบุ,18-24,B02,2025-10-20,089-xxx-3765
C01204,อัญชลี,ชาย,45-54,B05,2026-08-01,083-xxx-5422
C01205,สุดา,หญิง,25-34,B04,2025-05-11,083-xxx-9822
C01206,วรรณ,ชาย,25-34,B01,2025-06-10,081-xxx-3636
C01207,อัญชลี,หญิง,35-44,B03,2025-12-23,084-xxx-4804
C01208,นภัส,ชาย,25-34,B04,2025-07-29,087-xxx-8881
C01209,จิรา,หญิง,35-44,B03,2025-11-27,088-xxx-6993
C01210,พิม,ชาย,45-54,B05,2025-08-26,089-xxx-6835
C01211,วรรณ,ชาย,45-54,B02,2025-11-14,089-xxx-1651
C01212,ณัฐ,ไม่ระบุ,18-24,B04,2026-04-02,083-xxx-7516
C01213,ธนา,หญิง,25-34,B05,2026-01-29,082-xxx-6358
C01214,ธีร,หญิง,25-34,B01,2025-07-30,089-xxx-3237
C01215,นภัส,หญิง,25-34,B01,2026-01-30,085-xxx-3565
C01216,อัญชลี,หญิง,18-24,B03,2026-03-07,087-xxx-3803
C01217,พิม,หญิง,18-24,B05,2026-08-09,081-xxx-3633
C01218,จิรา,หญิง,35-44,B01,2026-03-04,086-xxx-2451
C01219,สมชาย,ชาย,35-44,B05,2025-10-21,086-xxx-4831
C01220,ภัทร,หญิง,18-24,B04,2025-05-21,084-xxx-5956
C01221,ปวีณ,หญิง,35-44,B04,2026-01-15,082-xxx-7013
C01222,ปวีณ,ชาย,25-34,B05,2025-09-15,081-xxx-4280
C01223,วรรณ,ชาย,45-54,B05,2026-06-21,088-xxx-4004
C01224,ปวีณ,หญิง,25-34,B01,2026-02-05,083-xxx-9623
C01225,อัญชลี,หญิง,18-24,B05,2026-03-26,087-xxx-8720
C01226,อรุณ,ชาย,ต่ำกว่า 18,B04,2026-04-01,083-xxx-8877
C01227,ปิยะ,ชาย,18-24,B05,2026-03-21,085-xxx-2905
C01228,กิตติ,หญิง,ต่ำกว่า 18,B01,2025-06-11,082-xxx-4133
C01229,นภัส,ชาย,25-34,B05,2025-08-22,082-xxx-4352
C01230,ชนา,หญิง,18-24,B01,2026-04-02,083-xxx-4411
C01231,รัตนา,ชาย,25-34,B01,2025-08-18,083-xxx-1814
C01232,รัตนา,ชาย,18-24,B05,2025-12-15,082-xxx-5348
C01233,ปวีณ,หญิง,25-34,B01,2025-08-22,087-xxx-6253
C01234,จิรา,ชาย,35-44,B03,2026-07-10,088-xxx-5830
C01235,พิม,หญิง,25-34,B05,2025-06-17,088-xxx-5938
C01236,ธนา,หญิง,18-24,B02,2026-03-06,087-xxx-1788
C01237,สุดา,หญิง,35-44,B02,2025-12-24,088-xxx-6922
C01238,พิม,หญิง,35-44,B02,2026-04-25,086-xxx-3320
C01239,เกศ,หญิง,25-34,B03,2026-08-26,083-xxx-8844
C01240,ศิริ,ชาย,35-44,B04,2025-05-05,084-xxx-4005
C01241,วีระ,ชาย,55+,B01,2026-08-11,085-xxx-6101
C01242,ปิยะ,ชาย,35-44,B02,2026-03-09,088-xxx-4031
C01243,วรรณ,ชาย,35-44,B02,2026-07-25,084-xxx-7432
C01244,มานพ,หญิง,55+,B05,2025-07-09,082-xxx-3367
C01245,ทิพย์,ชาย,25-34,B05,2026-08-28,082-xxx-9021
C01246,ศิริ,ชาย,55+,B05,2026-05-10,082-xxx-2537
C01247,สมชาย,หญิง,18-24,B02,2026-08-18,089-xxx-6851
C01248,กิตติ,หญิง,25-34,B05,2025-05-28,086-xxx-8815
C01249,ปวีณ,หญิง,25-34,B02,2026-07-20,085-xxx-6362
C01250,มานพ,ชาย,25-34,B05,2026-03-30,084-xxx-9957
C01251,อัญชลี,ชาย,ต่ำกว่า 18,B02,2025-07-12,087-xxx-8809
C01252,กมล,หญิง,55+,B03,2026-09-10,089-xxx-9213
C01253,ศิริ,ชาย,18-24,B01,2025-12-09,081-xxx-7267
C01254,ธนา,ชาย,18-24,B01,2025-06-03,088-xxx-3777
C01255,นภัส,หญิง,35-44,B04,2025-05-01,083-xxx-2065
C01256,พิม,ชาย,45-54,B03,2025-11-06,084-xxx-5706
C01257,ทิพย์,หญิง,25-34,B02,2026-05-03,082-xxx-6457
C01258,มานพ,หญิง,25-34,B04,2026-04-26,081-xxx-2100
C01259,รัตนา,หญิง,35-44,B05,2026-09-04,082-xxx-9148
C01260,ธีร,หญิง,45-54,B04,2025-06-23,082-xxx-7618
C01261,สมชาย,ไม่ระบุ,18-24,B01,2025-04-09,087-xxx-4640
C01262,วีระ,ชาย,35-44,B03,2026-02-20,088-xxx-3372
C01263,กิตติ,หญิง,25-34,B02,2025-07-20,081-xxx-6791
C01264,ปิยะ,หญิง,45-54,B05,2025-09-09,086-xxx-6926
C01265,สุดา,หญิง,25-34,B01,2025-06-25,083-xxx-8917
C01266,พิม,หญิง,18-24,B03,2025-11-01,083-xxx-2637
C01267,เกศ,ชาย,55+,B03,2026-02-04,083-xxx-8746
C01268,สมชาย,หญิง,55+,B03,2026-07-21,089-xxx-9184
C01269,วีระ,ชาย,18-24,B04,2025-05-21,084-xxx-7819
C01270,ธนา,หญิง,18-24,B01,2026-06-09,088-xxx-4678
C01271,รัตนา,ชาย,18-24,B04,2026-05-11,089-xxx-7739
C01272,ชนา,หญิง,25-34,B02,2026-03-10,082-xxx-5926
C01273,วรรณ,หญิง,18-24,B05,2025-10-28,088-xxx-8250
C01274,กมล,หญิง,45-54,B04,2025-08-24,087-xxx-5320
C01275,นภัส,ชาย,25-34,B05,2025-08-01,083-xxx-3068
C01276,วรรณ,ชาย,35-44,B02,2026-07-07,085-xxx-9855
C01277,ภูมิ,หญิง,25-34,B01,2026-04-12,081-xxx-1561
C01278,ภัทร,หญิง,55+,B04,2025-11-09,084-xxx-1750
C01279,สมชาย,หญิง,45-54,B01,2026-05-08,086-xxx-9022
C01280,วีระ,ชาย,35-44,B02,2025-10-31,088-xxx-5303
C01281,สมชาย,ชาย,ต่ำกว่า 18,B05,2025-08-31,081-xxx-9480
C01282,วีระ,ชาย,25-34,B01,2026-06-05,082-xxx-2244
C01283,ปวีณ,ชาย,35-44,B03,2026-08-22,083-xxx-4967
C01284,ภูมิ,หญิง,25-34,B01,2025-09-07,086-xxx-4063
C01285,เกศ,ชาย,18-24,B03,2026-02-20,083-xxx-2609
C01286,อัญชลี,หญิง,18-24,B01,2025-12-11,088-xxx-9907
C01287,ธนา,ชาย,35-44,B05,2026-07-25,083-xxx-2300
C01288,ธนา,หญิง,ต่ำกว่า 18,B04,2026-08-15,087-xxx-5383
C01289,กิตติ,ชาย,25-34,B03,2026-04-26,088-xxx-7305
C01290,เกศ,หญิง,25-34,B04,2025-07-13,089-xxx-1786
C01291,ปวีณ,หญิง,18-24,B05,2025-10-23,082-xxx-9977
C01292,ทิพย์,หญิง,35-44,B01,2025-04-01,082-xxx-4265
C01293,จิรา,หญิง,35-44,B03,2026-03-27,083-xxx-6759
C01294,วีระ,หญิง,45-54,B01,2026-06-05,089-xxx-6890
C01295,กมล,ชาย,35-44,B01,2025-12-03,082-xxx-1801
C01296,วรรณ,ชาย,45-54,B04,2025-05-23,081-xxx-5322
C01297,สมชาย,หญิง,35-44,B01,2025-04-21,081-xxx-7601
C01298,มานพ,ชาย,18-24,B01,2025-07-05,089-xxx-8183
C01299,ปวีณ,ชาย,25-34,B05,2025-06-28,089-xxx-2403
C01300,ภัทร,ชาย,35-44,B02,2025-09-02,083-xxx-7782
C01301,ปิยะ,ชาย,35-44,B02,2026-06-04,081-xxx-3763
C01302,สมชาย,ชาย,18-24,B05,2025-05-04,085-xxx-9877
C01303,มานพ,ชาย,35-44,B05,2026-09-11,085-xxx-9066
C01304,กมล,ชาย,55+,B01,2026-01-20,081-xxx-2287
C01305,พิม,ไม่ระบุ,25-34,B04,2026-07-12,082-xxx-7892
C01306,ศิริ,ชาย,35-44,B03,2026-08-05,083-xxx-6082
C01307,ธนา,หญิง,18-24,B05,2025-09-04,088-xxx-7647
C01308,ภัทร,หญิง,18-24,B05,2025-08-08,081-xxx-8696
C01309,ปิยะ,ชาย,35-44,B03,2026-05-18,081-xxx-2351
C01310,ภูมิ,หญิง,18-24,B05,2025-11-28,086-xxx-3177
C01311,ศิริ,ชาย,25-34,B02,2025-07-14,082-xxx-5421
C01312,ธีร,ไม่ระบุ,18-24,B02,2026-09-09,087-xxx-5613
C01313,ชนา,ชาย,25-34,B02,2025-04-19,081-xxx-9088
C01314,ธนา,หญิง,25-34,B01,2026-09-03,088-xxx-9545
C01315,จิรา,ชาย,25-34,B03,2026-01-26,081-xxx-8778
C01316,ภัทร,ชาย,25-34,B04,2025-05-26,088-xxx-4229
C01317,ภูมิ,หญิง,25-34,B01,2025-11-06,089-xxx-3325
C01318,ศิริ,ชาย,18-24,B05,2026-04-17,083-xxx-5629
C01319,นภัส,ชาย,45-54,B01,2025-07-27,088-xxx-4129
C01320,รัตนา,ชาย,25-34,B01,2026-07-22,082-xxx-9857
C01321,รัตนา,หญิง,18-24,B01,2025-09-11,084-xxx-8412
C01322,ธนา,ชาย,25-34,B05,2026-02-19,084-xxx-1800
C01323,จิรา,หญิง,35-44,B04,2026-01-11,087-xxx-7590
C01324,วีระ,ชาย,25-34,B01,2026-08-07,088-xxx-8025
C01325,กมล,ชาย,35-44,B03,2026-05-06,083-xxx-7242
C01326,กมล,หญิง,18-24,B03,2026-09-08,084-xxx-4633
C01327,วรรณ,หญิง,55+,B05,2026-07-12,082-xxx-9486
C01328,กิตติ,ไม่ระบุ,18-24,B01,2026-07-19,081-xxx-1006
C01329,จิรา,ชาย,25-34,B03,2025-12-16,084-xxx-4808
C01330,พิม,หญิง,35-44,B03,2026-08-17,081-xxx-7511
C01331,นภัส,ชาย,25-34,B02,2025-10-16,088-xxx-1692
C01332,ชนา,ชาย,25-34,B03,2026-06-25,086-xxx-8965
C01333,จิรา,ชาย,45-54,B05,2026-01-08,083-xxx-6837
C01334,จิรา,ชาย,18-24,B04,2025-10-21,083-xxx-2892
C01335,เกศ,หญิง,35-44,B03,2025-11-24,081-xxx-3494
C01336,ภูมิ,ชาย,18-24,B01,2025-05-14,088-xxx-7674
C01337,ชนา,หญิง,18-24,B01,2025-07-09,085-xxx-8796
C01338,จิรา,หญิง,18-24,B03,2026-04-21,085-xxx-9717
C01339,เกศ,หญิง,35-44,B03,2025-12-28,085-xxx-6092
C01340,ภัทร,หญิง,18-24,B05,2025-12-27,081-xxx-3940
C01341,ธีร,หญิง,25-34,B04,2026-01-19,089-xxx-8576
C01342,มานพ,หญิง,35-44,B02,2025-07-27,084-xxx-2109
C01343,ภูมิ,หญิง,25-34,B05,2026-04-16,086-xxx-5671
C01344,กิตติ,หญิง,18-24,B02,2026-05-02,081-xxx-4472
C01345,ปวีณ,ชาย,18-24,B02,2025-11-12,081-xxx-8313
C01346,กมล,หญิง,25-34,B01,2026-08-05,089-xxx-3165
C01347,ภัทร,หญิง,55+,B02,2025-11-21,083-xxx-3541
C01348,อัญชลี,หญิง,18-24,B01,2025-12-14,089-xxx-6378
C01349,ธนา,หญิง,25-34,B05,2025-10-30,083-xxx-6925
C01350,อรุณ,หญิง,18-24,B02,2026-07-11,081-xxx-9271
C01351,อรุณ,หญิง,18-24,B02,2026-06-26,081-xxx-5407
C01352,ทิพย์,หญิง,25-34,B03,2026-05-24,083-xxx-5080
C01353,ภูมิ,หญิง,25-34,B01,2026-02-02,083-xxx-8292
C01354,ทิพย์,หญิง,18-24,B03,2026-09-13,089-xxx-1643
C01355,นภัส,หญิง,45-54,B05,2026-01-22,081-xxx-9499
C01356,วรรณ,ชาย,45-54,B03,2026-05-12,084-xxx-8497
C01357,ทิพย์,หญิง,18-24,B02,2026-08-03,089-xxx-3286
C01358,สมชาย,หญิง,35-44,B01,2026-06-14,081-xxx-5348
C01359,กิตติ,ชาย,18-24,B01,2026-08-05,086-xxx-4365
C01360,ปวีณ,ชาย,25-34,B01,2025-09-29,083-xxx-8614
C01361,กมล,ชาย,35-44,B02,2025-10-13,085-xxx-3663
C01362,วรรณ,ชาย,25-34,B02,2025-06-10,085-xxx-3900
C01363,นภัส,หญิง,35-44,B04,2026-03-05,087-xxx-4632
C01364,ศิริ,ชาย,25-34,B05,2025-10-23,084-xxx-6900
C01365,ภัทร,ชาย,45-54,B02,2025-07-10,085-xxx-2349
C01366,กิตติ,ชาย,18-24,B03,2026-06-05,085-xxx-1703
C01367,รัตนา,หญิง,45-54,B01,2025-04-21,081-xxx-6276
C01368,อัญชลี,หญิง,35-44,B05,2025-11-24,089-xxx-3738
C01369,นภัส,ชาย,35-44,B02,2025-09-29,083-xxx-7608
C01370,อรุณ,หญิง,35-44,B01,2026-03-11,081-xxx-4947
C01371,ภัทร,ชาย,35-44,B01,2025-09-19,086-xxx-3109
C01372,อัญชลี,ชาย,ต่ำกว่า 18,B04,2025-12-24,083-xxx-4395
C01373,ภูมิ,หญิง,18-24,B03,2026-08-11,088-xxx-3228
C01374,อัญชลี,ชาย,25-34,B02,2026-09-11,084-xxx-6310
C01375,อัญชลี,หญิง,18-24,B03,2026-08-20,084-xxx-7906
C01376,นภัส,ชาย,25-34,B01,2025-06-17,083-xxx-5339
C01377,ทิพย์,ชาย,18-24,B05,2025-12-27,082-xxx-8118
C01378,ชนา,ชาย,25-34,B01,2025-06-10,089-xxx-7456
C01379,สุดา,หญิง,25-34,B02,2025-05-27,089-xxx-1262
C01380,จิรา,หญิง,35-44,B05,2025-05-13,081-xxx-1040
C01381,วรรณ,หญิง,18-24,B01,2026-06-18,082-xxx-9328
C01382,ปวีณ,ชาย,18-24,B05,2025-10-27,088-xxx-2607
C01383,ปิยะ,ชาย,18-24,B05,2025-04-02,089-xxx-8360
C01384,ภูมิ,หญิง,45-54,B02,2026-04-27,089-xxx-7946
C01385,ณัฐ,หญิง,35-44,B02,2026-06-03,086-xxx-7479
C01386,เกศ,ชาย,45-54,B01,2026-05-25,085-xxx-8784
C01387,ภัทร,หญิง,18-24,B02,2026-07-19,084-xxx-6043
C01388,อรุณ,ชาย,18-24,B02,2025-12-27,084-xxx-2371
C01389,ภูมิ,ชาย,35-44,B02,2026-05-22,087-xxx-1706
C01390,ปวีณ,ชาย,18-24,B01,2025-07-07,085-xxx-7375
C01391,ธีร,หญิง,25-34,B05,2025-12-23,084-xxx-8513
C01392,สมชาย,ชาย,25-34,B04,2025-05-01,084-xxx-9101
C01393,วีระ,หญิง,25-34,B01,2026-05-13,084-xxx-5080
C01394,ศิริ,หญิง,18-24,B04,2025-10-07,082-xxx-3093
C01395,จิรา,ชาย,55+,B01,2025-06-24,083-xxx-8508
C01396,นภัส,ชาย,25-34,B01,2026-01-16,082-xxx-1031
C01397,รัตนา,หญิง,45-54,B04,2026-03-31,083-xxx-7484
C01398,มานพ,ชาย,25-34,B04,2025-07-08,086-xxx-5881
C01399,สมชาย,ชาย,18-24,B02,2026-02-07,082-xxx-8222
C01400,ณัฐ,ชาย,55+,B03,2026-03-19,082-xxx-7094
C01401,ภัทร,ชาย,35-44,B05,2026-03-07,087-xxx-9476
C01402,ภูมิ,ชาย,45-54,B03,2026-03-15,085-xxx-3082
C01403,เกศ,ชาย,35-44,B05,2026-07-27,086-xxx-6216
C01404,ณัฐ,หญิง,ต่ำกว่า 18,B01,2026-02-16,087-xxx-2185
C01405,ภัทร,หญิง,55+,B04,2025-05-19,086-xxx-5390
C01406,ปิยะ,หญิง,18-24,B02,2026-03-20,086-xxx-7127
C01407,กิตติ,หญิง,18-24,B02,2025-05-01,084-xxx-6836
C01408,อัญชลี,หญิง,25-34,B04,2025-12-01,081-xxx-7316
C01409,ภูมิ,หญิง,25-34,B05,2026-07-25,086-xxx-4331
C01410,ธีร,หญิง,25-34,B02,2025-09-01,082-xxx-6049
C01411,วรรณ,หญิง,25-34,B01,2025-11-18,086-xxx-9760
C01412,ทิพย์,ชาย,35-44,B05,2025-11-09,086-xxx-5478
C01413,รัตนา,หญิง,55+,B01,2026-07-19,089-xxx-3043
C01414,อัญชลี,หญิง,35-44,B02,2026-01-28,088-xxx-3994
C01415,ปิยะ,ชาย,45-54,B02,2026-07-12,087-xxx-2067
C01416,ภูมิ,หญิง,55+,B01,2025-10-30,084-xxx-2500
C01417,สมชาย,หญิง,25-34,B01,2025-04-19,083-xxx-3977
C01418,ภัทร,หญิง,18-24,B01,2026-04-03,087-xxx-6007
C01419,ปิยะ,ชาย,18-24,B01,2025-05-12,088-xxx-5991
C01420,สุดา,หญิง,18-24,B01,2025-11-15,083-xxx-8071
C01421,สุดา,หญิง,35-44,B04,2025-10-29,083-xxx-3698
C01422,นภัส,หญิง,45-54,B03,2026-01-15,085-xxx-1799
C01423,ปิยะ,ชาย,35-44,B01,2025-05-17,086-xxx-4456
C01424,วรรณ,ชาย,25-34,B05,2026-02-17,083-xxx-5127
C01425,ธนา,หญิง,45-54,B05,2026-03-17,084-xxx-2945
C01426,ธีร,ไม่ระบุ,35-44,B05,2025-11-02,088-xxx-4135
C01427,ปิยะ,ชาย,25-34,B02,2026-07-21,082-xxx-9720
C01428,ธีร,ชาย,35-44,B02,2026-08-30,087-xxx-6778
C01429,นภัส,ชาย,35-44,B04,2026-09-11,084-xxx-9224
C01430,ภัทร,ชาย,45-54,B04,2025-04-23,089-xxx-5522
C01431,สุดา,หญิง,35-44,B04,2026-07-23,088-xxx-4233
C01432,วรรณ,ชาย,25-34,B02,2025-04-05,089-xxx-8387
C01433,อัญชลี,ชาย,55+,B05,2025-11-11,085-xxx-8215
C01434,วีระ,หญิง,25-34,B04,2026-02-07,085-xxx-2249
C01435,นภัส,หญิง,ต่ำกว่า 18,B04,2025-09-23,087-xxx-7275
C01436,สุดา,หญิง,35-44,B02,2025-12-22,089-xxx-7026
C01437,เกศ,หญิง,25-34,B01,2026-03-10,082-xxx-2693
C01438,ธนา,หญิง,25-34,B04,2025-09-17,089-xxx-5633
C01439,กมล,หญิง,35-44,B01,2026-07-29,083-xxx-4565
C01440,วรรณ,หญิง,25-34,B02,2025-09-25,087-xxx-7884
C01441,อรุณ,หญิง,25-34,B01,2026-01-25,083-xxx-2568
C01442,ปวีณ,หญิง,18-24,B01,2025-05-22,088-xxx-1104
C01443,มานพ,หญิง,25-34,B05,2026-04-25,084-xxx-3771
C01444,ภัทร,ชาย,25-34,B05,2025-10-31,083-xxx-2793
C01445,นภัส,ชาย,ต่ำกว่า 18,B01,2026-07-10,088-xxx-6825
C01446,มานพ,ชาย,25-34,B01,2025-11-18,084-xxx-6411
C01447,ปวีณ,ไม่ระบุ,35-44,B02,2025-07-24,082-xxx-5797
C01448,ธีร,หญิง,45-54,B01,2026-04-02,083-xxx-5469
C01449,ปิยะ,ชาย,35-44,B02,2025-06-13,081-xxx-2663
C01450,อรุณ,ชาย,35-44,B01,2026-09-13,088-xxx-9789
C01451,สุดา,หญิง,25-34,B02,2026-04-28,081-xxx-7400
C01452,ธนา,ชาย,18-24,B01,2025-05-16,084-xxx-4954
C01453,อัญชลี,หญิง,25-34,B05,2026-06-18,085-xxx-5366
C01454,พิม,หญิง,25-34,B01,2025-09-01,088-xxx-6676
C01455,กมล,หญิง,35-44,B02,2026-09-14,082-xxx-4565
C01456,กมล,ชาย,25-34,B03,2025-11-19,085-xxx-8443
C01457,อรุณ,หญิง,35-44,B03,2026-05-02,085-xxx-7093
C01458,นภัส,ชาย,35-44,B03,2026-03-19,087-xxx-6394
C01459,กมล,หญิง,25-34,B02,2025-08-04,083-xxx-1473
C01460,จิรา,หญิง,18-24,B02,2026-09-10,086-xxx-6274
C01461,ภัทร,หญิง,45-54,B01,2026-08-10,085-xxx-4044
C01462,สุดา,หญิง,45-54,B04,2025-06-21,084-xxx-1682
C01463,รัตนา,ชาย,18-24,B04,2026-06-12,082-xxx-4654
C01464,ปิยะ,หญิง,25-34,B01,2026-07-04,087-xxx-4268
C01465,รัตนา,ชาย,25-34,B05,2026-07-08,086-xxx-1003
C01466,กมล,หญิง,18-24,B05,2026-01-21,084-xxx-9785
C01467,ธีร,หญิง,25-34,B01,2026-05-19,084-xxx-9424
C01468,วรรณ,หญิง,45-54,B02,2025-06-22,086-xxx-8259
C01469,กิตติ,ชาย,25-34,B05,2026-02-08,085-xxx-6281
C01470,ภูมิ,หญิง,35-44,B02,2025-10-06,088-xxx-8339
C01471,ธนา,ชาย,18-24,B05,2025-07-12,084-xxx-4395
C01472,กมล,หญิง,55+,B01,2025-06-06,086-xxx-1180
C01473,พิม,หญิง,45-54,B02,2026-08-30,088-xxx-8531
C01474,กิตติ,หญิง,25-34,B04,2025-12-26,089-xxx-4901
C01475,สมชาย,ชาย,45-54,B02,2026-09-01,088-xxx-6389
C01476,ศิริ,หญิง,45-54,B02,2025-10-19,087-xxx-9714
C01477,จิรา,ชาย,25-34,B01,2026-01-15,089-xxx-2894
C01478,รัตนา,ชาย,35-44,B01,2026-07-15,081-xxx-5032
C01479,ธีร,ชาย,45-54,B04,2025-10-22,084-xxx-5425
C01480,กมล,หญิง,35-44,B03,2026-04-24,081-xxx-4380
C01481,รัตนา,หญิง,35-44,B01,2026-08-10,082-xxx-3985
C01482,กมล,หญิง,25-34,B05,2025-09-20,083-xxx-5083
C01483,อรุณ,ชาย,25-34,B01,2026-03-05,083-xxx-9544
C01484,อัญชลี,หญิง,25-34,B04,2025-06-15,081-xxx-8579
C01485,มานพ,หญิง,25-34,B02,2026-02-01,081-xxx-5299
C01486,กิตติ,หญิง,25-34,B05,2025-06-11,083-xxx-6977
C01487,ภัทร,หญิง,18-24,B05,2025-05-05,083-xxx-2054
C01488,ปวีณ,ชาย,ต่ำกว่า 18,B01,2025-11-06,082-xxx-8467
C01489,กมล,ชาย,25-34,B05,2025-05-20,087-xxx-7831
C01490,พิม,หญิง,25-34,B02,2025-09-12,088-xxx-4456
C01491,สุดา,ชาย,35-44,B01,2026-04-09,084-xxx-3378
C01492,วรรณ,หญิง,35-44,B01,2026-05-23,085-xxx-3209
C01493,ศิริ,ชาย,25-34,B02,2026-07-16,081-xxx-3152
C01494,จิรา,ชาย,25-34,B04,2026-06-03,088-xxx-9683
C01495,จิรา,หญิง,18-24,B02,2025-04-06,089-xxx-6276
C01496,กมล,หญิง,18-24,B03,2026-01-18,082-xxx-6619
C01497,อัญชลี,หญิง,25-34,B01,2026-07-09,081-xxx-7031
C01498,ธีร,หญิง,45-54,B05,2026-06-21,084-xxx-6164
C01499,ศิริ,หญิง,25-34,B02,2025-06-27,083-xxx-8602
C01500,พิม,ชาย,ต่ำกว่า 18,B02,2025-04-26,081-xxx-3398
C01501,ธนา,หญิง,45-54,B04,2026-05-12,081-xxx-3146
C01502,สมชาย,ชาย,25-34,B03,2025-12-04,083-xxx-2128
C01503,จิรา,หญิง,18-24,B02,2026-05-26,088-xxx-6664
C01504,ธีร,ชาย,35-44,B01,2025-10-10,088-xxx-4866
C01505,พิม,ชาย,35-44,B03,2026-07-09,087-xxx-6527
C01506,จิรา,หญิง,18-24,B03,2025-12-02,082-xxx-3407
C01507,มานพ,ชาย,25-34,B05,2026-05-31,088-xxx-6096
C01508,ณัฐ,หญิง,35-44,B01,2026-05-09,083-xxx-1290
C01509,จิรา,ชาย,45-54,B02,2025-11-29,087-xxx-3237
C01510,มานพ,หญิง,25-34,B03,2026-07-15,082-xxx-4112
C01511,สุดา,หญิง,25-34,B03,2026-02-25,084-xxx-5577
C01512,เกศ,ชาย,25-34,B02,2026-09-03,081-xxx-3125
C01513,กมล,ชาย,25-34,B05,2025-10-06,083-xxx-8246
C01514,ณัฐ,หญิง,18-24,B01,2026-04-01,087-xxx-6263
C01515,ธีร,หญิง,18-24,B02,2025-04-15,089-xxx-7149
C01516,ปวีณ,หญิง,18-24,B04,2025-06-20,086-xxx-1464
C01517,ธีร,หญิง,35-44,B01,2026-03-12,081-xxx-7779
C01518,รัตนา,หญิง,45-54,B05,2026-08-06,087-xxx-4191
C01519,พิม,หญิง,45-54,B02,2026-02-16,084-xxx-7615
C01520,ชนา,หญิง,25-34,B01,2026-04-15,087-xxx-2207
C01521,ทิพย์,หญิง,25-34,B01,2025-05-26,081-xxx-3814
C01522,อัญชลี,หญิง,18-24,B04,2026-03-28,081-xxx-3514
C01523,ปิยะ,ชาย,55+,B05,2025-07-18,083-xxx-4524
C01524,วรรณ,ชาย,35-44,B05,2025-09-06,088-xxx-2976
C01525,ธีร,ชาย,45-54,B05,2025-09-29,085-xxx-2582
C01526,กมล,ชาย,45-54,B03,2026-02-05,086-xxx-4100
C01527,สุดา,หญิง,25-34,B02,2025-09-22,084-xxx-9155
C01528,ปวีณ,ชาย,25-34,B01,2026-02-12,088-xxx-7550
C01529,ธนา,ชาย,25-34,B02,2026-07-18,085-xxx-8851
C01530,ศิริ,ชาย,45-54,B03,2026-07-17,088-xxx-9674
C01531,ภัทร,หญิง,35-44,B01,2025-07-12,085-xxx-7220
C01532,ภัทร,ชาย,18-24,B01,2025-11-30,085-xxx-7054
C01533,ภูมิ,ชาย,25-34,B05,2026-04-29,081-xxx-3311
C01534,ชนา,หญิง,18-24,B02,2025-08-15,084-xxx-5785
C01535,ธีร,ชาย,18-24,B01,2025-10-24,086-xxx-4050
C01536,กมล,หญิง,45-54,B01,2025-10-05,087-xxx-7685
C01537,ทิพย์,หญิง,35-44,B04,2025-12-20,088-xxx-7415
C01538,วรรณ,หญิง,45-54,B01,2025-08-14,082-xxx-1297
C01539,สุดา,ชาย,18-24,B03,2025-12-25,089-xxx-6164
C01540,พิม,หญิง,45-54,B05,2026-07-08,088-xxx-2622
C01541,ธีร,หญิง,25-34,B05,2026-03-03,082-xxx-1222
C01542,รัตนา,หญิง,18-24,B04,2026-08-28,089-xxx-5523
C01543,พิม,หญิง,55+,B05,2025-11-17,082-xxx-4879
C01544,วีระ,ชาย,18-24,B01,2025-12-01,086-xxx-7367
C01545,ภัทร,หญิง,ต่ำกว่า 18,B02,2026-04-27,089-xxx-6535
C01546,ชนา,ชาย,18-24,B04,2026-01-11,084-xxx-1266
C01547,กิตติ,ชาย,35-44,B05,2025-10-15,083-xxx-2010
C01548,ธีร,ชาย,35-44,B03,2026-01-08,081-xxx-3904
C01549,ภัทร,หญิง,45-54,B02,2025-09-14,081-xxx-5316
C01550,วีระ,หญิง,35-44,B02,2026-01-27,086-xxx-9612
C01551,ภูมิ,หญิง,55+,B04,2025-09-27,087-xxx-1485
C01552,วรรณ,หญิง,45-54,B05,2026-01-24,087-xxx-1116
C01553,เกศ,หญิง,25-34,B01,2026-03-30,089-xxx-7685
C01554,ภัทร,ชาย,35-44,B05,2025-05-26,089-xxx-9636
C01555,ปิยะ,หญิง,35-44,B01,2025-12-22,084-xxx-2355
C01556,ปวีณ,หญิง,18-24,B01,2026-07-31,087-xxx-3245
C01557,ปิยะ,หญิง,35-44,B02,2025-06-26,086-xxx-2889
C01558,ธีร,หญิง,25-34,B01,2025-05-24,087-xxx-4644
C01559,ชนา,ชาย,18-24,B03,2026-08-11,086-xxx-3140
C01560,ณัฐ,หญิง,25-34,B02,2025-10-28,081-xxx-9063
C01561,อัญชลี,หญิง,ต่ำกว่า 18,B02,2026-02-02,084-xxx-3970
C01562,ภัทร,ชาย,25-34,B05,2025-05-02,081-xxx-7536
C01563,ชนา,หญิง,ต่ำกว่า 18,B02,2025-09-17,089-xxx-7733
C01564,ปิยะ,ชาย,35-44,B05,2025-06-15,087-xxx-9297
C01565,จิรา,หญิง,18-24,B02,2026-09-05,087-xxx-2727
C01566,ภูมิ,ชาย,18-24,B04,2025-12-14,085-xxx-2798
C01567,ธีร,หญิง,45-54,B01,2026-06-12,086-xxx-3053
C01568,เกศ,หญิง,25-34,B04,2025-04-17,081-xxx-4615
C01569,ชนา,ชาย,18-24,B04,2026-08-28,084-xxx-6987
C01570,อรุณ,หญิง,18-24,B02,2026-08-23,089-xxx-8611
C01571,ทิพย์,ชาย,25-34,B05,2026-05-13,082-xxx-4182
C01572,เกศ,ชาย,35-44,B04,2026-04-26,088-xxx-6719
C01573,วีระ,หญิง,ต่ำกว่า 18,B02,2026-06-03,085-xxx-1669
C01574,จิรา,หญิง,45-54,B05,2025-04-15,089-xxx-1754
C01575,ปวีณ,ชาย,18-24,B02,2026-09-11,081-xxx-6387
C01576,สุดา,หญิง,25-34,B02,2026-05-11,081-xxx-4667
C01577,ปิยะ,ชาย,18-24,B02,2026-08-10,083-xxx-6474
C01578,ภูมิ,หญิง,35-44,B05,2026-07-05,088-xxx-6157
C01579,ชนา,หญิง,45-54,B04,2026-05-14,083-xxx-7777
C01580,ภูมิ,หญิง,18-24,B03,2025-12-07,083-xxx-8342
C01581,กมล,ชาย,35-44,B05,2025-04-06,082-xxx-4538
C01582,ภัทร,ชาย,35-44,B04,2026-04-27,084-xxx-6302
C01583,วรรณ,ชาย,55+,B02,2026-08-16,081-xxx-9135
C01584,ธนา,ชาย,25-34,B05,2026-01-20,081-xxx-4184
C01585,อรุณ,ชาย,25-34,B04,2026-04-16,085-xxx-3169
C01586,ภัทร,หญิง,18-24,B05,2026-05-01,086-xxx-1846
C01587,ภัทร,ชาย,18-24,B04,2026-06-23,089-xxx-4837
C01588,กิตติ,หญิง,18-24,B05,2025-10-02,087-xxx-9549
C01589,ทิพย์,หญิง,ต่ำกว่า 18,B05,2026-02-03,084-xxx-7481
C01590,กิตติ,ชาย,25-34,B05,2026-05-06,089-xxx-1810
C01591,เกศ,หญิง,45-54,B05,2025-12-05,082-xxx-5944
C01592,รัตนา,หญิง,45-54,B05,2025-09-10,087-xxx-4856
C01593,กมล,หญิง,18-24,B02,2026-09-01,085-xxx-8533
C01594,สมชาย,ชาย,25-34,B05,2026-04-18,086-xxx-9858
C01595,กิตติ,ชาย,45-54,B05,2026-08-16,081-xxx-1339
C01596,นภัส,ชาย,18-24,B02,2026-03-13,084-xxx-2534
C01597,รัตนา,ชาย,25-34,B01,2025-11-22,084-xxx-8049
C01598,ธีร,หญิง,25-34,B01,2025-11-07,084-xxx-3969
C01599,ภัทร,หญิง,45-54,B02,2026-03-15,086-xxx-4738
C01600,จิรา,หญิง,35-44,B01,2025-09-28,083-xxx-7110
C01601,ภัทร,ชาย,35-44,B04,2026-03-30,088-xxx-9635
C01602,นภัส,หญิง,45-54,B01,2026-01-21,084-xxx-9320
C01603,สมชาย,หญิง,18-24,B01,2026-06-01,087-xxx-1751
C01604,กมล,ชาย,18-24,B02,2026-09-13,083-xxx-1816
C01605,สุดา,หญิง,45-54,B02,2026-03-20,088-xxx-7594
C01606,ธีร,ชาย,25-34,B01,2025-06-23,081-xxx-7687
C01607,สมชาย,หญิง,35-44,B02,2026-06-23,087-xxx-8068
C01608,จิรา,ชาย,25-34,B01,2025-09-05,081-xxx-9450
C01609,วีระ,หญิง,45-54,B01,2025-11-10,089-xxx-9508
C01610,กิตติ,ชาย,45-54,B01,2025-07-02,087-xxx-2779
C01611,วีระ,ชาย,35-44,B04,2025-12-05,089-xxx-8564
C01612,นภัส,ชาย,25-34,B05,2025-12-13,087-xxx-7186
C01613,สุดา,หญิง,18-24,B01,2026-05-02,085-xxx-9212
C01614,ธนา,ไม่ระบุ,45-54,B04,2025-07-20,088-xxx-4837
C01615,สุดา,ชาย,18-24,B04,2026-04-30,085-xxx-1911
C01616,นภัส,ชาย,25-34,B03,2026-01-07,087-xxx-7795
C01617,เกศ,หญิง,25-34,B03,2026-04-18,088-xxx-1515
C01618,สุดา,ชาย,ต่ำกว่า 18,B04,2026-09-08,088-xxx-7640
C01619,ชนา,ชาย,18-24,B01,2025-10-28,082-xxx-3694
C01620,มานพ,ชาย,35-44,B02,2025-05-14,081-xxx-7144
C01621,ธนา,หญิง,35-44,B03,2026-05-31,088-xxx-9405
C01622,สุดา,ไม่ระบุ,25-34,B04,2026-03-18,083-xxx-3291
C01623,ธีร,หญิง,35-44,B01,2026-04-02,085-xxx-8928
C01624,จิรา,หญิง,18-24,B01,2025-12-11,084-xxx-7205
C01625,ณัฐ,ไม่ระบุ,ต่ำกว่า 18,B03,2026-02-16,081-xxx-1272
C01626,ภัทร,ชาย,18-24,B02,2026-08-16,082-xxx-2824
C01627,ธนา,หญิง,18-24,B05,2026-02-13,085-xxx-4429
C01628,ทิพย์,ชาย,25-34,B03,2026-07-06,082-xxx-1770
C01629,ภูมิ,ไม่ระบุ,18-24,B04,2026-02-15,082-xxx-7791
C01630,อัญชลี,ชาย,55+,B01,2025-07-27,085-xxx-7448
C01631,อัญชลี,หญิง,18-24,B02,2025-06-15,085-xxx-2102
C01632,ณัฐ,หญิง,ต่ำกว่า 18,B05,2026-08-26,089-xxx-3952
C01633,กมล,หญิง,45-54,B05,2025-08-05,081-xxx-9642
C01634,กิตติ,หญิง,18-24,B05,2025-09-26,087-xxx-7518
C01635,ธีร,หญิง,18-24,B01,2026-04-28,081-xxx-8023
C01636,ชนา,หญิง,ต่ำกว่า 18,B05,2025-04-09,089-xxx-8972
C01637,นภัส,ชาย,35-44,B02,2026-08-11,081-xxx-7786
C01638,ภูมิ,หญิง,25-34,B01,2026-03-11,085-xxx-4243
C01639,ทิพย์,หญิง,18-24,B02,2026-02-04,087-xxx-2429
C01640,ชนา,ชาย,35-44,B04,2026-06-29,087-xxx-8811
C01641,ธนา,หญิง,35-44,B02,2025-08-07,083-xxx-5803
C01642,อรุณ,หญิง,25-34,B03,2026-09-13,082-xxx-6059
C01643,อรุณ,ชาย,18-24,B05,2026-08-11,083-xxx-9131
C01644,ณัฐ,หญิง,25-34,B01,2025-04-22,084-xxx-1203
C01645,พิม,หญิง,35-44,B03,2026-01-26,089-xxx-6442
C01646,วรรณ,ชาย,35-44,B01,2026-07-27,084-xxx-4145
C01647,ปวีณ,หญิง,25-34,B04,2025-08-20,086-xxx-9481
C01648,ณัฐ,ชาย,18-24,B02,2025-07-07,083-xxx-4687
C01649,ทิพย์,หญิง,25-34,B05,2025-12-30,089-xxx-7387
C01650,สุดา,ไม่ระบุ,35-44,B03,2026-07-05,082-xxx-8763
C01651,ภัทร,หญิง,35-44,B03,2025-12-27,082-xxx-2536
C01652,อัญชลี,ไม่ระบุ,45-54,B05,2026-02-14,085-xxx-2390
C01653,จิรา,ชาย,25-34,B04,2025-10-21,082-xxx-8408
C01654,กมล,ไม่ระบุ,45-54,B01,2025-12-23,089-xxx-3909
C01655,สมชาย,หญิง,45-54,B05,2026-07-20,083-xxx-2786
C01656,ภัทร,หญิง,55+,B02,2025-06-20,088-xxx-5136
C01657,อัญชลี,หญิง,18-24,B03,2026-08-01,081-xxx-1630
C01658,ปิยะ,ไม่ระบุ,25-34,B01,2025-09-15,085-xxx-5988
C01659,รัตนา,หญิง,35-44,B02,2026-01-21,081-xxx-4963
C01660,ภัทร,หญิง,35-44,B01,2025-06-14,084-xxx-3170
C01661,ณัฐ,หญิง,25-34,B04,2026-07-21,087-xxx-3481
C01662,ภูมิ,ชาย,18-24,B05,2026-09-02,082-xxx-3844
C01663,ศิริ,หญิง,45-54,B05,2025-12-30,085-xxx-7006
C01664,กมล,หญิง,25-34,B01,2025-06-16,089-xxx-5470
C01665,ธีร,หญิง,18-24,B03,2025-12-02,088-xxx-3192
C01666,วรรณ,ชาย,18-24,B03,2026-03-18,087-xxx-2665
C01667,กมล,หญิง,25-34,B01,2025-04-05,082-xxx-9417
C01668,ทิพย์,หญิง,18-24,B04,2025-04-21,088-xxx-3038
C01669,พิม,หญิง,35-44,B05,2025-04-10,087-xxx-8915
C01670,กมล,หญิง,18-24,B01,2026-02-07,081-xxx-1016
C01671,พิม,หญิง,18-24,B04,2025-06-16,088-xxx-3107
C01672,วีระ,ชาย,25-34,B02,2026-07-04,083-xxx-7925
C01673,เกศ,ชาย,25-34,B02,2025-07-21,082-xxx-5671
C01674,เกศ,หญิง,25-34,B05,2026-04-26,085-xxx-2095
C01675,นภัส,ชาย,25-34,B02,2025-07-16,081-xxx-6017
C01676,ณัฐ,หญิง,35-44,B03,2025-12-11,084-xxx-4159
C01677,ศิริ,หญิง,18-24,B04,2026-02-20,081-xxx-1453
C01678,จิรา,ชาย,18-24,B05,2025-08-24,089-xxx-8633
C01679,อัญชลี,หญิง,55+,B02,2026-04-28,085-xxx-7147
C01680,เกศ,หญิง,35-44,B05,2026-06-14,081-xxx-1126
C01681,ธนา,ชาย,18-24,B01,2026-02-15,081-xxx-2255
C01682,ภูมิ,หญิง,25-34,B05,2026-07-13,088-xxx-9918
C01683,ธีร,ไม่ระบุ,25-34,B03,2025-12-21,087-xxx-9868
C01684,สุดา,หญิง,35-44,B01,2026-01-13,088-xxx-2262
C01685,อัญชลี,หญิง,ต่ำกว่า 18,B05,2026-01-31,086-xxx-6312
C01686,สมชาย,หญิง,45-54,B05,2025-04-08,086-xxx-5070
C01687,จิรา,ชาย,18-24,B04,2025-05-04,082-xxx-4554
C01688,อรุณ,ชาย,18-24,B04,2026-05-08,089-xxx-2371
C01689,ณัฐ,หญิง,25-34,B04,2026-05-12,088-xxx-4079
C01690,ธีร,หญิง,35-44,B01,2025-04-18,086-xxx-7152
C01691,ภูมิ,หญิง,25-34,B05,2025-04-17,087-xxx-1215
C01692,ศิริ,หญิง,25-34,B01,2025-05-09,086-xxx-5669
C01693,ชนา,หญิง,35-44,B01,2026-02-22,081-xxx-1879
C01694,รัตนา,หญิง,35-44,B01,2026-04-05,087-xxx-9809
C01695,อัญชลี,ชาย,25-34,B05,2026-02-28,088-xxx-4993
C01696,ปวีณ,หญิง,35-44,B01,2026-01-18,082-xxx-4401
C01697,ภัทร,ชาย,35-44,B02,2025-12-06,088-xxx-4768
C01698,นภัส,หญิง,35-44,B02,2025-07-20,089-xxx-1264
C01699,ทิพย์,หญิง,18-24,B03,2026-06-18,083-xxx-8403
C01700,ณัฐ,ชาย,45-54,B05,2025-09-25,083-xxx-4446
C01701,พิม,หญิง,35-44,B04,2026-09-05,082-xxx-5138
C01702,จิรา,หญิง,ต่ำกว่า 18,B05,2026-04-01,081-xxx-3870
C01703,วีระ,หญิง,35-44,B05,2026-08-27,084-xxx-8727
C01704,ธีร,หญิง,35-44,B01,2026-07-18,088-xxx-8247
C01705,มานพ,ชาย,35-44,B05,2026-03-09,088-xxx-5206
C01706,จิรา,หญิง,18-24,B02,2026-02-09,085-xxx-7812
C01707,รัตนา,ชาย,18-24,B03,2026-09-07,088-xxx-9840
C01708,รัตนา,หญิง,35-44,B01,2025-09-05,084-xxx-3486
C01709,ศิริ,ชาย,25-34,B02,2025-04-25,081-xxx-4252
C01710,ธนา,ชาย,25-34,B05,2025-12-16,084-xxx-6906
C01711,ภูมิ,หญิง,55+,B02,2025-08-15,089-xxx-4572
C01712,กมล,หญิง,25-34,B03,2026-08-21,089-xxx-9112
C01713,ศิริ,หญิง,18-24,B05,2026-01-04,082-xxx-5590
C01714,ธีร,หญิง,18-24,B05,2026-09-05,082-xxx-1515
C01715,อรุณ,ชาย,55+,B01,2025-05-27,087-xxx-9429
C01716,ชนา,ไม่ระบุ,ต่ำกว่า 18,B02,2026-04-18,082-xxx-3039
C01717,เกศ,ชาย,45-54,B01,2026-09-07,081-xxx-1981
C01718,จิรา,หญิง,18-24,B01,2026-06-09,084-xxx-6742
C01719,ปิยะ,หญิง,35-44,B01,2025-10-16,083-xxx-9378
C01720,ภัทร,หญิง,25-34,B05,2025-10-31,085-xxx-2047
C01721,ศิริ,ชาย,25-34,B04,2026-01-24,081-xxx-7952
C01722,อรุณ,ชาย,18-24,B02,2025-11-10,082-xxx-2372
C01723,กิตติ,ชาย,25-34,B01,2026-01-11,083-xxx-5546
C01724,ปวีณ,หญิง,35-44,B02,2026-06-07,081-xxx-2516
C01725,ทิพย์,หญิง,25-34,B02,2025-11-12,089-xxx-6211
C01726,ภูมิ,ชาย,18-24,B02,2025-08-17,086-xxx-9763
C01727,ธนา,หญิง,35-44,B01,2025-12-28,082-xxx-5056
C01728,กมล,หญิง,18-24,B05,2025-10-04,083-xxx-2017
C01729,อรุณ,หญิง,35-44,B01,2026-05-27,083-xxx-8491
C01730,จิรา,ชาย,25-34,B01,2026-01-03,083-xxx-2247
C01731,นภัส,หญิง,25-34,B04,2025-04-10,086-xxx-1133
C01732,พิม,หญิง,ต่ำกว่า 18,B01,2025-10-21,082-xxx-5432
C01733,สุดา,หญิง,25-34,B01,2026-05-25,082-xxx-2003
C01734,นภัส,ชาย,18-24,B01,2026-07-24,085-xxx-7873
C01735,พิม,หญิง,ต่ำกว่า 18,B03,2026-08-06,089-xxx-5860
C01736,ธนา,ชาย,25-34,B01,2026-08-19,084-xxx-2325
C01737,สุดา,หญิง,ต่ำกว่า 18,B03,2026-07-11,087-xxx-9772
C01738,วีระ,หญิง,18-24,B03,2026-06-05,082-xxx-8697
C01739,สมชาย,หญิง,18-24,B02,2026-01-21,088-xxx-3111
C01740,พิม,หญิง,35-44,B01,2026-08-30,081-xxx-9879
C01741,ชนา,ไม่ระบุ,18-24,B02,2026-05-21,083-xxx-2065
C01742,อัญชลี,ชาย,35-44,B04,2025-12-17,086-xxx-2291
C01743,วรรณ,ชาย,25-34,B05,2025-04-29,081-xxx-2249
C01744,อรุณ,ชาย,25-34,B01,2026-04-05,084-xxx-7651
C01745,กิตติ,หญิง,35-44,B04,2026-08-17,088-xxx-1693
C01746,ชนา,ชาย,18-24,B04,2026-06-26,083-xxx-7165
C01747,พิม,ชาย,25-34,B05,2025-12-12,085-xxx-6837
C01748,ภูมิ,ชาย,18-24,B04,2026-08-29,082-xxx-9072
C01749,อัญชลี,ชาย,25-34,B03,2025-12-06,088-xxx-6511
C01750,อัญชลี,หญิง,45-54,B02,2026-06-20,081-xxx-8326
C01751,กมล,หญิง,35-44,B02,2026-02-24,081-xxx-2126
C01752,อัญชลี,ชาย,18-24,B05,2026-02-20,082-xxx-2689
C01753,พิม,หญิง,25-34,B01,2025-10-20,087-xxx-7592
C01754,ทิพย์,ชาย,35-44,B05,2026-08-18,088-xxx-1058
C01755,วรรณ,หญิง,25-34,B03,2026-03-02,081-xxx-9209
C01756,จิรา,หญิง,35-44,B02,2026-08-29,087-xxx-8563
C01757,อัญชลี,ชาย,18-24,B05,2026-08-17,084-xxx-8385
C01758,สุดา,หญิง,25-34,B05,2026-01-08,086-xxx-7127
C01759,ศิริ,หญิง,18-24,B01,2025-09-27,088-xxx-6767
C01760,ปวีณ,หญิง,25-34,B03,2026-02-08,087-xxx-2029
C01761,ศิริ,หญิง,18-24,B01,2026-06-07,089-xxx-1139
C01762,อรุณ,ชาย,25-34,B05,2026-03-21,082-xxx-4420
C01763,อัญชลี,ชาย,25-34,B02,2026-02-13,081-xxx-2887
C01764,ชนา,หญิง,55+,B05,2025-09-22,082-xxx-2047
C01765,สมชาย,หญิง,45-54,B03,2026-06-20,086-xxx-6395
C01766,กมล,ชาย,25-34,B03,2025-12-30,084-xxx-8035
C01767,นภัส,หญิง,18-24,B04,2026-07-16,083-xxx-3833
C01768,ชนา,หญิง,25-34,B01,2026-04-04,082-xxx-7231
C01769,วีระ,หญิง,35-44,B05,2025-10-22,083-xxx-8520
C01770,รัตนา,ชาย,35-44,B02,2025-11-11,082-xxx-8593
C01771,มานพ,หญิง,25-34,B02,2026-02-24,082-xxx-1957
C01772,สุดา,หญิง,25-34,B05,2026-07-29,086-xxx-7441
C01773,อรุณ,หญิง,55+,B02,2026-01-29,082-xxx-9132
C01774,อรุณ,หญิง,18-24,B04,2026-09-06,084-xxx-1951
C01775,ปวีณ,ชาย,35-44,B05,2025-12-18,081-xxx-1975
C01776,สุดา,หญิง,18-24,B03,2026-01-04,087-xxx-5842
C01777,มานพ,ชาย,25-34,B01,2025-12-29,089-xxx-8005
C01778,พิม,ไม่ระบุ,45-54,B02,2025-09-22,081-xxx-9410
C01779,รัตนา,ชาย,45-54,B04,2025-08-09,087-xxx-9420
C01780,ภัทร,หญิง,18-24,B04,2025-10-11,082-xxx-1558
C01781,ศิริ,หญิง,45-54,B01,2025-04-27,083-xxx-1869
C01782,ภัทร,หญิง,25-34,B02,2025-10-18,081-xxx-9799
C01783,ภูมิ,หญิง,18-24,B02,2026-02-18,089-xxx-7040
C01784,อัญชลี,หญิง,18-24,B02,2026-01-11,082-xxx-2023
C01785,ณัฐ,หญิง,25-34,B02,2026-04-10,088-xxx-1445
C01786,อัญชลี,ชาย,18-24,B05,2026-09-06,081-xxx-9139
C01787,สุดา,ชาย,18-24,B02,2026-04-05,084-xxx-5263
C01788,วรรณ,ชาย,45-54,B02,2025-11-12,081-xxx-3166
C01789,เกศ,หญิง,18-24,B01,2025-11-11,085-xxx-4727
C01790,ชนา,หญิง,45-54,B03,2026-01-08,082-xxx-8047
C01791,มานพ,ชาย,25-34,B05,2026-02-22,087-xxx-5087
C01792,รัตนา,หญิง,18-24,B02,2025-08-07,083-xxx-6646
C01793,ณัฐ,หญิง,45-54,B01,2025-05-18,087-xxx-3972
C01794,ภูมิ,ชาย,18-24,B04,2026-04-10,085-xxx-6127
C01795,ศิริ,ไม่ระบุ,18-24,B01,2025-06-05,082-xxx-6128
C01796,ชนา,ชาย,55+,B02,2025-05-05,082-xxx-9604
C01797,จิรา,ชาย,25-34,B01,2025-12-11,088-xxx-1045
C01798,นภัส,ชาย,35-44,B02,2026-06-03,087-xxx-1544
C01799,ทิพย์,หญิง,35-44,B01,2025-11-07,081-xxx-5915
C01800,กมล,ชาย,35-44,B05,2026-04-23,088-xxx-7596
C01801,อรุณ,ชาย,25-34,B02,2026-02-16,085-xxx-9047
C01802,ภูมิ,หญิง,18-24,B04,2025-07-14,083-xxx-8910
C01803,กมล,ไม่ระบุ,25-34,B02,2025-12-12,089-xxx-7445
C01804,ชนา,ชาย,25-34,B02,2025-10-10,088-xxx-5123
C01805,สมชาย,หญิง,35-44,B04,2025-12-06,086-xxx-3828
C01806,ธีร,หญิง,25-34,B03,2026-01-21,089-xxx-4235
C01807,พิม,หญิง,25-34,B01,2026-07-15,087-xxx-4213
C01808,มานพ,หญิง,55+,B04,2026-05-18,084-xxx-3890
C01809,กิตติ,หญิง,25-34,B01,2025-10-24,082-xxx-1984
C01810,ภูมิ,หญิง,18-24,B02,2026-01-21,086-xxx-5717
C01811,ภูมิ,ชาย,55+,B05,2026-01-20,089-xxx-2281
C01812,ศิริ,ชาย,35-44,B02,2026-08-26,084-xxx-1234
C01813,ทิพย์,ไม่ระบุ,35-44,B05,2026-04-02,081-xxx-1621
C01814,ณัฐ,ชาย,18-24,B01,2026-03-01,085-xxx-9288
C01815,พิม,หญิง,35-44,B04,2026-06-27,088-xxx-8637
C01816,ภูมิ,ชาย,25-34,B02,2025-06-12,081-xxx-9010
C01817,ธีร,หญิง,25-34,B05,2025-06-04,087-xxx-5284
C01818,พิม,ไม่ระบุ,25-34,B05,2025-07-20,084-xxx-1186
C01819,อรุณ,หญิง,18-24,B01,2025-04-24,088-xxx-2883
C01820,รัตนา,หญิง,25-34,B01,2025-09-12,083-xxx-6391
C01821,อรุณ,ชาย,25-34,B03,2025-12-31,087-xxx-6227
C01822,อัญชลี,หญิง,18-24,B02,2026-01-29,085-xxx-2325
C01823,ธนา,หญิง,45-54,B02,2026-02-16,085-xxx-2555
C01824,ธนา,หญิง,35-44,B03,2026-08-14,084-xxx-2473
C01825,กิตติ,หญิง,ต่ำกว่า 18,B03,2026-03-08,089-xxx-7376
C01826,อรุณ,ชาย,18-24,B02,2026-03-17,089-xxx-4016
C01827,ธนา,ชาย,55+,B02,2026-01-30,085-xxx-2257
C01828,รัตนา,หญิง,18-24,B02,2026-07-31,081-xxx-8586
C01829,กิตติ,หญิง,35-44,B05,2026-06-02,087-xxx-5119
C01830,กมล,หญิง,25-34,B05,2025-07-13,086-xxx-2042
C01831,ชนา,หญิง,45-54,B02,2025-11-14,086-xxx-9991
C01832,มานพ,ชาย,25-34,B04,2025-08-30,082-xxx-8849
C01833,ปิยะ,หญิง,18-24,B03,2026-02-26,089-xxx-9990
C01834,ธีร,หญิง,25-34,B03,2026-05-11,083-xxx-2884
C01835,สมชาย,หญิง,35-44,B03,2025-11-08,086-xxx-7696
C01836,กิตติ,หญิง,18-24,B02,2025-06-08,089-xxx-9653
C01837,อัญชลี,หญิง,18-24,B02,2026-07-28,084-xxx-7032
C01838,เกศ,หญิง,18-24,B03,2026-05-24,085-xxx-1017
C01839,ภัทร,ชาย,45-54,B01,2026-04-02,083-xxx-1675
C01840,วรรณ,หญิง,25-34,B02,2026-07-17,086-xxx-4206
C01841,ณัฐ,หญิง,ต่ำกว่า 18,B02,2026-05-01,087-xxx-8263
C01842,สุดา,หญิง,45-54,B03,2026-07-22,081-xxx-2702
C01843,สมชาย,ชาย,55+,B04,2025-05-13,086-xxx-2404
C01844,วีระ,หญิง,35-44,B03,2026-06-08,089-xxx-6285
C01845,ทิพย์,ชาย,18-24,B05,2026-07-30,082-xxx-8261
C01846,มานพ,ชาย,25-34,B02,2026-04-10,086-xxx-8480
C01847,สมชาย,หญิง,45-54,B04,2025-10-20,084-xxx-9678
C01848,มานพ,หญิง,35-44,B01,2025-12-01,088-xxx-2114
C01849,ทิพย์,ชาย,45-54,B05,2026-07-03,088-xxx-1891
C01850,ธีร,ชาย,25-34,B05,2025-04-21,082-xxx-1777
C01851,ณัฐ,ชาย,55+,B01,2025-08-27,088-xxx-1525
C01852,รัตนา,หญิง,18-24,B05,2026-06-05,087-xxx-9599
C01853,รัตนา,ชาย,25-34,B05,2026-08-29,085-xxx-3192
C01854,กิตติ,หญิง,45-54,B05,2025-11-25,082-xxx-5840
C01855,สุดา,หญิง,35-44,B02,2025-07-25,081-xxx-6719
C01856,อรุณ,ชาย,25-34,B01,2025-12-10,081-xxx-9080
C01857,อัญชลี,หญิง,25-34,B02,2025-09-20,089-xxx-1673
C01858,ชนา,ชาย,25-34,B03,2026-03-21,087-xxx-8298
C01859,อัญชลี,หญิง,25-34,B01,2026-05-31,083-xxx-3006
C01860,รัตนา,หญิง,18-24,B02,2025-12-27,084-xxx-7196
C01861,ปิยะ,หญิง,25-34,B01,2025-10-07,086-xxx-8371
C01862,สุดา,หญิง,35-44,B02,2026-03-11,088-xxx-6424
C01863,นภัส,หญิง,35-44,B02,2026-04-16,088-xxx-8060
C01864,อัญชลี,หญิง,18-24,B01,2025-12-18,082-xxx-3513
C01865,พิม,ชาย,25-34,B01,2026-03-01,083-xxx-7237
C01866,รัตนา,ชาย,25-34,B02,2025-11-21,087-xxx-8126
C01867,รัตนา,ชาย,35-44,B01,2026-09-14,081-xxx-6850
C01868,ธนา,หญิง,25-34,B05,2026-01-08,087-xxx-1353
C01869,ธีร,หญิง,45-54,B05,2026-02-06,085-xxx-3525
C01870,จิรา,ชาย,25-34,B04,2025-10-20,087-xxx-6412
C01871,สมชาย,ไม่ระบุ,25-34,B02,2026-02-28,085-xxx-1984
C01872,ณัฐ,ชาย,ต่ำกว่า 18,B04,2026-05-27,083-xxx-5711
C01873,รัตนา,หญิง,35-44,B04,2026-09-14,087-xxx-1922
C01874,ภัทร,ชาย,25-34,B04,2026-06-13,088-xxx-1807
C01875,ณัฐ,หญิง,18-24,B04,2026-09-11,088-xxx-6121
C01876,มานพ,หญิง,18-24,B02,2025-05-26,086-xxx-6146
C01877,ศิริ,หญิง,35-44,B04,2026-08-14,084-xxx-6996
C01878,สมชาย,ชาย,25-34,B03,2026-05-15,085-xxx-7143
C01879,มานพ,หญิง,45-54,B02,2025-06-25,087-xxx-7397
C01880,นภัส,ชาย,18-24,B04,2025-07-05,087-xxx-5971
C01881,กมล,หญิง,45-54,B01,2026-07-01,085-xxx-2859
C01882,ทิพย์,หญิง,18-24,B05,2025-06-24,088-xxx-6171
C01883,รัตนา,ชาย,35-44,B04,2025-08-01,089-xxx-5548
C01884,สุดา,หญิง,18-24,B03,2026-02-04,089-xxx-4844
C01885,กมล,หญิง,35-44,B02,2026-05-06,086-xxx-2978
C01886,ชนา,ชาย,25-34,B01,2025-11-01,081-xxx-3049
C01887,กมล,ชาย,18-24,B05,2025-07-31,084-xxx-4849
C01888,วรรณ,หญิง,45-54,B02,2025-04-15,082-xxx-8178
C01889,ธีร,หญิง,25-34,B02,2025-07-18,082-xxx-4303
C01890,วรรณ,ชาย,55+,B03,2026-01-15,085-xxx-6757
C01891,รัตนา,ชาย,18-24,B03,2026-07-01,089-xxx-1905
C01892,อรุณ,หญิง,18-24,B01,2025-05-15,082-xxx-9690
C01893,ชนา,ชาย,35-44,B02,2026-07-20,082-xxx-1687
C01894,อรุณ,หญิง,25-34,B05,2025-06-20,089-xxx-8510
C01895,จิรา,ชาย,25-34,B04,2025-10-11,089-xxx-1023
C01896,สมชาย,ชาย,18-24,B05,2025-09-26,089-xxx-6888
C01897,ธนา,หญิง,35-44,B03,2026-07-26,085-xxx-2908
C01898,กมล,หญิง,25-34,B03,2026-04-21,088-xxx-3648
C01899,ณัฐ,ชาย,25-34,B02,2025-12-23,088-xxx-7057
C01900,เกศ,ชาย,35-44,B05,2026-07-13,085-xxx-7374
C01901,ปิยะ,ชาย,55+,B02,2025-10-15,082-xxx-3574
C01902,มานพ,ชาย,18-24,B05,2026-07-08,085-xxx-1150
C01903,สุดา,ชาย,18-24,B04,2025-08-24,087-xxx-2942
C01904,ปวีณ,หญิง,45-54,B02,2026-09-05,083-xxx-4911
C01905,นภัส,ชาย,25-34,B01,2026-03-25,081-xxx-4977
C01906,รัตนา,ชาย,35-44,B02,2026-06-18,086-xxx-4552
C01907,ศิริ,หญิง,25-34,B03,2026-03-31,081-xxx-6451
C01908,อรุณ,ชาย,25-34,B04,2025-04-19,087-xxx-7729
C01909,ทิพย์,หญิง,35-44,B01,2025-11-22,083-xxx-6607
C01910,ภัทร,หญิง,35-44,B05,2026-08-09,085-xxx-6304
C01911,ภูมิ,หญิง,35-44,B02,2025-05-26,081-xxx-2720
C01912,ปวีณ,หญิง,25-34,B04,2025-10-31,081-xxx-2643
C01913,ภูมิ,ชาย,18-24,B01,2026-08-23,085-xxx-5568
C01914,ธีร,ชาย,25-34,B01,2026-07-13,089-xxx-1834
C01915,ภูมิ,หญิง,35-44,B02,2025-08-11,087-xxx-7525
C01916,ธีร,ชาย,45-54,B01,2026-07-13,083-xxx-4862
C01917,ธีร,หญิง,18-24,B05,2025-09-11,089-xxx-7490
C01918,อัญชลี,หญิง,35-44,B03,2025-11-06,087-xxx-4095
C01919,ธีร,หญิง,18-24,B05,2025-06-02,082-xxx-9472
C01920,อรุณ,หญิง,25-34,B04,2025-12-26,083-xxx-9996
C01921,พิม,ชาย,25-34,B02,2026-01-02,086-xxx-4069
C01922,นภัส,ชาย,45-54,B02,2026-07-22,083-xxx-8568
C01923,นภัส,หญิง,18-24,B03,2026-07-05,088-xxx-3734
C01924,สุดา,หญิง,18-24,B05,2026-03-25,082-xxx-7962
C01925,อรุณ,ชาย,25-34,B04,2026-07-22,085-xxx-7316
C01926,ภัทร,หญิง,18-24,B05,2025-12-23,085-xxx-2428
C01927,อัญชลี,ชาย,35-44,B02,2025-08-12,085-xxx-7483
C01928,เกศ,หญิง,45-54,B04,2025-05-01,087-xxx-7516
C01929,ภัทร,ชาย,35-44,B01,2026-03-10,081-xxx-4845
C01930,วีระ,หญิง,45-54,B02,2026-04-22,087-xxx-7520
C01931,ทิพย์,หญิง,18-24,B01,2025-08-14,085-xxx-9873
C01932,มานพ,หญิง,25-34,B02,2025-08-06,081-xxx-1467
C01933,ชนา,ชาย,18-24,B02,2026-01-25,083-xxx-7182
C01934,กิตติ,ชาย,35-44,B02,2026-07-24,088-xxx-2171
C01935,ทิพย์,หญิง,18-24,B01,2025-05-13,082-xxx-2398
C01936,วรรณ,หญิง,18-24,B03,2026-03-19,084-xxx-6835
C01937,เกศ,หญิง,25-34,B03,2026-09-03,089-xxx-1299
C01938,เกศ,หญิง,35-44,B05,2025-08-22,081-xxx-3031
C01939,กิตติ,ชาย,18-24,B03,2026-04-28,086-xxx-1923
C01940,อัญชลี,ชาย,25-34,B04,2026-08-26,087-xxx-1790
C01941,พิม,หญิง,25-34,B05,2025-11-04,083-xxx-1931
C01942,อรุณ,หญิง,18-24,B01,2026-04-03,088-xxx-4551
C01943,เกศ,หญิง,18-24,B04,2026-02-04,085-xxx-1219
C01944,ชนา,ชาย,25-34,B03,2025-12-18,084-xxx-8652
C01945,ปวีณ,หญิง,55+,B04,2026-07-01,085-xxx-3243
C01946,พิม,ชาย,35-44,B02,2025-08-28,086-xxx-4764
C01947,จิรา,หญิง,25-34,B01,2026-07-05,088-xxx-1866
C01948,ปวีณ,หญิง,45-54,B02,2025-09-02,084-xxx-3042
C01949,วรรณ,ชาย,25-34,B02,2026-01-25,084-xxx-4873
C01950,เกศ,ชาย,25-34,B02,2025-05-20,086-xxx-5034
C01951,วรรณ,หญิง,45-54,B01,2026-05-04,087-xxx-5753
C01952,ภูมิ,ชาย,45-54,B01,2025-10-17,088-xxx-1981
C01953,ภัทร,ชาย,25-34,B05,2026-02-21,085-xxx-5507
C01954,ธีร,หญิง,18-24,B01,2025-07-13,088-xxx-5687
C01955,จิรา,หญิง,25-34,B02,2026-07-13,085-xxx-1910
C01956,จิรา,หญิง,18-24,B02,2026-05-14,081-xxx-1069
C01957,ณัฐ,หญิง,55+,B03,2026-06-20,083-xxx-8734
C01958,ชนา,ชาย,25-34,B03,2026-01-16,081-xxx-6533
C01959,เกศ,หญิง,35-44,B02,2026-01-11,082-xxx-8630
C01960,ภูมิ,ชาย,18-24,B02,2026-09-08,088-xxx-2520
C01961,ทิพย์,ไม่ระบุ,25-34,B01,2026-03-03,089-xxx-3385
C01962,พิม,ชาย,55+,B04,2025-11-09,088-xxx-5478
C01963,รัตนา,หญิง,45-54,B02,2025-06-03,083-xxx-6469
C01964,ณัฐ,หญิง,25-34,B04,2025-09-19,083-xxx-3207
C01965,ชนา,หญิง,55+,B01,2025-07-16,087-xxx-6737
C01966,จิรา,ชาย,25-34,B02,2026-08-15,081-xxx-6859
C01967,กิตติ,หญิง,35-44,B02,2025-12-15,084-xxx-7247
C01968,ทิพย์,หญิง,25-34,B05,2026-06-17,088-xxx-7747
C01969,พิม,หญิง,25-34,B05,2025-05-13,082-xxx-8400
C01970,นภัส,ชาย,18-24,B01,2025-12-29,081-xxx-1979
C01971,ปิยะ,ชาย,ต่ำกว่า 18,B04,2025-10-03,085-xxx-9150
C01972,ปิยะ,หญิง,18-24,B01,2025-09-18,085-xxx-6149
C01973,ธีร,หญิง,25-34,B02,2026-02-28,085-xxx-7994
C01974,เกศ,ชาย,18-24,B01,2026-08-21,085-xxx-6216
C01975,กิตติ,ชาย,35-44,B02,2026-03-02,086-xxx-8672
C01976,ธีร,ชาย,45-54,B01,2025-11-21,082-xxx-2868
C01977,พิม,ไม่ระบุ,25-34,B01,2025-08-03,089-xxx-3884
C01978,กมล,ชาย,35-44,B03,2026-05-20,089-xxx-2605
C01979,ทิพย์,ชาย,45-54,B02,2026-05-06,082-xxx-4959
C01980,สมชาย,หญิง,25-34,B03,2025-12-27,087-xxx-8339
C01981,ชนา,ไม่ระบุ,45-54,B05,2025-12-23,087-xxx-6550
C01982,กมล,หญิง,45-54,B02,2026-06-23,081-xxx-6853
C01983,ทิพย์,หญิง,18-24,B01,2025-05-01,086-xxx-3241
C01984,ณัฐ,ชาย,25-34,B02,2025-10-16,083-xxx-2298
C01985,ปิยะ,ไม่ระบุ,45-54,B02,2026-05-15,084-xxx-1316
C01986,ศิริ,หญิง,35-44,B02,2026-06-18,084-xxx-7373
C01987,วรรณ,ชาย,18-24,B01,2026-03-17,082-xxx-3480
C01988,กิตติ,หญิง,25-34,B04,2025-08-07,083-xxx-4890
C01989,วีระ,หญิง,25-34,B01,2025-04-24,085-xxx-3198
C01990,กิตติ,หญิง,18-24,B02,2025-06-22,084-xxx-3313
C01991,วรรณ,ชาย,35-44,B01,2026-01-25,084-xxx-3293
C01992,ชนา,หญิง,18-24,B04,2025-07-30,081-xxx-3135
C01993,ภัทร,หญิง,35-44,B05,2026-06-16,086-xxx-5332
C01994,สมชาย,หญิง,25-34,B04,2026-08-02,084-xxx-8767
C01995,ชนา,หญิง,25-34,B01,2026-04-29,085-xxx-5057
C01996,ธนา,ชาย,18-24,B01,2026-02-14,086-xxx-7412
C01997,สมชาย,ชาย,25-34,B01,2025-08-11,084-xxx-2504
C01998,ภูมิ,หญิง,55+,B01,2026-01-12,083-xxx-9849
C01999,ปวีณ,หญิง,35-44,B01,2026-05-23,081-xxx-3211
C02000,วีระ,ชาย,45-54,B05,2025-07-14,087-xxx-3738
C02001,ชนา,ชาย,45-54,B02,2026-06-21,086-xxx-5740
C02002,มานพ,ไม่ระบุ,35-44,B01,2026-08-04,085-xxx-6421
C02003,ชนา,หญิง,18-24,B01,2025-08-27,088-xxx-3289
C02004,จิรา,ไม่ระบุ,35-44,B03,2026-07-14,086-xxx-3563
C02005,ปิยะ,ชาย,25-34,B05,2026-07-03,084-xxx-6426
C02006,ทิพย์,ชาย,35-44,B05,2025-12-31,081-xxx-4965
C02007,เกศ,หญิง,25-34,B01,2026-03-10,089-xxx-5861
C02008,พิม,ชาย,18-24,B04,2026-04-08,086-xxx-7358
C02009,อัญชลี,หญิง,25-34,B05,2025-08-07,083-xxx-5157
C02010,ศิริ,ชาย,18-24,B04,2025-05-30,089-xxx-7123
C02011,ชนา,หญิง,35-44,B02,2026-03-12,085-xxx-7213
C02012,ชนา,ชาย,25-34,B05,2026-06-06,083-xxx-6338
C02013,นภัส,หญิง,45-54,B02,2025-12-23,086-xxx-1822
C02014,ธนา,หญิง,18-24,B05,2026-04-12,089-xxx-9105
C02015,ปวีณ,หญิง,25-34,B02,2025-11-17,084-xxx-6604
C02016,นภัส,หญิง,18-24,B02,2025-06-07,085-xxx-8845
C02017,พิม,หญิง,18-24,B04,2026-01-28,085-xxx-8168
C02018,ภัทร,ชาย,18-24,B04,2025-12-10,082-xxx-6366
C02019,สุดา,ชาย,ต่ำกว่า 18,B05,2025-10-23,086-xxx-7073
C02020,นภัส,ชาย,18-24,B05,2026-08-24,083-xxx-8972
C02021,อัญชลี,ชาย,25-34,B02,2025-06-25,086-xxx-9251
C02022,ทิพย์,หญิง,25-34,B02,2025-11-18,081-xxx-7210
C02023,ธนา,ชาย,ต่ำกว่า 18,B05,2025-10-03,082-xxx-3670
C02024,เกศ,หญิง,18-24,B01,2026-07-24,086-xxx-7165
C02025,อัญชลี,ชาย,ต่ำกว่า 18,B02,2025-11-05,083-xxx-3987
C02026,ธนา,หญิง,35-44,B05,2026-04-26,083-xxx-8017
C02027,พิม,หญิง,18-24,B05,2026-03-04,084-xxx-3954
C02028,ณัฐ,ชาย,45-54,B01,2026-05-21,082-xxx-9858
C02029,ธนา,ชาย,25-34,B05,2026-05-19,084-xxx-8150
C02030,ทิพย์,หญิง,35-44,B03,2026-09-08,082-xxx-9188
C02031,ณัฐ,ชาย,35-44,B05,2026-06-15,086-xxx-5653
C02032,รัตนา,หญิง,35-44,B01,2026-06-15,088-xxx-6930
C02033,กิตติ,หญิง,25-34,B01,2026-05-31,083-xxx-7405
C02034,รัตนา,ชาย,25-34,B05,2026-05-20,082-xxx-5167
C02035,ศิริ,หญิง,18-24,B02,2026-08-17,087-xxx-8186
C02036,ธนา,หญิง,18-24,B01,2026-02-14,087-xxx-6354
C02037,ธนา,หญิง,25-34,B05,2025-05-21,086-xxx-8728
C02038,มานพ,ชาย,45-54,B05,2026-07-20,087-xxx-7912
C02039,ณัฐ,หญิง,18-24,B04,2025-04-12,085-xxx-4536
C02040,ธนา,ชาย,45-54,B01,2025-04-02,085-xxx-3451
C02041,วีระ,ชาย,25-34,B03,2026-01-18,084-xxx-2272
C02042,กมล,หญิง,55+,B04,2025-09-01,087-xxx-7454
C02043,จิรา,หญิง,45-54,B01,2025-12-06,084-xxx-1074
C02044,ณัฐ,หญิง,18-24,B05,2025-08-10,089-xxx-1272
C02045,อรุณ,หญิง,35-44,B01,2025-06-14,083-xxx-9915
C02046,ภัทร,หญิง,45-54,B04,2026-06-02,087-xxx-7666
C02047,ศิริ,ชาย,25-34,B02,2026-05-28,086-xxx-9146
C02048,มานพ,หญิง,25-34,B05,2025-04-07,081-xxx-8826
C02049,อรุณ,ชาย,35-44,B03,2026-02-13,085-xxx-4250
C02050,วรรณ,ชาย,25-34,B05,2026-08-31,089-xxx-9001
C02051,ณัฐ,หญิง,35-44,B01,2025-11-13,085-xxx-7815
C02052,สุดา,ชาย,18-24,B03,2026-01-08,084-xxx-2529
C02053,จิรา,ชาย,45-54,B02,2026-05-19,086-xxx-3392
C02054,ณัฐ,หญิง,18-24,B04,2026-01-06,085-xxx-3973
C02055,อรุณ,หญิง,25-34,B02,2025-12-28,087-xxx-5464
C02056,ณัฐ,หญิง,35-44,B02,2025-05-14,089-xxx-2821
C02057,ภูมิ,ชาย,25-34,B02,2025-04-15,086-xxx-2207
C02058,ปิยะ,หญิง,45-54,B03,2025-12-15,089-xxx-9171
C02059,ปิยะ,หญิง,25-34,B04,2026-09-11,083-xxx-7455
C02060,มานพ,ไม่ระบุ,18-24,B04,2025-08-27,085-xxx-9766
C02061,จิรา,ชาย,35-44,B01,2025-06-08,084-xxx-3225
C02062,ทิพย์,หญิง,35-44,B05,2026-04-07,087-xxx-8200
C02063,ปิยะ,ชาย,18-24,B05,2025-09-20,089-xxx-4567
C02064,ทิพย์,ชาย,18-24,B04,2025-04-19,083-xxx-6226
C02065,กมล,ชาย,25-34,B05,2025-06-03,089-xxx-8080
C02066,ธีร,หญิง,25-34,B01,2026-05-18,082-xxx-9374
C02067,ทิพย์,ชาย,45-54,B05,2025-10-11,081-xxx-6637
C02068,นภัส,ชาย,45-54,B02,2025-11-17,089-xxx-1256
C02069,พิม,หญิง,25-34,B01,2025-04-15,088-xxx-9131
C02070,กมล,หญิง,55+,B02,2025-11-19,083-xxx-7994
C02071,ภูมิ,หญิง,25-34,B05,2026-06-05,089-xxx-5088
C02072,นภัส,หญิง,25-34,B03,2026-03-11,084-xxx-5213
C02073,วรรณ,หญิง,18-24,B05,2025-11-22,086-xxx-2887
C02074,สุดา,หญิง,18-24,B03,2025-11-12,087-xxx-3216
C02075,พิม,ชาย,18-24,B04,2026-02-16,082-xxx-7907
C02076,พิม,ชาย,ต่ำกว่า 18,B05,2025-12-03,089-xxx-4319
C02077,ธนา,หญิง,18-24,B04,2025-12-06,088-xxx-4575
C02078,ปวีณ,หญิง,55+,B02,2026-08-07,086-xxx-3783
C02079,ธนา,ชาย,18-24,B03,2026-06-06,084-xxx-2091
C02080,วรรณ,หญิง,45-54,B05,2026-03-15,084-xxx-4029
C02081,ปิยะ,หญิง,45-54,B02,2026-08-01,084-xxx-2701
C02082,วรรณ,หญิง,25-34,B02,2026-01-24,085-xxx-5702
C02083,ณัฐ,หญิง,25-34,B01,2026-08-09,087-xxx-5669
C02084,ณัฐ,หญิง,35-44,B01,2026-02-15,089-xxx-9344
C02085,ภูมิ,หญิง,18-24,B01,2025-06-02,083-xxx-3286
C02086,ธนา,ชาย,18-24,B01,2025-10-15,088-xxx-3037
C02087,รัตนา,หญิง,ต่ำกว่า 18,B03,2026-07-20,085-xxx-2711
C02088,อรุณ,ชาย,18-24,B04,2025-05-31,084-xxx-5534
C02089,ธนา,หญิง,25-34,B02,2025-04-11,084-xxx-5507
C02090,ธนา,ชาย,18-24,B04,2026-03-18,088-xxx-1096
C02091,ภูมิ,ชาย,45-54,B05,2025-12-01,083-xxx-7429
C02092,ปวีณ,ชาย,35-44,B01,2025-06-27,086-xxx-5030
C02093,นภัส,ชาย,25-34,B04,2025-04-26,089-xxx-1952
C02094,อรุณ,หญิง,35-44,B01,2026-07-16,088-xxx-5887
C02095,จิรา,หญิง,35-44,B02,2026-06-14,088-xxx-8884
C02096,พิม,ไม่ระบุ,35-44,B05,2026-07-07,085-xxx-4922
C02097,ธีร,หญิง,55+,B02,2026-06-09,085-xxx-9736
C02098,มานพ,หญิง,18-24,B02,2025-05-15,087-xxx-1627
C02099,กมล,ชาย,25-34,B02,2026-03-06,086-xxx-8056
C02100,กิตติ,หญิง,25-34,B05,2025-06-15,086-xxx-5790
C02101,สุดา,หญิง,ต่ำกว่า 18,B04,2025-06-15,087-xxx-6650
C02102,ปวีณ,หญิง,35-44,B04,2026-05-10,087-xxx-7035
C02103,วีระ,หญิง,18-24,B05,2025-06-22,083-xxx-1681
C02104,วรรณ,ชาย,18-24,B04,2026-06-07,089-xxx-3653
C02105,ณัฐ,หญิง,35-44,B04,2026-08-16,088-xxx-1282
C02106,พิม,ชาย,45-54,B04,2026-08-25,087-xxx-8473
C02107,ศิริ,ชาย,35-44,B01,2026-06-03,084-xxx-6295
C02108,ธีร,หญิง,45-54,B05,2026-05-05,088-xxx-6242
C02109,จิรา,ชาย,25-34,B01,2026-08-27,081-xxx-5910
C02110,ณัฐ,ชาย,25-34,B05,2025-12-04,087-xxx-1145
C02111,ปิยะ,ชาย,18-24,B01,2025-08-11,088-xxx-3526
C02112,ทิพย์,ชาย,18-24,B02,2025-09-20,087-xxx-5395
C02113,พิม,ชาย,18-24,B01,2025-08-11,081-xxx-2374
C02114,ศิริ,หญิง,18-24,B04,2025-06-16,081-xxx-3926
C02115,ภัทร,ชาย,45-54,B04,2025-09-09,089-xxx-7088
C02116,จิรา,หญิง,ต่ำกว่า 18,B05,2025-08-20,088-xxx-2967
C02117,มานพ,หญิง,25-34,B02,2026-05-01,083-xxx-6824
C02118,ธนา,หญิง,55+,B03,2026-07-14,089-xxx-1783
C02119,กิตติ,หญิง,45-54,B01,2026-04-04,089-xxx-2894
C02120,มานพ,ไม่ระบุ,18-24,B02,2026-08-25,084-xxx-2443
C02121,ภัทร,หญิง,35-44,B03,2025-11-26,082-xxx-1749
C02122,เกศ,หญิง,45-54,B05,2026-02-04,083-xxx-2731
C02123,ปวีณ,ชาย,18-24,B01,2026-07-16,084-xxx-3030
C02124,วีระ,ชาย,18-24,B02,2025-09-29,086-xxx-7498
C02125,ทิพย์,หญิง,35-44,B01,2026-04-18,084-xxx-6176
C02126,ภัทร,ชาย,35-44,B02,2025-05-18,087-xxx-4262
C02127,ปวีณ,หญิง,45-54,B01,2026-06-15,086-xxx-4821
C02128,อรุณ,ชาย,25-34,B01,2026-05-16,089-xxx-9779
C02129,ภัทร,หญิง,18-24,B05,2026-03-08,087-xxx-3222
C02130,ปิยะ,หญิง,55+,B01,2025-05-17,085-xxx-5140
C02131,พิม,ไม่ระบุ,18-24,B01,2025-04-13,086-xxx-6022
C02132,เกศ,ไม่ระบุ,35-44,B03,2026-01-30,089-xxx-2197
C02133,อรุณ,ชาย,45-54,B05,2025-08-13,081-xxx-5016
C02134,อรุณ,หญิง,25-34,B02,2025-08-12,086-xxx-2227
C02135,มานพ,ชาย,25-34,B05,2026-08-07,086-xxx-2540
C02136,ณัฐ,หญิง,18-24,B03,2026-04-15,089-xxx-4458
C02137,ศิริ,หญิง,18-24,B02,2026-08-17,082-xxx-1725
C02138,มานพ,หญิง,18-24,B05,2025-05-15,086-xxx-2400
C02139,สมชาย,หญิง,35-44,B02,2026-04-24,084-xxx-5267
C02140,กมล,หญิง,18-24,B01,2025-08-07,087-xxx-6870
C02141,ปิยะ,หญิง,25-34,B02,2025-07-19,082-xxx-2202
C02142,ธีร,หญิง,25-34,B01,2026-08-14,088-xxx-6564
C02143,กมล,ชาย,45-54,B01,2026-05-16,089-xxx-2612
C02144,สุดา,ชาย,25-34,B01,2026-06-14,087-xxx-9960
C02145,อัญชลี,ชาย,25-34,B01,2026-05-17,089-xxx-7202
C02146,กมล,ชาย,35-44,B02,2025-08-02,082-xxx-4443
C02147,ศิริ,หญิง,18-24,B03,2026-08-08,084-xxx-7342
C02148,วีระ,ไม่ระบุ,35-44,B04,2026-07-05,082-xxx-4553
C02149,ภัทร,ชาย,18-24,B05,2026-06-03,088-xxx-3154
C02150,ภัทร,หญิง,18-24,B01,2025-04-21,082-xxx-9358
C02151,กมล,ชาย,55+,B01,2026-09-13,088-xxx-7989
C02152,ภูมิ,หญิง,25-34,B02,2026-07-27,084-xxx-5468
C02153,มานพ,หญิง,25-34,B05,2026-04-12,086-xxx-8001
C02154,ธนา,หญิง,18-24,B02,2026-04-08,089-xxx-8541
C02155,สมชาย,หญิง,18-24,B03,2026-04-13,084-xxx-2003
C02156,นภัส,หญิง,45-54,B01,2025-08-30,086-xxx-3913
C02157,มานพ,ไม่ระบุ,45-54,B05,2026-05-27,082-xxx-4704
C02158,กิตติ,ชาย,25-34,B04,2025-07-15,086-xxx-4247
C02159,กิตติ,หญิง,18-24,B03,2026-02-24,089-xxx-3665
C02160,ชนา,ชาย,55+,B02,2025-11-09,089-xxx-8328
C02161,อัญชลี,หญิง,35-44,B05,2026-03-03,083-xxx-8468
C02162,กิตติ,หญิง,18-24,B05,2025-09-14,087-xxx-9773
C02163,ณัฐ,หญิง,35-44,B04,2025-10-28,083-xxx-1414
C02164,ธีร,หญิง,25-34,B03,2026-08-22,082-xxx-3817
C02165,นภัส,ชาย,ต่ำกว่า 18,B05,2026-09-06,084-xxx-3852
C02166,วรรณ,ชาย,18-24,B05,2025-12-21,083-xxx-5871
C02167,กิตติ,หญิง,25-34,B01,2026-04-01,085-xxx-1069
C02168,กมล,หญิง,25-34,B05,2025-10-27,083-xxx-7695
C02169,นภัส,หญิง,55+,B04,2026-05-31,088-xxx-8085
C02170,มานพ,หญิง,25-34,B05,2026-04-23,081-xxx-1176
C02171,ธีร,หญิง,25-34,B03,2025-11-13,088-xxx-8496
C02172,ปิยะ,ชาย,45-54,B05,2025-09-17,088-xxx-7144
C02173,ศิริ,หญิง,25-34,B04,2025-12-10,087-xxx-4087
C02174,กิตติ,ชาย,25-34,B03,2026-04-10,082-xxx-1388
C02175,วีระ,หญิง,18-24,B05,2025-06-23,087-xxx-5775
C02176,จิรา,หญิง,35-44,B01,2026-05-02,081-xxx-4157
C02177,อรุณ,ชาย,35-44,B02,2025-06-25,081-xxx-7130
C02178,ชนา,ชาย,25-34,B04,2025-09-22,087-xxx-3196
C02179,อัญชลี,หญิง,25-34,B01,2025-06-24,081-xxx-5843
C02180,เกศ,หญิง,25-34,B02,2025-09-10,082-xxx-7339
C02181,พิม,ชาย,35-44,B03,2026-05-13,085-xxx-5665
C02182,ศิริ,หญิง,35-44,B05,2026-03-31,082-xxx-8524
C02183,ชนา,หญิง,45-54,B04,2026-05-27,088-xxx-9312
C02184,กมล,หญิง,25-34,B05,2025-12-22,089-xxx-5062
C02185,จิรา,หญิง,35-44,B05,2025-07-08,088-xxx-6227
C02186,สมชาย,ชาย,25-34,B04,2025-09-23,088-xxx-1516
C02187,สมชาย,ชาย,35-44,B04,2026-09-07,083-xxx-6770
C02188,ทิพย์,ชาย,25-34,B02,2026-05-12,082-xxx-5657
C02189,ปวีณ,หญิง,25-34,B05,2025-07-28,084-xxx-2943
C02190,นภัส,ชาย,25-34,B01,2025-06-17,087-xxx-8333
C02191,ชนา,ชาย,25-34,B04,2026-04-01,083-xxx-1052
C02192,วรรณ,ชาย,18-24,B01,2025-07-16,084-xxx-4524
C02193,เกศ,ไม่ระบุ,45-54,B03,2026-06-06,089-xxx-1611
C02194,ธีร,หญิง,25-34,B05,2025-10-02,084-xxx-7771
C02195,นภัส,หญิง,45-54,B05,2025-05-21,085-xxx-7150
C02196,ศิริ,ชาย,35-44,B02,2026-04-08,081-xxx-3497
C02197,ปิยะ,หญิง,35-44,B04,2026-03-25,083-xxx-3402
C02198,ปวีณ,ชาย,25-34,B01,2025-06-04,083-xxx-2396
C02199,วีระ,ชาย,35-44,B05,2026-05-21,084-xxx-5831
C02200,ธนา,ชาย,35-44,B05,2025-08-27,086-xxx-5349
C02201,สมชาย,หญิง,25-34,B05,2025-12-17,083-xxx-7845
C02202,ภัทร,ชาย,ต่ำกว่า 18,B04,2026-01-20,084-xxx-1565
C02203,ปวีณ,หญิง,25-34,B03,2025-11-13,081-xxx-3260
C02204,ธนา,หญิง,25-34,B02,2025-04-01,085-xxx-3373
C02205,ปิยะ,ชาย,55+,B02,2025-09-27,084-xxx-9156
C02206,เกศ,หญิง,25-34,B01,2026-03-07,085-xxx-2155
C02207,ทิพย์,ชาย,35-44,B02,2025-04-14,081-xxx-4308
C02208,ศิริ,หญิง,18-24,B03,2026-03-16,088-xxx-1259
C02209,ทิพย์,หญิง,55+,B04,2025-06-11,089-xxx-8534
C02210,เกศ,ชาย,55+,B04,2026-04-26,087-xxx-9071
C02211,ภูมิ,ชาย,25-34,B05,2026-03-17,083-xxx-2411
C02212,ศิริ,หญิง,55+,B04,2026-06-04,081-xxx-7638
C02213,รัตนา,หญิง,25-34,B04,2026-06-28,085-xxx-6259
C02214,ศิริ,หญิง,ต่ำกว่า 18,B03,2026-07-29,087-xxx-3597
C02215,ธนา,หญิง,45-54,B02,2025-05-16,087-xxx-6322
C02216,เกศ,หญิง,18-24,B04,2026-03-26,085-xxx-7239
C02217,ภูมิ,ชาย,25-34,B05,2025-07-07,081-xxx-3264
C02218,ศิริ,ชาย,45-54,B05,2025-10-02,087-xxx-3835
C02219,นภัส,หญิง,18-24,B02,2026-09-08,087-xxx-2577
C02220,ปวีณ,หญิง,25-34,B04,2025-11-17,084-xxx-1286
C02221,ปิยะ,หญิง,25-34,B01,2026-04-07,086-xxx-1789
C02222,วรรณ,หญิง,25-34,B02,2026-08-25,087-xxx-9979
C02223,จิรา,ชาย,25-34,B03,2026-08-05,086-xxx-8553
C02224,ทิพย์,หญิง,25-34,B05,2025-12-14,087-xxx-4221
C02225,ธนา,หญิง,25-34,B05,2025-07-23,088-xxx-6044
C02226,สมชาย,ชาย,35-44,B01,2026-05-25,089-xxx-3064
C02227,ภัทร,ชาย,55+,B05,2025-11-23,084-xxx-3260
C02228,รัตนา,หญิง,45-54,B05,2026-01-08,084-xxx-5853
C02229,ทิพย์,หญิง,25-34,B05,2026-06-14,086-xxx-7038
C02230,สุดา,หญิง,18-24,B02,2026-03-16,085-xxx-4984
C02231,ณัฐ,ชาย,25-34,B04,2026-07-08,082-xxx-6980
C02232,นภัส,หญิง,35-44,B04,2026-03-10,084-xxx-5885
C02233,ณัฐ,หญิง,35-44,B03,2026-03-23,089-xxx-9703
C02234,รัตนา,ชาย,18-24,B01,2025-10-28,085-xxx-1874
C02235,กมล,หญิง,55+,B02,2025-08-15,087-xxx-2333
C02236,อัญชลี,หญิง,25-34,B05,2025-10-06,082-xxx-4498
C02237,ปิยะ,หญิง,18-24,B02,2025-07-27,086-xxx-4358
C02238,วีระ,หญิง,25-34,B01,2026-04-18,088-xxx-7260
C02239,สมชาย,หญิง,25-34,B01,2025-12-31,088-xxx-7151
C02240,อัญชลี,ชาย,35-44,B04,2025-06-02,084-xxx-7249
C02241,จิรา,ชาย,35-44,B05,2026-01-03,081-xxx-5544
C02242,ธนา,ไม่ระบุ,45-54,B01,2026-07-05,088-xxx-1194
C02243,ภูมิ,หญิง,35-44,B02,2025-07-28,081-xxx-8912
C02244,กมล,ไม่ระบุ,55+,B02,2025-05-04,086-xxx-9965
C02245,กิตติ,ชาย,18-24,B02,2026-09-03,085-xxx-1660
C02246,กมล,หญิง,25-34,B01,2026-01-12,083-xxx-9260
C02247,จิรา,ชาย,25-34,B05,2026-03-16,083-xxx-4319
C02248,อัญชลี,ชาย,35-44,B02,2026-03-15,081-xxx-4308
C02249,ณัฐ,หญิง,35-44,B04,2025-05-29,082-xxx-5093
C02250,กมล,ชาย,25-34,B05,2025-08-24,086-xxx-6113
C02251,วรรณ,ชาย,35-44,B02,2026-01-31,081-xxx-9881
C02252,วรรณ,หญิง,25-34,B01,2025-09-17,086-xxx-1526
C02253,เกศ,ชาย,45-54,B05,2026-01-28,089-xxx-2773
C02254,รัตนา,หญิง,25-34,B05,2026-01-23,089-xxx-7522
C02255,ศิริ,หญิง,25-34,B01,2025-08-20,083-xxx-7272
C02256,กิตติ,หญิง,25-34,B02,2025-09-29,082-xxx-5978
C02257,ปวีณ,หญิง,25-34,B05,2026-01-04,084-xxx-6300
C02258,นภัส,หญิง,25-34,B01,2026-01-03,083-xxx-6295
C02259,วีระ,หญิง,35-44,B03,2025-11-29,086-xxx-9768
C02260,สุดา,หญิง,25-34,B03,2025-12-29,089-xxx-3340
C02261,เกศ,หญิง,25-34,B02,2025-04-10,082-xxx-1753
C02262,ธีร,หญิง,18-24,B05,2025-04-26,087-xxx-7520
C02263,เกศ,ชาย,35-44,B03,2026-06-30,081-xxx-9821
C02264,อรุณ,ชาย,55+,B05,2025-11-17,087-xxx-1832
C02265,รัตนา,หญิง,35-44,B04,2026-04-13,083-xxx-3066
C02266,มานพ,หญิง,45-54,B02,2026-08-22,087-xxx-2695
C02267,ปิยะ,ชาย,25-34,B01,2025-05-04,082-xxx-5499
C02268,ศิริ,หญิง,45-54,B04,2025-09-21,088-xxx-4182
C02269,จิรา,ชาย,18-24,B02,2026-03-28,086-xxx-2639
C02270,นภัส,ชาย,55+,B03,2026-01-13,086-xxx-4680
C02271,ทิพย์,ชาย,45-54,B01,2025-09-07,083-xxx-2390
C02272,ณัฐ,ไม่ระบุ,55+,B05,2025-07-15,089-xxx-8833
C02273,รัตนา,หญิง,25-34,B05,2025-08-07,087-xxx-9970
C02274,ปิยะ,หญิง,ต่ำกว่า 18,B05,2025-07-27,081-xxx-1816
C02275,ศิริ,ไม่ระบุ,35-44,B04,2026-01-26,086-xxx-7092
C02276,กมล,ชาย,18-24,B01,2026-08-17,084-xxx-2691
C02277,ทิพย์,หญิง,35-44,B05,2026-08-24,084-xxx-2819
C02278,วีระ,ชาย,25-34,B01,2026-05-14,087-xxx-5492
C02279,นภัส,ชาย,18-24,B02,2026-07-14,088-xxx-8893
C02280,รัตนา,ชาย,25-34,B02,2025-09-15,084-xxx-1434
C02281,กมล,หญิง,18-24,B03,2026-03-08,084-xxx-9547
C02282,ปวีณ,หญิง,25-34,B02,2025-05-08,082-xxx-4357
C02283,กมล,ชาย,18-24,B02,2025-12-28,082-xxx-6913
C02284,อรุณ,หญิง,18-24,B04,2025-04-18,089-xxx-1389
C02285,ปิยะ,ชาย,ต่ำกว่า 18,B03,2025-11-01,087-xxx-6734
C02286,สุดา,ชาย,35-44,B01,2025-07-02,081-xxx-3078
C02287,นภัส,ชาย,35-44,B01,2026-04-11,082-xxx-3706
C02288,ณัฐ,หญิง,25-34,B01,2026-08-09,084-xxx-4975
C02289,จิรา,ชาย,25-34,B05,2026-06-03,089-xxx-6549
C02290,ณัฐ,ชาย,35-44,B02,2025-04-13,083-xxx-6792
C02291,ธนา,หญิง,55+,B05,2026-07-05,084-xxx-8292
C02292,ปวีณ,หญิง,45-54,B03,2026-02-27,084-xxx-2022
C02293,ศิริ,ชาย,25-34,B03,2026-03-28,085-xxx-4015
C02294,อรุณ,หญิง,55+,B01,2025-05-24,084-xxx-6990
C02295,อัญชลี,หญิง,35-44,B01,2026-06-13,083-xxx-4382
C02296,นภัส,หญิง,25-34,B03,2026-02-02,083-xxx-9170
C02297,ทิพย์,ชาย,35-44,B01,2026-01-31,081-xxx-9597
C02298,วีระ,ชาย,35-44,B05,2026-05-22,081-xxx-9073
C02299,นภัส,ชาย,55+,B04,2025-09-12,088-xxx-8137
C02300,ภัทร,หญิง,25-34,B01,2025-09-15,086-xxx-7124
C02301,กิตติ,หญิง,25-34,B02,2026-04-09,088-xxx-7052
C02302,อรุณ,ชาย,ต่ำกว่า 18,B04,2025-08-16,086-xxx-1722
C02303,ชนา,ชาย,25-34,B04,2025-12-15,089-xxx-2714
C02304,วรรณ,ชาย,18-24,B04,2026-02-12,082-xxx-9312
C02305,ศิริ,หญิง,35-44,B05,2025-06-17,088-xxx-5894
C02306,มานพ,หญิง,45-54,B01,2026-03-24,083-xxx-7349
C02307,ภูมิ,ชาย,45-54,B05,2025-04-27,083-xxx-4269
C02308,นภัส,หญิง,18-24,B03,2026-01-12,082-xxx-1494
C02309,กิตติ,หญิง,25-34,B05,2025-06-27,085-xxx-3028
C02310,กิตติ,หญิง,35-44,B01,2025-07-13,089-xxx-5574
C02311,ณัฐ,ชาย,18-24,B01,2025-06-23,081-xxx-2060
C02312,พิม,หญิง,25-34,B05,2026-01-29,084-xxx-9358
C02313,อรุณ,ชาย,25-34,B04,2025-07-02,086-xxx-1517
C02314,เกศ,หญิง,18-24,B02,2026-02-28,082-xxx-4989
C02315,สุดา,ชาย,25-34,B02,2026-03-16,084-xxx-6577
C02316,กมล,ไม่ระบุ,45-54,B05,2025-05-30,082-xxx-9605
C02317,ณัฐ,หญิง,18-24,B04,2025-05-04,084-xxx-8225
C02318,เกศ,หญิง,55+,B04,2026-04-05,086-xxx-2064
C02319,ทิพย์,หญิง,35-44,B05,2026-04-01,087-xxx-6082
C02320,ณัฐ,ชาย,55+,B05,2025-06-23,081-xxx-7178
C02321,ธีร,ชาย,25-34,B03,2026-05-06,089-xxx-1255
C02322,อรุณ,หญิง,35-44,B05,2025-05-25,086-xxx-9381
C02323,เกศ,หญิง,45-54,B04,2025-11-05,088-xxx-6124
C02324,มานพ,หญิง,18-24,B03,2026-06-24,088-xxx-6284
C02325,พิม,หญิง,45-54,B01,2025-11-01,089-xxx-8452
C02326,เกศ,ชาย,18-24,B04,2026-02-17,088-xxx-6990
C02327,ทิพย์,หญิง,35-44,B04,2026-06-29,081-xxx-8179
C02328,มานพ,ชาย,25-34,B01,2025-09-09,089-xxx-3346
C02329,พิม,หญิง,55+,B05,2026-04-11,083-xxx-9405
C02330,รัตนา,หญิง,25-34,B05,2025-04-04,087-xxx-9704
C02331,กมล,ชาย,35-44,B05,2026-03-13,082-xxx-5010
C02332,ปวีณ,ชาย,25-34,B03,2026-02-02,081-xxx-2882
C02333,ชนา,ชาย,25-34,B05,2025-11-11,089-xxx-5909
C02334,วรรณ,ชาย,35-44,B01,2026-04-03,085-xxx-9424
C02335,วรรณ,ไม่ระบุ,18-24,B05,2025-07-03,082-xxx-8587
C02336,รัตนา,ชาย,18-24,B01,2025-04-17,087-xxx-9622
C02337,สุดา,ชาย,25-34,B02,2026-01-05,084-xxx-1106
C02338,พิม,หญิง,35-44,B01,2026-08-25,087-xxx-4701
C02339,ธีร,หญิง,25-34,B02,2025-12-08,082-xxx-3607
C02340,กิตติ,หญิง,18-24,B01,2026-01-06,082-xxx-3457
C02341,อัญชลี,หญิง,45-54,B03,2026-06-04,088-xxx-3207
C02342,สุดา,ชาย,25-34,B02,2026-04-16,087-xxx-4076
C02343,ณัฐ,หญิง,18-24,B03,2026-03-13,082-xxx-7135
C02344,ภัทร,ชาย,35-44,B04,2025-08-23,088-xxx-7980
C02345,อัญชลี,ไม่ระบุ,35-44,B01,2026-06-14,087-xxx-2615
C02346,รัตนา,หญิง,18-24,B05,2025-11-06,081-xxx-6912
C02347,ธีร,ชาย,35-44,B02,2025-12-28,081-xxx-7043
C02348,อัญชลี,หญิง,25-34,B03,2026-01-01,084-xxx-9536
C02349,ธนา,หญิง,25-34,B05,2025-04-09,081-xxx-3701
C02350,กมล,หญิง,35-44,B02,2026-01-05,089-xxx-8013
C02351,กิตติ,หญิง,25-34,B05,2025-05-30,082-xxx-3621
C02352,ชนา,หญิง,35-44,B05,2026-09-13,087-xxx-1890
C02353,อรุณ,หญิง,55+,B05,2026-08-12,082-xxx-2375
C02354,กมล,ชาย,18-24,B05,2025-07-27,083-xxx-1825
C02355,นภัส,ชาย,18-24,B05,2026-07-24,083-xxx-3428
C02356,พิม,ไม่ระบุ,35-44,B01,2025-07-28,086-xxx-7627
C02357,ณัฐ,ชาย,35-44,B05,2026-06-25,088-xxx-6908
C02358,อรุณ,ชาย,18-24,B01,2025-04-07,086-xxx-9585
C02359,รัตนา,ชาย,25-34,B01,2025-08-14,086-xxx-2440
C02360,ธนา,ชาย,25-34,B01,2026-02-27,088-xxx-1215
C02361,ศิริ,หญิง,45-54,B05,2025-11-09,087-xxx-1283
C02362,ปวีณ,ชาย,35-44,B01,2025-07-18,082-xxx-7086
C02363,สุดา,ชาย,55+,B02,2025-11-30,086-xxx-2766
C02364,ธนา,ชาย,25-34,B01,2025-06-23,088-xxx-2370
C02365,ปวีณ,หญิง,35-44,B04,2026-06-21,082-xxx-7868
C02366,กมล,ชาย,45-54,B03,2026-01-25,086-xxx-6634
C02367,สุดา,หญิง,25-34,B04,2026-05-21,086-xxx-6102
C02368,ปวีณ,หญิง,45-54,B04,2025-11-17,081-xxx-8378
C02369,ธนา,ชาย,25-34,B01,2026-05-21,088-xxx-9836
C02370,สุดา,หญิง,25-34,B03,2026-01-31,081-xxx-3274
C02371,ทิพย์,หญิง,18-24,B05,2025-06-10,087-xxx-7881
C02372,กมล,หญิง,18-24,B05,2025-05-18,087-xxx-8911
C02373,พิม,หญิง,25-34,B04,2025-05-09,086-xxx-2414
C02374,ชนา,ชาย,35-44,B05,2025-12-18,087-xxx-8213
C02375,อัญชลี,ชาย,45-54,B04,2026-04-07,089-xxx-1830
C02376,ศิริ,หญิง,45-54,B05,2026-07-06,085-xxx-1582
C02377,ภัทร,หญิง,18-24,B02,2025-10-23,087-xxx-6594
C02378,รัตนา,ชาย,45-54,B03,2026-07-10,087-xxx-3792
C02379,ชนา,หญิง,35-44,B01,2026-06-13,087-xxx-2760
C02380,กมล,ชาย,45-54,B02,2026-03-08,081-xxx-6903
C02381,ปิยะ,ชาย,18-24,B01,2026-03-15,084-xxx-4000
C02382,อรุณ,ชาย,25-34,B03,2026-03-01,082-xxx-2512
C02383,ภูมิ,ชาย,18-24,B01,2026-04-28,088-xxx-4841
C02384,กมล,ชาย,18-24,B01,2026-06-19,083-xxx-8136
C02385,วีระ,หญิง,35-44,B03,2026-05-13,087-xxx-5576
C02386,ธนา,ชาย,35-44,B03,2026-05-21,084-xxx-2173
C02387,ปิยะ,หญิง,45-54,B05,2025-04-17,084-xxx-6679
C02388,ศิริ,หญิง,55+,B05,2025-06-01,082-xxx-1586
C02389,อรุณ,ชาย,18-24,B03,2026-04-29,086-xxx-1943
C02390,ปิยะ,หญิง,18-24,B04,2026-05-29,084-xxx-2701
C02391,นภัส,ชาย,25-34,B05,2025-12-02,085-xxx-4411
C02392,เกศ,ชาย,55+,B04,2025-12-15,088-xxx-4472
C02393,รัตนา,ชาย,55+,B01,2025-10-06,083-xxx-5883
C02394,พิม,หญิง,18-24,B03,2026-03-28,083-xxx-8407
C02395,วรรณ,ชาย,18-24,B04,2026-06-09,082-xxx-8567
C02396,สุดา,หญิง,25-34,B03,2025-11-14,083-xxx-4715
C02397,ศิริ,หญิง,45-54,B03,2026-05-05,089-xxx-4162
C02398,เกศ,หญิง,35-44,B05,2025-05-15,087-xxx-3029
C02399,กมล,ชาย,18-24,B02,2025-09-30,086-xxx-7445
C02400,เกศ,หญิง,25-34,B01,2026-07-10,085-xxx-9127
C02401,ศิริ,หญิง,18-24,B02,2026-01-06,082-xxx-9050
C02402,ปวีณ,ชาย,55+,B01,2025-10-15,085-xxx-3475
C02403,ปวีณ,หญิง,ต่ำกว่า 18,B01,2026-01-10,084-xxx-7629
C02404,อรุณ,ชาย,25-34,B04,2025-08-01,089-xxx-2167
C02405,ทิพย์,ชาย,55+,B04,2025-09-22,082-xxx-8751
C02406,ปิยะ,ชาย,35-44,B02,2025-12-19,087-xxx-1451
C02407,สมชาย,หญิง,18-24,B04,2025-12-06,088-xxx-2674
C02408,ทิพย์,ชาย,ต่ำกว่า 18,B05,2026-04-22,088-xxx-2147
C02409,นภัส,ไม่ระบุ,45-54,B05,2026-06-25,088-xxx-6771
C02410,อรุณ,หญิง,35-44,B03,2026-01-07,084-xxx-7846
C02411,มานพ,หญิง,55+,B02,2025-10-20,087-xxx-7243
C02412,อัญชลี,ชาย,45-54,B03,2026-01-06,087-xxx-1663
C02413,จิรา,หญิง,18-24,B03,2026-07-06,083-xxx-8099
C02414,มานพ,หญิง,25-34,B02,2026-06-30,086-xxx-5983
C02415,นภัส,ชาย,25-34,B05,2026-08-10,082-xxx-8328
C02416,ณัฐ,ชาย,18-24,B05,2026-01-13,085-xxx-1089
C02417,ภูมิ,หญิง,25-34,B03,2026-07-18,084-xxx-7879
C02418,ทิพย์,หญิง,55+,B03,2026-02-15,081-xxx-8873
C02419,ธนา,ชาย,35-44,B05,2025-04-20,086-xxx-5102
C02420,สุดา,หญิง,45-54,B01,2025-09-16,081-xxx-4349
C02421,ภูมิ,ชาย,25-34,B01,2025-07-10,089-xxx-4287
C02422,ปวีณ,หญิง,45-54,B03,2026-06-09,083-xxx-7396
C02423,ภูมิ,หญิง,25-34,B04,2025-10-24,087-xxx-9971
C02424,นภัส,ชาย,35-44,B05,2025-08-18,085-xxx-5826
C02425,ปิยะ,หญิง,35-44,B04,2025-10-25,089-xxx-4049
C02426,ทิพย์,ชาย,18-24,B02,2025-09-04,089-xxx-6634
C02427,กิตติ,ชาย,25-34,B01,2026-08-13,087-xxx-7597
C02428,ภูมิ,ชาย,55+,B01,2025-04-28,086-xxx-8059
C02429,สมชาย,หญิง,35-44,B02,2026-04-23,087-xxx-7267
C02430,ศิริ,ชาย,18-24,B05,2025-11-18,083-xxx-9328
C02431,ชนา,หญิง,18-24,B05,2026-08-22,088-xxx-7803
C02432,ศิริ,หญิง,ต่ำกว่า 18,B04,2025-10-13,088-xxx-8001
C02433,จิรา,หญิง,45-54,B05,2026-04-12,087-xxx-6089
C02434,ธีร,ชาย,18-24,B05,2025-06-24,086-xxx-1678
C02435,ชนา,ชาย,18-24,B05,2025-09-29,089-xxx-4729
C02436,พิม,ชาย,18-24,B03,2026-06-10,088-xxx-5773
C02437,รัตนา,ชาย,ต่ำกว่า 18,B05,2025-08-08,086-xxx-3705
C02438,ทิพย์,หญิง,18-24,B03,2025-12-05,082-xxx-9054
C02439,ปวีณ,หญิง,ต่ำกว่า 18,B01,2026-03-19,087-xxx-3004
C02440,ภัทร,หญิง,25-34,B03,2026-01-24,083-xxx-1373
C02441,รัตนา,หญิง,35-44,B05,2026-04-10,089-xxx-9920
C02442,มานพ,ชาย,35-44,B03,2025-12-29,081-xxx-5430
C02443,ภูมิ,ชาย,25-34,B04,2026-08-21,085-xxx-8928
C02444,ชนา,หญิง,18-24,B05,2026-04-14,083-xxx-7588
C02445,เกศ,หญิง,55+,B01,2026-02-15,083-xxx-7929
C02446,รัตนา,หญิง,25-34,B01,2025-04-02,088-xxx-2642
C02447,จิรา,ชาย,18-24,B03,2026-05-21,085-xxx-3438
C02448,นภัส,หญิง,35-44,B02,2026-05-11,085-xxx-6619
C02449,นภัส,หญิง,55+,B02,2026-01-24,081-xxx-2157
C02450,ณัฐ,หญิง,45-54,B02,2025-10-09,086-xxx-3404
C02451,ชนา,ชาย,25-34,B05,2026-04-09,083-xxx-3415
C02452,เกศ,หญิง,18-24,B05,2025-12-12,087-xxx-6842
C02453,จิรา,หญิง,45-54,B02,2026-06-13,083-xxx-1902
C02454,พิม,หญิง,25-34,B03,2026-04-23,087-xxx-1165
C02455,วรรณ,หญิง,45-54,B02,2026-05-31,084-xxx-8295
C02456,ภัทร,ชาย,35-44,B01,2025-09-21,084-xxx-3785
C02457,วรรณ,หญิง,35-44,B03,2026-09-01,087-xxx-7886
C02458,นภัส,หญิง,45-54,B02,2026-03-16,083-xxx-5576
C02459,เกศ,หญิง,45-54,B05,2026-07-29,088-xxx-3180
C02460,ณัฐ,หญิง,55+,B01,2026-02-03,084-xxx-5183
C02461,สมชาย,ชาย,18-24,B04,2025-07-28,082-xxx-6494
C02462,สุดา,หญิง,35-44,B01,2026-04-20,088-xxx-4738
C02463,กิตติ,ชาย,ต่ำกว่า 18,B04,2026-02-03,085-xxx-4175
C02464,ธนา,ชาย,45-54,B04,2025-11-27,089-xxx-7818
C02465,ภูมิ,หญิง,35-44,B02,2026-08-23,083-xxx-3554
C02466,วีระ,หญิง,25-34,B01,2025-12-31,081-xxx-2925
C02467,นภัส,หญิง,18-24,B02,2026-05-02,081-xxx-2289
C02468,สุดา,หญิง,25-34,B02,2026-08-20,084-xxx-6955
C02469,จิรา,หญิง,18-24,B05,2026-07-05,083-xxx-9877
C02470,ธนา,ชาย,45-54,B01,2026-07-14,086-xxx-2679
C02471,วีระ,หญิง,25-34,B03,2026-07-06,086-xxx-6841
C02472,ธีร,ชาย,18-24,B05,2026-08-14,086-xxx-8459
C02473,ณัฐ,หญิง,25-34,B04,2026-01-20,089-xxx-3668
C02474,กิตติ,ชาย,18-24,B05,2025-11-25,089-xxx-7752
C02475,ธีร,ชาย,35-44,B01,2026-08-06,087-xxx-2446
C02476,ชนา,ชาย,35-44,B02,2026-05-03,087-xxx-2667
C02477,ทิพย์,หญิง,ต่ำกว่า 18,B01,2025-06-22,083-xxx-6492
C02478,วรรณ,ชาย,25-34,B04,2025-12-03,085-xxx-6885
C02479,วรรณ,ชาย,18-24,B05,2026-06-09,089-xxx-6138
C02480,อรุณ,หญิง,35-44,B01,2025-07-01,084-xxx-7813
C02481,ปิยะ,หญิง,25-34,B04,2026-01-19,083-xxx-3164
C02482,จิรา,หญิง,18-24,B04,2025-07-11,088-xxx-4262
C02483,สมชาย,หญิง,18-24,B01,2026-03-12,082-xxx-5945
C02484,ภัทร,หญิง,35-44,B05,2026-01-29,089-xxx-4881
C02485,ปวีณ,หญิง,55+,B05,2025-08-26,088-xxx-8522
C02486,นภัส,หญิง,18-24,B01,2025-05-29,086-xxx-2826
C02487,อัญชลี,หญิง,45-54,B02,2026-09-04,083-xxx-5083
C02488,มานพ,หญิง,25-34,B03,2026-01-13,082-xxx-3682
C02489,จิรา,หญิง,35-44,B05,2026-07-06,083-xxx-4056
C02490,กมล,หญิง,35-44,B04,2025-05-17,085-xxx-9184
C02491,ธนา,ไม่ระบุ,18-24,B01,2025-12-29,087-xxx-6324
C02492,ภัทร,หญิง,18-24,B01,2025-05-25,088-xxx-6179
C02493,ภัทร,หญิง,18-24,B05,2025-08-24,087-xxx-6141
C02494,นภัส,ไม่ระบุ,35-44,B05,2026-06-11,088-xxx-9309
C02495,ภูมิ,หญิง,18-24,B05,2026-07-24,086-xxx-2827
C02496,ชนา,ชาย,35-44,B03,2026-05-24,084-xxx-2215
C02497,ภูมิ,หญิง,25-34,B02,2026-08-14,086-xxx-7915
C02498,นภัส,ชาย,25-34,B01,2025-11-14,086-xxx-8193
C02499,ภัทร,หญิง,18-24,B02,2026-06-24,081-xxx-6749
C02500,ภูมิ,ชาย,35-44,B04,2025-07-29,083-xxx-9058
C02501,ณัฐ,หญิง,25-34,B02,2025-12-07,081-xxx-9058
C02502,วรรณ,หญิง,35-44,B03,2026-08-31,086-xxx-4924
C02503,จิรา,หญิง,25-34,B01,2025-04-20,089-xxx-1648
C02504,ปวีณ,หญิง,35-44,B01,2025-04-04,087-xxx-2785
C02505,ธนา,หญิง,ต่ำกว่า 18,B01,2026-08-05,082-xxx-2425
C02506,กิตติ,ชาย,25-34,B04,2026-09-06,086-xxx-3918
C02507,ธีร,ชาย,25-34,B03,2025-12-03,088-xxx-9257
C02508,อัญชลี,หญิง,55+,B01,2026-01-30,083-xxx-9869
C02509,วรรณ,หญิง,35-44,B05,2025-09-20,085-xxx-9228
C02510,ศิริ,ชาย,55+,B04,2025-12-27,088-xxx-4566
C02511,ธีร,หญิง,25-34,B01,2026-08-16,086-xxx-1566
C02512,นภัส,ชาย,18-24,B02,2025-12-24,086-xxx-8664
C02513,สมชาย,ชาย,25-34,B05,2026-02-26,088-xxx-5048
C02514,ธนา,ชาย,25-34,B01,2026-02-01,089-xxx-9741
C02515,มานพ,หญิง,18-24,B01,2025-09-07,085-xxx-5315
C02516,กิตติ,หญิง,25-34,B02,2026-01-25,087-xxx-6337
C02517,นภัส,หญิง,18-24,B01,2026-08-07,083-xxx-3248
C02518,ปิยะ,ไม่ระบุ,45-54,B04,2026-08-10,087-xxx-1775
C02519,วีระ,หญิง,18-24,B02,2026-06-19,086-xxx-6019
C02520,นภัส,ชาย,55+,B03,2026-05-04,083-xxx-8771
C02521,สุดา,หญิง,25-34,B04,2025-04-14,087-xxx-2111
C02522,พิม,หญิง,35-44,B02,2025-12-23,082-xxx-2519
C02523,ธีร,หญิง,25-34,B05,2025-05-03,088-xxx-8387
C02524,เกศ,ชาย,18-24,B05,2025-09-09,085-xxx-7777
C02525,ภูมิ,ไม่ระบุ,35-44,B03,2026-03-23,085-xxx-2682
C02526,อัญชลี,หญิง,25-34,B03,2026-01-26,082-xxx-8739
C02527,ณัฐ,ชาย,18-24,B01,2025-11-09,081-xxx-4012
C02528,มานพ,หญิง,35-44,B04,2025-07-06,088-xxx-1165
C02529,อัญชลี,หญิง,55+,B05,2026-05-28,085-xxx-4416
C02530,ปิยะ,หญิง,25-34,B03,2026-02-01,088-xxx-1439
C02531,ปวีณ,หญิง,35-44,B02,2025-05-20,089-xxx-8395
C02532,ณัฐ,หญิง,18-24,B01,2026-06-20,082-xxx-8948
C02533,สมชาย,ชาย,25-34,B03,2026-01-20,084-xxx-6272
C02534,วรรณ,หญิง,45-54,B01,2025-04-26,089-xxx-4472
C02535,วีระ,ชาย,25-34,B01,2025-12-12,086-xxx-3745
C02536,ธีร,ชาย,25-34,B01,2026-06-06,084-xxx-8238
C02537,ปวีณ,หญิง,18-24,B05,2026-07-26,088-xxx-1198
C02538,ปวีณ,ชาย,45-54,B04,2025-08-15,081-xxx-4703
C02539,ณัฐ,หญิง,25-34,B05,2025-12-03,082-xxx-3730
C02540,วีระ,ชาย,18-24,B03,2026-01-24,085-xxx-3913
C02541,รัตนา,ชาย,25-34,B04,2025-10-10,085-xxx-5801
C02542,อัญชลี,ชาย,55+,B03,2026-02-19,081-xxx-1343
C02543,จิรา,หญิง,18-24,B02,2025-05-18,087-xxx-9828
C02544,ธีร,ชาย,18-24,B01,2026-05-09,086-xxx-1801
C02545,วีระ,ชาย,18-24,B04,2026-05-06,085-xxx-9375
C02546,กิตติ,ชาย,18-24,B03,2026-07-24,089-xxx-9058
C02547,วรรณ,หญิง,35-44,B03,2026-06-07,089-xxx-4180
C02548,เกศ,หญิง,35-44,B05,2026-03-07,082-xxx-1298
C02549,ทิพย์,ชาย,18-24,B05,2026-07-27,081-xxx-9650
C02550,ภัทร,หญิง,55+,B02,2026-07-08,087-xxx-1476
C02551,มานพ,หญิง,25-34,B02,2026-09-13,083-xxx-7911
C02552,พิม,หญิง,55+,B03,2026-06-05,083-xxx-3699
C02553,กมล,หญิง,55+,B02,2025-09-15,082-xxx-8085
C02554,ธนา,หญิง,25-34,B02,2026-07-26,089-xxx-3505
C02555,ธนา,ชาย,25-34,B01,2026-07-19,087-xxx-9028
C02556,วีระ,หญิง,18-24,B01,2026-08-03,085-xxx-1889
C02557,ปิยะ,หญิง,55+,B04,2025-08-02,083-xxx-8479
C02558,ภัทร,ชาย,45-54,B03,2026-08-23,083-xxx-3717
C02559,มานพ,ชาย,18-24,B02,2025-11-22,082-xxx-3706
C02560,ธีร,หญิง,45-54,B04,2026-01-14,086-xxx-6293
C02561,สมชาย,ชาย,25-34,B01,2025-10-14,087-xxx-3900
C02562,ธนา,หญิง,35-44,B05,2025-08-20,089-xxx-7992
C02563,ธนา,ชาย,35-44,B01,2026-05-28,088-xxx-8105
C02564,ปวีณ,ชาย,18-24,B04,2026-01-04,085-xxx-9380
C02565,ปิยะ,หญิง,25-34,B01,2025-12-11,089-xxx-4799
C02566,ศิริ,หญิง,35-44,B05,2026-08-04,083-xxx-9586
C02567,ปวีณ,หญิง,55+,B05,2026-04-08,083-xxx-4604
C02568,ธนา,หญิง,35-44,B02,2025-07-28,082-xxx-6868
C02569,มานพ,ชาย,45-54,B02,2026-09-04,083-xxx-9950
C02570,ธนา,ชาย,18-24,B05,2026-03-01,085-xxx-7427
C02571,พิม,ชาย,25-34,B05,2026-01-23,086-xxx-6476
C02572,รัตนา,ชาย,35-44,B05,2025-11-22,084-xxx-8793
C02573,ธีร,หญิง,45-54,B02,2025-07-22,085-xxx-1176
C02574,ภัทร,หญิง,25-34,B01,2025-08-19,081-xxx-9201
C02575,ศิริ,หญิง,25-34,B04,2025-10-01,084-xxx-1266
C02576,ภัทร,หญิง,18-24,B04,2025-07-28,083-xxx-3364
C02577,ปิยะ,หญิง,35-44,B01,2025-08-13,083-xxx-1809
C02578,ชนา,ชาย,18-24,B03,2026-07-13,088-xxx-7836
C02579,ภูมิ,หญิง,25-34,B02,2025-07-08,081-xxx-4791
C02580,ปวีณ,ชาย,35-44,B03,2026-05-27,083-xxx-4038
C02581,มานพ,ชาย,25-34,B03,2026-06-13,083-xxx-7961
C02582,ปิยะ,หญิง,25-34,B03,2026-01-29,086-xxx-5995
C02583,ศิริ,ชาย,18-24,B03,2026-06-18,087-xxx-5995
C02584,ณัฐ,ชาย,35-44,B03,2026-06-19,081-xxx-5060
C02585,ทิพย์,หญิง,35-44,B01,2025-08-09,088-xxx-3316
C02586,นภัส,หญิง,25-34,B02,2026-07-22,085-xxx-2435
C02587,เกศ,หญิง,25-34,B04,2025-10-03,083-xxx-6103
C02588,ศิริ,ชาย,35-44,B04,2025-08-17,086-xxx-5769
C02589,ชนา,หญิง,18-24,B05,2026-04-23,087-xxx-4286
C02590,ชนา,หญิง,18-24,B02,2026-04-20,083-xxx-9403
C02591,อรุณ,หญิง,18-24,B03,2026-09-10,089-xxx-2724
C02592,พิม,หญิง,45-54,B01,2026-07-11,088-xxx-9623
C02593,จิรา,ชาย,45-54,B02,2026-07-22,086-xxx-9370
C02594,จิรา,หญิง,25-34,B04,2025-09-26,081-xxx-2164
C02595,ชนา,ชาย,18-24,B05,2026-08-30,081-xxx-4557
C02596,ธีร,ชาย,35-44,B02,2025-05-04,082-xxx-1145
C02597,นภัส,หญิง,35-44,B03,2026-07-27,084-xxx-5750
C02598,ชนา,หญิง,35-44,B01,2026-01-16,083-xxx-4378
C02599,อรุณ,หญิง,35-44,B01,2026-04-16,082-xxx-4994
C02600,ปวีณ,หญิง,35-44,B01,2025-10-23,082-xxx-8373
C02601,รัตนา,หญิง,18-24,B01,2025-10-26,082-xxx-7091
C02602,อรุณ,ชาย,25-34,B01,2026-08-12,087-xxx-5908
C02603,กมล,หญิง,25-34,B02,2025-06-10,085-xxx-7301
C02604,ธีร,ชาย,45-54,B01,2025-04-19,081-xxx-6917
C02605,ทิพย์,ชาย,18-24,B01,2025-05-08,089-xxx-6022
C02606,มานพ,ชาย,25-34,B02,2025-08-13,086-xxx-4839
C02607,จิรา,หญิง,ต่ำกว่า 18,B03,2026-03-15,089-xxx-3285
C02608,จิรา,หญิง,25-34,B02,2025-08-09,082-xxx-9565
C02609,ภัทร,หญิง,25-34,B05,2025-08-05,081-xxx-5694
C02610,ปวีณ,หญิง,25-34,B01,2025-07-08,082-xxx-6456
C02611,พิม,หญิง,55+,B01,2025-08-18,081-xxx-4992
C02612,ภูมิ,หญิง,ต่ำกว่า 18,B04,2026-08-12,089-xxx-1194
C02613,พิม,ไม่ระบุ,25-34,B05,2025-10-23,082-xxx-1094
C02614,ทิพย์,หญิง,45-54,B02,2026-04-17,089-xxx-7349
C02615,สุดา,หญิง,35-44,B02,2025-05-30,085-xxx-6088
C02616,อรุณ,หญิง,25-34,B03,2026-06-20,083-xxx-9241
C02617,ภูมิ,หญิง,35-44,B01,2025-09-02,085-xxx-6221
C02618,ภูมิ,หญิง,35-44,B03,2026-04-03,087-xxx-9355
C02619,จิรา,หญิง,25-34,B05,2026-08-10,088-xxx-9666
C02620,รัตนา,ชาย,18-24,B04,2026-06-06,082-xxx-6119
C02621,ภัทร,หญิง,25-34,B02,2025-06-23,085-xxx-7015
C02622,สมชาย,หญิง,35-44,B01,2026-01-23,087-xxx-7051
C02623,นภัส,หญิง,25-34,B03,2026-02-05,085-xxx-6747
C02624,จิรา,หญิง,45-54,B04,2025-11-25,087-xxx-3992
C02625,ศิริ,หญิง,25-34,B01,2026-08-26,086-xxx-6793
C02626,รัตนา,หญิง,25-34,B04,2026-08-18,089-xxx-3879
C02627,สุดา,หญิง,35-44,B02,2026-08-02,081-xxx-7617
C02628,ปวีณ,หญิง,25-34,B01,2025-07-21,081-xxx-2876
C02629,พิม,หญิง,18-24,B05,2025-11-09,085-xxx-7888
C02630,อัญชลี,หญิง,45-54,B02,2026-06-21,087-xxx-1147
C02631,วีระ,ชาย,18-24,B03,2026-06-23,082-xxx-1250
C02632,วีระ,ไม่ระบุ,35-44,B02,2025-12-29,087-xxx-8214
C02633,ณัฐ,หญิง,55+,B05,2025-05-17,086-xxx-2464
C02634,อรุณ,หญิง,18-24,B04,2025-04-14,087-xxx-2139
C02635,อรุณ,หญิง,18-24,B01,2025-06-28,087-xxx-9492
C02636,ปวีณ,หญิง,55+,B01,2025-06-03,084-xxx-4864
C02637,พิม,ชาย,18-24,B03,2026-08-01,086-xxx-9984
C02638,ศิริ,หญิง,25-34,B04,2025-06-29,081-xxx-4715
C02639,เกศ,หญิง,55+,B04,2026-03-22,087-xxx-1625
C02640,ธีร,ชาย,18-24,B03,2026-03-01,085-xxx-6439
C02641,ทิพย์,ชาย,18-24,B04,2025-06-30,086-xxx-6536
C02642,นภัส,ชาย,18-24,B05,2026-03-07,083-xxx-4885
C02643,ปิยะ,หญิง,18-24,B01,2026-02-11,084-xxx-3771
C02644,ธีร,หญิง,ต่ำกว่า 18,B01,2025-07-26,086-xxx-5217
C02645,วีระ,หญิง,25-34,B05,2026-07-07,084-xxx-1911
C02646,ปวีณ,หญิง,25-34,B04,2025-09-06,088-xxx-9741
C02647,ปวีณ,หญิง,55+,B01,2026-04-18,082-xxx-8482
C02648,จิรา,หญิง,45-54,B04,2025-09-13,089-xxx-9609
C02649,พิม,หญิง,ต่ำกว่า 18,B01,2025-11-25,085-xxx-1106
C02650,วรรณ,ชาย,25-34,B01,2026-05-26,082-xxx-5135
C02651,ปิยะ,ชาย,18-24,B02,2025-04-18,087-xxx-2192
C02652,อรุณ,หญิง,25-34,B02,2025-12-26,082-xxx-4122
C02653,กมล,ชาย,25-34,B05,2026-05-23,085-xxx-7581
C02654,ปวีณ,หญิง,25-34,B01,2025-09-06,081-xxx-6996
C02655,วีระ,หญิง,18-24,B02,2026-02-13,087-xxx-6915
C02656,ชนา,ชาย,55+,B01,2026-03-19,085-xxx-2942
C02657,เกศ,หญิง,25-34,B01,2026-08-09,085-xxx-9097
C02658,มานพ,ชาย,18-24,B01,2025-11-25,087-xxx-3419
C02659,พิม,ชาย,25-34,B01,2025-05-05,089-xxx-7924
C02660,สุดา,หญิง,45-54,B05,2026-07-10,087-xxx-6655
C02661,สมชาย,ชาย,25-34,B02,2025-11-29,084-xxx-1218
C02662,ธนา,หญิง,25-34,B05,2026-07-05,088-xxx-4565
C02663,สมชาย,หญิง,45-54,B02,2026-01-02,089-xxx-7977
C02664,ศิริ,หญิง,18-24,B03,2026-07-19,081-xxx-7677
C02665,รัตนา,ชาย,55+,B02,2025-12-07,086-xxx-1298
C02666,เกศ,หญิง,55+,B05,2025-11-04,083-xxx-4621
C02667,ภัทร,หญิง,18-24,B05,2026-01-28,085-xxx-3399
C02668,สุดา,ชาย,18-24,B01,2026-06-01,087-xxx-6342
C02669,ศิริ,หญิง,25-34,B05,2025-06-05,082-xxx-2321
C02670,ภัทร,หญิง,45-54,B02,2025-11-27,086-xxx-8324
C02671,ปวีณ,หญิง,18-24,B01,2026-04-18,083-xxx-9508
C02672,ณัฐ,ชาย,25-34,B03,2026-08-16,086-xxx-5592
C02673,มานพ,หญิง,55+,B01,2025-07-27,087-xxx-8169
C02674,ภูมิ,ชาย,55+,B01,2026-06-13,085-xxx-5123
C02675,ปวีณ,หญิง,35-44,B01,2026-03-10,087-xxx-8812
C02676,กิตติ,ชาย,25-34,B01,2026-05-14,084-xxx-9784
C02677,นภัส,หญิง,18-24,B01,2025-11-01,085-xxx-5549
C02678,กิตติ,หญิง,55+,B04,2026-02-24,086-xxx-6235
C02679,มานพ,ชาย,25-34,B01,2026-05-25,086-xxx-8250
C02680,วีระ,ชาย,45-54,B04,2025-04-12,083-xxx-2266
C02681,ปิยะ,หญิง,35-44,B01,2025-10-22,084-xxx-1075
C02682,อรุณ,หญิง,25-34,B02,2025-06-10,084-xxx-8820
C02683,มานพ,หญิง,18-24,B02,2026-04-16,086-xxx-9614
C02684,กมล,ชาย,25-34,B05,2026-08-21,082-xxx-5477
C02685,มานพ,หญิง,35-44,B01,2025-07-10,085-xxx-5839
C02686,ทิพย์,ชาย,55+,B05,2026-07-08,083-xxx-3922
C02687,นภัส,ไม่ระบุ,25-34,B05,2025-08-02,083-xxx-7463
C02688,อรุณ,ชาย,45-54,B02,2025-07-04,081-xxx-9181
C02689,ภูมิ,ชาย,18-24,B03,2026-05-10,083-xxx-1901
C02690,กิตติ,หญิง,45-54,B02,2026-05-01,085-xxx-4915
C02691,ศิริ,หญิง,18-24,B02,2025-06-13,089-xxx-3164
C02692,ธีร,หญิง,25-34,B01,2026-03-05,081-xxx-5401
C02693,ณัฐ,หญิง,35-44,B01,2025-11-07,088-xxx-1803
C02694,ทิพย์,ชาย,45-54,B02,2025-12-05,082-xxx-4131
C02695,ธีร,ชาย,18-24,B05,2026-07-05,084-xxx-3117
C02696,เกศ,ชาย,25-34,B01,2025-04-10,085-xxx-4034
C02697,ชนา,ชาย,25-34,B04,2026-05-02,084-xxx-2419
C02698,กิตติ,ชาย,45-54,B01,2025-07-10,084-xxx-8269
C02699,ธนา,หญิง,25-34,B03,2026-08-03,083-xxx-2878
C02700,พิม,หญิง,18-24,B04,2026-08-25,081-xxx-6010
C02701,พิม,ไม่ระบุ,18-24,B04,2025-10-05,082-xxx-3166
C02702,ภูมิ,หญิง,25-34,B02,2026-05-15,084-xxx-8566
C02703,สุดา,หญิง,18-24,B04,2026-06-30,085-xxx-5513
C02704,ภัทร,หญิง,45-54,B02,2025-05-11,085-xxx-5792
C02705,ภูมิ,หญิง,25-34,B04,2026-02-04,087-xxx-5178
C02706,ธีร,หญิง,25-34,B03,2026-02-12,081-xxx-3055
C02707,ณัฐ,ชาย,18-24,B02,2025-10-02,082-xxx-1756
C02708,วีระ,หญิง,45-54,B03,2026-02-21,085-xxx-2300
C02709,ธีร,หญิง,35-44,B05,2025-06-22,084-xxx-9351
C02710,สุดา,หญิง,18-24,B02,2026-04-04,081-xxx-2022
C02711,รัตนา,หญิง,45-54,B02,2025-10-18,081-xxx-4367
C02712,อัญชลี,หญิง,25-34,B02,2026-01-11,089-xxx-3457
C02713,ภูมิ,ชาย,18-24,B01,2026-04-29,085-xxx-4192
C02714,กิตติ,หญิง,18-24,B01,2026-05-29,086-xxx-1050
C02715,เกศ,ชาย,35-44,B01,2025-10-09,083-xxx-1393
C02716,ณัฐ,ชาย,18-24,B04,2026-06-19,082-xxx-8342
C02717,ธนา,ไม่ระบุ,35-44,B02,2025-05-13,088-xxx-8911
C02718,จิรา,หญิง,35-44,B02,2026-07-24,086-xxx-1216
C02719,รัตนา,หญิง,ต่ำกว่า 18,B05,2026-07-06,089-xxx-4381
C02720,ชนา,หญิง,45-54,B02,2025-06-24,083-xxx-1649
C02721,ทิพย์,ชาย,35-44,B05,2025-06-20,089-xxx-1798
C02722,ปิยะ,หญิง,25-34,B02,2026-09-14,081-xxx-5355
C02723,กิตติ,ชาย,35-44,B02,2025-04-03,086-xxx-7952
C02724,กมล,หญิง,25-34,B02,2026-08-29,083-xxx-9174
C02725,ภูมิ,หญิง,25-34,B05,2025-10-13,088-xxx-4799
C02726,อัญชลี,ชาย,18-24,B02,2025-09-04,089-xxx-1825
C02727,กมล,ชาย,25-34,B04,2026-03-27,081-xxx-3739
C02728,ธนา,หญิง,18-24,B01,2025-12-11,085-xxx-9315
C02729,กมล,หญิง,35-44,B01,2025-11-12,088-xxx-1191
C02730,อรุณ,หญิง,18-24,B05,2025-09-16,087-xxx-5752
C02731,วรรณ,หญิง,25-34,B05,2025-04-13,081-xxx-7688
C02732,พิม,หญิง,35-44,B02,2025-12-16,088-xxx-9160
C02733,สุดา,ชาย,45-54,B05,2026-05-20,081-xxx-8294
C02734,ธีร,หญิง,25-34,B03,2026-02-20,083-xxx-6030
C02735,ณัฐ,ชาย,25-34,B05,2025-04-21,081-xxx-4164
C02736,ชนา,หญิง,25-34,B05,2026-03-21,085-xxx-7018
C02737,สมชาย,หญิง,45-54,B05,2026-04-30,085-xxx-5112
C02738,ธนา,หญิง,45-54,B03,2025-11-13,087-xxx-4374
C02739,อัญชลี,หญิง,25-34,B05,2026-03-19,086-xxx-6946
C02740,ทิพย์,หญิง,45-54,B02,2025-11-16,084-xxx-1725
C02741,อรุณ,หญิง,18-24,B05,2025-09-05,084-xxx-7156
C02742,จิรา,ชาย,18-24,B03,2026-04-17,084-xxx-4577
C02743,ปิยะ,ชาย,55+,B05,2025-04-02,087-xxx-2795
C02744,เกศ,หญิง,45-54,B04,2026-01-22,087-xxx-5907
C02745,พิม,หญิง,25-34,B02,2025-11-08,082-xxx-9142
C02746,ภัทร,หญิง,ต่ำกว่า 18,B04,2025-07-21,087-xxx-2441
C02747,กิตติ,ชาย,35-44,B02,2026-04-21,088-xxx-8388
C02748,รัตนา,หญิง,35-44,B01,2026-07-11,082-xxx-4891
C02749,ทิพย์,ชาย,18-24,B05,2026-02-06,083-xxx-7100
C02750,ภัทร,หญิง,18-24,B05,2025-04-06,084-xxx-1761
C02751,ธีร,ชาย,18-24,B01,2025-10-28,086-xxx-8805
C02752,พิม,ชาย,45-54,B01,2026-06-28,081-xxx-2444
C02753,ธนา,ชาย,18-24,B01,2026-01-07,089-xxx-5255
C02754,พิม,หญิง,18-24,B04,2025-04-06,089-xxx-5725
C02755,ณัฐ,หญิง,18-24,B02,2026-01-24,083-xxx-3592
C02756,กมล,หญิง,25-34,B02,2026-08-18,084-xxx-3551
C02757,วีระ,หญิง,25-34,B01,2025-08-30,083-xxx-4251
C02758,ทิพย์,หญิง,25-34,B02,2026-08-24,089-xxx-7069
C02759,กิตติ,หญิง,25-34,B05,2025-09-30,089-xxx-2395
C02760,ทิพย์,หญิง,25-34,B02,2026-02-11,089-xxx-7119
C02761,ภูมิ,ชาย,25-34,B04,2025-09-04,084-xxx-3779
C02762,ชนา,ชาย,25-34,B04,2026-08-07,084-xxx-8224
C02763,ภูมิ,ชาย,25-34,B05,2025-09-18,081-xxx-1330
C02764,นภัส,หญิง,18-24,B01,2025-05-17,082-xxx-4606
C02765,พิม,หญิง,18-24,B01,2026-05-17,089-xxx-6192
C02766,สุดา,ชาย,18-24,B05,2026-05-19,085-xxx-1626
C02767,กมล,หญิง,45-54,B01,2026-04-05,087-xxx-3739
C02768,สุดา,หญิง,55+,B01,2025-12-20,085-xxx-2946
C02769,มานพ,หญิง,18-24,B03,2026-04-26,084-xxx-9767
C02770,สุดา,หญิง,45-54,B03,2026-02-21,085-xxx-8298
C02771,เกศ,ชาย,18-24,B02,2026-09-08,085-xxx-1900
C02772,สมชาย,ไม่ระบุ,18-24,B04,2025-12-05,085-xxx-7975
C02773,วรรณ,หญิง,18-24,B05,2025-12-29,083-xxx-4644
C02774,ภัทร,ชาย,18-24,B01,2025-08-15,082-xxx-8210
C02775,รัตนา,หญิง,18-24,B05,2025-08-05,086-xxx-3257
C02776,รัตนา,ชาย,18-24,B05,2026-03-14,087-xxx-4647
C02777,ศิริ,ชาย,55+,B04,2025-04-07,084-xxx-7882
C02778,พิม,ชาย,45-54,B04,2026-03-23,087-xxx-2634
C02779,ณัฐ,หญิง,35-44,B01,2025-06-28,081-xxx-4980
C02780,สมชาย,หญิง,35-44,B05,2025-06-17,087-xxx-4120
C02781,ปวีณ,ชาย,25-34,B05,2026-07-23,088-xxx-1293
C02782,สุดา,ชาย,18-24,B02,2026-02-19,084-xxx-1214
C02783,ภูมิ,ชาย,25-34,B03,2025-11-26,087-xxx-8614
C02784,วีระ,ชาย,25-34,B05,2026-06-07,085-xxx-6929
C02785,เกศ,หญิง,25-34,B05,2026-03-31,087-xxx-6780
C02786,ณัฐ,หญิง,25-34,B04,2026-02-17,086-xxx-8637
C02787,รัตนา,ไม่ระบุ,25-34,B02,2026-02-21,083-xxx-7899
C02788,ภัทร,หญิง,18-24,B01,2025-04-21,086-xxx-4409
C02789,ปวีณ,หญิง,25-34,B05,2026-07-09,083-xxx-1589
C02790,รัตนา,หญิง,35-44,B02,2025-12-04,082-xxx-7664
C02791,พิม,หญิง,55+,B01,2026-06-28,081-xxx-8137
C02792,อัญชลี,หญิง,45-54,B03,2026-06-15,082-xxx-1601
C02793,รัตนา,ชาย,25-34,B02,2025-05-27,086-xxx-2802
C02794,ปิยะ,ชาย,25-34,B05,2025-06-25,083-xxx-6992
C02795,ภัทร,หญิง,18-24,B01,2026-03-22,083-xxx-4203
C02796,เกศ,หญิง,25-34,B05,2025-11-28,083-xxx-9129
C02797,ณัฐ,ชาย,ต่ำกว่า 18,B05,2025-12-29,086-xxx-1088
C02798,ภูมิ,ชาย,25-34,B02,2026-08-21,085-xxx-3912
C02799,วีระ,หญิง,18-24,B03,2026-01-05,087-xxx-2425
C02800,ภัทร,ชาย,55+,B05,2025-11-21,082-xxx-4582
C02801,กิตติ,ชาย,35-44,B03,2026-08-02,089-xxx-2716
C02802,วรรณ,หญิง,18-24,B02,2026-05-29,082-xxx-1488
C02803,พิม,หญิง,35-44,B03,2026-05-09,085-xxx-2542
C02804,ภูมิ,หญิง,25-34,B05,2026-06-10,082-xxx-1979
C02805,ปวีณ,หญิง,25-34,B01,2025-12-11,084-xxx-7139
C02806,วรรณ,หญิง,35-44,B03,2026-02-16,082-xxx-5240
C02807,มานพ,ชาย,18-24,B05,2026-01-26,084-xxx-3267
C02808,รัตนา,ชาย,18-24,B04,2026-04-28,087-xxx-6674
C02809,วรรณ,ชาย,25-34,B01,2025-08-10,087-xxx-8469
C02810,อรุณ,ชาย,45-54,B01,2025-06-13,087-xxx-1442
C02811,รัตนา,หญิง,18-24,B03,2026-02-27,083-xxx-9413
C02812,นภัส,ชาย,25-34,B03,2026-01-26,087-xxx-1324
C02813,รัตนา,หญิง,18-24,B01,2025-07-24,081-xxx-1110
C02814,วีระ,หญิง,55+,B03,2026-05-24,082-xxx-3534
C02815,จิรา,หญิง,18-24,B02,2026-03-27,083-xxx-1568
C02816,วีระ,หญิง,35-44,B02,2025-06-23,089-xxx-1257
C02817,กิตติ,ชาย,25-34,B01,2025-10-13,084-xxx-1177
C02818,กมล,หญิง,18-24,B04,2026-08-29,084-xxx-8616
C02819,ธีร,หญิง,45-54,B01,2026-02-19,085-xxx-4115
C02820,ปิยะ,หญิง,18-24,B04,2026-08-16,089-xxx-7123
C02821,กิตติ,ชาย,18-24,B01,2026-07-21,083-xxx-4820
C02822,ภูมิ,หญิง,25-34,B01,2025-07-25,086-xxx-3484
C02823,ศิริ,ชาย,18-24,B05,2025-10-14,086-xxx-5278
C02824,ชนา,ชาย,35-44,B04,2026-01-03,083-xxx-9541
C02825,จิรา,หญิง,45-54,B03,2026-03-10,089-xxx-3337
C02826,ภูมิ,ชาย,18-24,B03,2026-05-01,088-xxx-3301
C02827,ชนา,หญิง,35-44,B02,2025-10-03,081-xxx-4146
C02828,เกศ,ชาย,25-34,B02,2026-05-29,088-xxx-6153
C02829,ปิยะ,หญิง,18-24,B04,2025-09-22,087-xxx-7067
C02830,ธนา,หญิง,25-34,B02,2025-08-14,081-xxx-8253
C02831,กิตติ,หญิง,25-34,B03,2025-12-16,086-xxx-6145
C02832,วีระ,หญิง,18-24,B04,2026-08-19,084-xxx-7961
C02833,ชนา,ไม่ระบุ,18-24,B02,2026-03-26,086-xxx-7143
C02834,ภัทร,ชาย,25-34,B04,2025-06-05,086-xxx-9435
C02835,ปิยะ,ชาย,45-54,B02,2026-06-03,083-xxx-6615
C02836,ณัฐ,หญิง,25-34,B01,2026-05-27,083-xxx-6073
C02837,เกศ,ชาย,18-24,B01,2025-10-01,088-xxx-4914
C02838,นภัส,หญิง,25-34,B05,2025-08-20,088-xxx-2026
C02839,สุดา,หญิง,55+,B02,2026-06-05,086-xxx-1790
C02840,สุดา,ไม่ระบุ,55+,B03,2026-08-10,084-xxx-1253
C02841,ปิยะ,ชาย,45-54,B05,2026-02-25,087-xxx-5999
C02842,สุดา,หญิง,18-24,B05,2025-07-01,085-xxx-1908
C02843,ธีร,หญิง,25-34,B05,2026-05-20,081-xxx-5843
C02844,เกศ,หญิง,25-34,B02,2025-12-06,082-xxx-6358
C02845,ศิริ,ชาย,18-24,B04,2026-06-29,082-xxx-9442
C02846,กิตติ,หญิง,18-24,B04,2025-06-12,081-xxx-1373
C02847,ปวีณ,ชาย,25-34,B04,2026-04-06,081-xxx-3788
C02848,อัญชลี,ชาย,18-24,B02,2026-04-01,081-xxx-1155
C02849,ชนา,ชาย,45-54,B04,2026-08-24,085-xxx-5194
C02850,กิตติ,หญิง,25-34,B02,2025-11-01,084-xxx-7453
C02851,ธีร,หญิง,18-24,B03,2026-09-13,082-xxx-9519
C02852,พิม,หญิง,25-34,B04,2026-07-08,081-xxx-4317
C02853,ปิยะ,หญิง,35-44,B03,2026-01-11,082-xxx-3762
C02854,ธีร,หญิง,18-24,B05,2026-08-26,084-xxx-4182
C02855,ทิพย์,ชาย,18-24,B02,2026-01-29,081-xxx-2526
C02856,อรุณ,หญิง,25-34,B03,2026-07-30,087-xxx-2200
C02857,ชนา,หญิง,18-24,B02,2025-09-03,082-xxx-2647
C02858,ธนา,ชาย,ต่ำกว่า 18,B05,2025-08-30,083-xxx-1909
C02859,รัตนา,หญิง,55+,B01,2026-03-23,083-xxx-1203
C02860,สุดา,ไม่ระบุ,35-44,B02,2026-05-21,087-xxx-7116
C02861,นภัส,หญิง,45-54,B04,2026-07-19,086-xxx-2662
C02862,พิม,หญิง,35-44,B05,2025-12-24,089-xxx-2726
C02863,อรุณ,หญิง,18-24,B05,2025-12-22,085-xxx-7361
C02864,สุดา,ชาย,35-44,B01,2025-10-26,088-xxx-9206
C02865,มานพ,ชาย,25-34,B04,2025-09-10,084-xxx-1772
C02866,สุดา,หญิง,18-24,B01,2025-10-20,082-xxx-9902
C02867,ธนา,ชาย,25-34,B04,2025-04-04,083-xxx-7213
C02868,ธีร,หญิง,25-34,B03,2026-02-19,088-xxx-5772
C02869,วีระ,หญิง,55+,B04,2026-06-01,084-xxx-6498
C02870,ทิพย์,หญิง,45-54,B01,2025-07-17,083-xxx-8219
C02871,ภูมิ,หญิง,18-24,B02,2026-05-08,082-xxx-8112
C02872,ปวีณ,หญิง,ต่ำกว่า 18,B04,2025-09-12,084-xxx-3940
C02873,ธีร,หญิง,25-34,B01,2026-02-02,081-xxx-2731
C02874,รัตนา,ชาย,ต่ำกว่า 18,B05,2026-05-29,087-xxx-1356
C02875,นภัส,หญิง,45-54,B02,2026-01-14,089-xxx-8904
C02876,รัตนา,หญิง,55+,B05,2025-04-07,085-xxx-9986
C02877,ภัทร,หญิง,25-34,B05,2025-05-22,081-xxx-9540
C02878,อัญชลี,ไม่ระบุ,18-24,B04,2026-06-27,088-xxx-6423
C02879,สมชาย,หญิง,35-44,B01,2025-07-18,087-xxx-6108
C02880,กมล,หญิง,45-54,B02,2026-07-04,081-xxx-6268
C02881,รัตนา,หญิง,25-34,B04,2026-04-13,086-xxx-5110
C02882,ภูมิ,ชาย,35-44,B01,2026-07-30,088-xxx-6415
C02883,สมชาย,หญิง,35-44,B05,2026-02-12,083-xxx-5541
C02884,อรุณ,ชาย,18-24,B05,2025-04-02,081-xxx-1665
C02885,วรรณ,ชาย,25-34,B01,2026-07-30,086-xxx-4289
C02886,พิม,หญิง,25-34,B04,2026-09-09,086-xxx-1553
C02887,จิรา,ชาย,55+,B05,2026-09-12,085-xxx-8887
C02888,ภัทร,ชาย,35-44,B01,2025-12-10,087-xxx-1944
C02889,พิม,หญิง,18-24,B02,2025-10-03,082-xxx-6932
C02890,ชนา,หญิง,25-34,B04,2026-07-01,086-xxx-7249
C02891,วรรณ,หญิง,25-34,B04,2025-05-27,083-xxx-1715
C02892,ทิพย์,หญิง,55+,B04,2026-03-12,089-xxx-7647
C02893,ธนา,ชาย,35-44,B02,2026-03-29,086-xxx-2677
C02894,มานพ,ไม่ระบุ,45-54,B02,2025-07-13,081-xxx-5662
C02895,ชนา,หญิง,18-24,B05,2026-08-24,085-xxx-8531
C02896,จิรา,ชาย,25-34,B01,2025-05-06,081-xxx-8619
C02897,จิรา,หญิง,35-44,B03,2026-03-25,082-xxx-8678
C02898,จิรา,ชาย,18-24,B03,2026-05-01,083-xxx-1114
C02899,นภัส,หญิง,55+,B04,2026-05-12,085-xxx-3172
C02900,อรุณ,หญิง,18-24,B05,2025-04-11,084-xxx-6220
C02901,สมชาย,ไม่ระบุ,45-54,B04,2026-03-29,082-xxx-5031
C02902,อัญชลี,หญิง,35-44,B05,2026-07-15,087-xxx-9592
C02903,ปิยะ,ชาย,55+,B04,2026-03-02,083-xxx-8210
C02904,รัตนา,หญิง,35-44,B02,2026-01-27,084-xxx-6971
C02905,นภัส,ชาย,35-44,B01,2025-10-21,088-xxx-5469
C02906,รัตนา,หญิง,25-34,B05,2026-07-18,089-xxx-4645
C02907,วีระ,หญิง,18-24,B04,2025-06-05,085-xxx-4273
C02908,พิม,หญิง,18-24,B01,2026-05-12,087-xxx-6052
C02909,อัญชลี,ชาย,25-34,B02,2026-08-21,081-xxx-4107
C02910,ธนา,หญิง,25-34,B05,2026-07-14,081-xxx-9893
C02911,ภูมิ,หญิง,25-34,B03,2026-01-26,089-xxx-9667
C02912,เกศ,ชาย,25-34,B02,2026-03-25,087-xxx-5526
C02913,ทิพย์,ชาย,25-34,B05,2025-07-08,082-xxx-1307
C02914,ชนา,หญิง,18-24,B01,2026-07-01,083-xxx-5214
C02915,พิม,ชาย,35-44,B02,2026-03-05,082-xxx-4896
C02916,ปิยะ,หญิง,18-24,B01,2025-07-01,083-xxx-2823
C02917,ธีร,ชาย,25-34,B02,2025-06-04,088-xxx-9453
C02918,พิม,ชาย,35-44,B05,2026-01-07,089-xxx-3438
C02919,วรรณ,หญิง,18-24,B04,2026-01-29,086-xxx-9485
C02920,รัตนา,หญิง,45-54,B05,2025-06-26,084-xxx-7612
C02921,รัตนา,หญิง,55+,B01,2026-06-16,081-xxx-2187
C02922,ชนา,หญิง,25-34,B02,2025-04-30,085-xxx-4782
C02923,ณัฐ,ชาย,25-34,B01,2025-05-08,089-xxx-4583
C02924,ธีร,ชาย,25-34,B01,2025-05-07,084-xxx-4916
C02925,ภัทร,หญิง,ต่ำกว่า 18,B02,2025-12-31,088-xxx-9575
C02926,รัตนา,ชาย,25-34,B01,2025-10-16,088-xxx-5089
C02927,กิตติ,ชาย,ต่ำกว่า 18,B01,2025-08-25,084-xxx-9270
C02928,ธีร,หญิง,55+,B03,2026-06-06,088-xxx-1649
C02929,วรรณ,หญิง,18-24,B02,2026-05-07,081-xxx-7545
C02930,กมล,หญิง,35-44,B04,2025-11-01,088-xxx-3408
C02931,ชนา,ชาย,ต่ำกว่า 18,B02,2025-10-08,083-xxx-8706
C02932,อรุณ,หญิง,45-54,B02,2025-09-25,081-xxx-2002
C02933,วีระ,ชาย,ต่ำกว่า 18,B04,2026-03-05,086-xxx-6611
C02934,สมชาย,หญิง,25-34,B05,2026-07-25,085-xxx-8684
C02935,สุดา,หญิง,18-24,B04,2025-12-31,081-xxx-1670
C02936,ชนา,ไม่ระบุ,25-34,B05,2026-04-04,081-xxx-4415
C02937,เกศ,ชาย,35-44,B04,2026-02-23,085-xxx-8246
C02938,นภัส,หญิง,18-24,B03,2025-12-05,086-xxx-8017
C02939,กมล,หญิง,18-24,B02,2025-09-10,087-xxx-5766
C02940,ปิยะ,ชาย,25-34,B02,2025-11-12,086-xxx-2850
C02941,ณัฐ,ชาย,35-44,B02,2026-08-28,083-xxx-8225
C02942,เกศ,ชาย,35-44,B01,2026-02-19,085-xxx-5599
C02943,จิรา,ชาย,35-44,B03,2026-05-18,084-xxx-4839
C02944,สุดา,หญิง,35-44,B01,2026-05-14,089-xxx-6741
C02945,นภัส,หญิง,45-54,B02,2025-09-30,083-xxx-7200
C02946,จิรา,หญิง,25-34,B01,2025-10-17,085-xxx-6923
C02947,อัญชลี,หญิง,25-34,B01,2025-12-13,085-xxx-3074
C02948,กมล,หญิง,35-44,B01,2026-02-07,085-xxx-9615
C02949,มานพ,ชาย,25-34,B05,2026-01-29,088-xxx-5743
C02950,ศิริ,ไม่ระบุ,25-34,B01,2026-02-12,087-xxx-3019
C02951,ทิพย์,ชาย,25-34,B05,2025-06-30,082-xxx-7534
C02952,ชนา,หญิง,ต่ำกว่า 18,B05,2026-06-09,086-xxx-3211
C02953,ทิพย์,ชาย,45-54,B02,2026-02-08,085-xxx-8531
C02954,นภัส,หญิง,25-34,B02,2025-06-22,086-xxx-1535
C02955,นภัส,ชาย,18-24,B03,2026-05-04,089-xxx-7335
C02956,ภูมิ,หญิง,45-54,B01,2025-07-19,089-xxx-2506
C02957,พิม,หญิง,35-44,B03,2026-01-03,083-xxx-4143
C02958,ปวีณ,หญิง,55+,B05,2025-04-18,082-xxx-5185
C02959,ศิริ,หญิง,18-24,B02,2025-11-25,084-xxx-1130
C02960,ธนา,ชาย,25-34,B05,2026-01-19,088-xxx-7854
C02961,ปวีณ,ชาย,18-24,B02,2026-01-22,083-xxx-9441
C02962,ปิยะ,หญิง,25-34,B05,2025-08-13,084-xxx-4895
C02963,ชนา,หญิง,18-24,B04,2026-04-25,088-xxx-7141
C02964,อัญชลี,ชาย,18-24,B05,2026-02-25,088-xxx-6591
C02965,กิตติ,ชาย,25-34,B01,2026-06-25,086-xxx-9815
C02966,ศิริ,ชาย,18-24,B03,2026-08-15,088-xxx-4808
C02967,สมชาย,ชาย,25-34,B03,2026-06-18,086-xxx-6398
C02968,กิตติ,ชาย,25-34,B05,2025-08-09,087-xxx-7059
C02969,อัญชลี,ชาย,55+,B05,2025-12-07,087-xxx-3879
C02970,ธนา,หญิง,25-34,B04,2026-08-23,088-xxx-6285
C02971,ปวีณ,ไม่ระบุ,18-24,B05,2025-05-22,086-xxx-3546
C02972,สมชาย,หญิง,18-24,B05,2026-02-23,085-xxx-8364
C02973,สุดา,หญิง,35-44,B01,2025-09-15,082-xxx-4444
C02974,รัตนา,ชาย,35-44,B05,2026-04-30,081-xxx-9545
C02975,จิรา,ชาย,25-34,B01,2026-03-09,085-xxx-1088
C02976,ภัทร,ชาย,35-44,B02,2025-08-20,084-xxx-6408
C02977,สมชาย,ชาย,25-34,B04,2026-08-19,087-xxx-6186
C02978,จิรา,หญิง,55+,B04,2026-05-22,086-xxx-8060
C02979,อัญชลี,ชาย,55+,B05,2025-08-25,081-xxx-2533
C02980,พิม,ชาย,45-54,B05,2025-04-04,086-xxx-7735
C02981,มานพ,หญิง,25-34,B05,2025-07-31,083-xxx-1137
C02982,นภัส,ชาย,18-24,B03,2026-08-12,088-xxx-6520
C02983,ปิยะ,หญิง,25-34,B04,2025-11-16,083-xxx-7897
C02984,ปิยะ,หญิง,35-44,B05,2026-05-17,085-xxx-1763
C02985,มานพ,หญิง,25-34,B02,2026-05-06,088-xxx-3731
C02986,ปิยะ,หญิง,35-44,B01,2025-08-14,083-xxx-9417
C02987,ชนา,หญิง,18-24,B02,2025-08-20,088-xxx-8346
C02988,วีระ,หญิง,25-34,B04,2026-05-13,084-xxx-7721
C02989,วีระ,ชาย,ต่ำกว่า 18,B01,2026-05-03,085-xxx-9841
C02990,วีระ,หญิง,25-34,B04,2026-09-14,088-xxx-3366
C02991,นภัส,หญิง,18-24,B02,2026-07-27,089-xxx-4510
C02992,สมชาย,หญิง,18-24,B05,2026-04-30,084-xxx-1665
C02993,กมล,ชาย,35-44,B02,2025-11-09,088-xxx-1093
C02994,มานพ,ชาย,35-44,B01,2025-04-25,084-xxx-7939
C02995,ภัทร,หญิง,35-44,B01,2025-04-06,087-xxx-4141
C02996,จิรา,ชาย,25-34,B04,2025-12-09,087-xxx-8495
C02997,อัญชลี,ชาย,25-34,B01,2026-05-12,087-xxx-5634
C02998,รัตนา,ชาย,ต่ำกว่า 18,B02,2026-09-11,086-xxx-6196
C02999,สุดา,หญิง,18-24,B01,2025-09-16,083-xxx-9584
C03000,กิตติ,ชาย,55+,B05,2026-06-07,088-xxx-8983
